{
"type": "FeatureCollection",
"name": "c5_fingerprint_mappe_23_25",
"crs": { "type": "name", "properties": { "name": "urn:ogc:def:crs:OGC:1.3:CRS84" } },
"features": [
{ "type": "Feature", "properties": { "MapCommunity": "C5", "CITY": "Bologna", "COM_ASC2": "37006001", "DEN_ASC2": "Barca", "is_member": 0, "is_incoming": 0, "CommunityInitial": "C5", "CommunityPrev": "C3", "CommunityFinal": "C3", "Transition": "stabile" }, "geometry": { "type": "Polygon", "coordinates": [ [ [ 11.303360763276093, 44.501291798807443 ], [ 11.303645834264445, 44.501175117567044 ], [ 11.303746633635292, 44.501242221416909 ], [ 11.303838621334027, 44.501297442254213 ], [ 11.303959422520322, 44.501346047058469 ], [ 11.30408702341796, 44.501366159064588 ], [ 11.305200533727197, 44.501454742719467 ], [ 11.305285175974239, 44.501432633616226 ], [ 11.305382018957618, 44.501410278055388 ], [ 11.305458171907173, 44.501379598760835 ], [ 11.30575280696875, 44.501183974436316 ], [ 11.305808660829436, 44.50114688816025 ], [ 11.305884788458512, 44.501089553352053 ], [ 11.306233097163327, 44.500820851750518 ], [ 11.306297417096332, 44.500442364879085 ], [ 11.306318916916393, 44.500183855321318 ], [ 11.306286622657582, 44.500068231327859 ], [ 11.306202409938242, 44.499942312954865 ], [ 11.306136255428568, 44.499872745976454 ], [ 11.306402362655621, 44.499760267026083 ], [ 11.306735437909332, 44.499644791280659 ], [ 11.306884610080875, 44.499593077397293 ], [ 11.307706824919586, 44.499369454409845 ], [ 11.308827145379245, 44.49906106991746 ], [ 11.309593052178695, 44.498856065074982 ], [ 11.309781293578451, 44.498808422839062 ], [ 11.310823167122013, 44.49852260899533 ], [ 11.311827356007724, 44.498248288890892 ], [ 11.311673329893329, 44.498034346777608 ], [ 11.311267915917339, 44.49689968672412 ], [ 11.310924003347596, 44.495981352738816 ], [ 11.310898684293855, 44.495931704676053 ], [ 11.310846780716055, 44.495899310763242 ], [ 11.310705060261569, 44.495860372410291 ], [ 11.310657383063367, 44.495836256264269 ], [ 11.310612939063244, 44.495795347849445 ], [ 11.310584164221588, 44.495756912165064 ], [ 11.310577847607171, 44.495695725200136 ], [ 11.310586662473176, 44.495623085860636 ], [ 11.31043349258222, 44.495600685297696 ], [ 11.309884319882132, 44.495490901341917 ], [ 11.309233045523099, 44.495353505853181 ], [ 11.308951814828621, 44.49529774641578 ], [ 11.308653720850057, 44.495156194166853 ], [ 11.30788400309846, 44.494789074341462 ], [ 11.307527263287344, 44.494595106949951 ], [ 11.307190593355598, 44.49444127866564 ], [ 11.306855489605669, 44.494327143457596 ], [ 11.306248315449986, 44.494106233739423 ], [ 11.305749794439809, 44.493927833983598 ], [ 11.304463397475542, 44.493468160506474 ], [ 11.303443974183939, 44.493090608066012 ], [ 11.301807413761432, 44.492504358549425 ], [ 11.302249189712086, 44.492363172975146 ], [ 11.302171736364913, 44.492163060722547 ], [ 11.30185684012852, 44.491323659463241 ], [ 11.301808152625917, 44.491171796958398 ], [ 11.301760117390124, 44.491036215072164 ], [ 11.301674025383962, 44.49091493138792 ], [ 11.301574175029835, 44.490820599714581 ], [ 11.301192410188113, 44.490533408891487 ], [ 11.300753854380796, 44.490203986875386 ], [ 11.300353205678258, 44.489909550404199 ], [ 11.300310612609191, 44.4898853445589 ], [ 11.299767782769553, 44.489576954101281 ], [ 11.299500096117791, 44.489443897414766 ], [ 11.299303686329807, 44.489346379045422 ], [ 11.299027793587339, 44.489217461174796 ], [ 11.298914648504667, 44.489163196269665 ], [ 11.298556998328213, 44.489028393008105 ], [ 11.29805303097184, 44.488852707742332 ], [ 11.297885863198477, 44.488793704635079 ], [ 11.297378538773559, 44.488613485427457 ], [ 11.297067926734316, 44.488511210597203 ], [ 11.296656598774652, 44.488367810861249 ], [ 11.295911346568484, 44.488122630275463 ], [ 11.295674994079615, 44.488043894338674 ], [ 11.295015178767539, 44.487806696323759 ], [ 11.295003876066568, 44.487859254761339 ], [ 11.294994610223473, 44.487903338613975 ], [ 11.29493467389983, 44.488238758726759 ], [ 11.29484352819969, 44.488680593913415 ], [ 11.294833141907754, 44.48873177091204 ], [ 11.294823735856529, 44.488777191748831 ], [ 11.294811839541397, 44.488834823353621 ], [ 11.294714730259214, 44.489324601877712 ], [ 11.294659956077167, 44.489611539857457 ], [ 11.294604283876302, 44.489809073060087 ], [ 11.293933774391423, 44.489673964406194 ], [ 11.293646200527911, 44.489616725452457 ], [ 11.293300091367039, 44.489549968421848 ], [ 11.292920319981071, 44.489469974761406 ], [ 11.292688607673306, 44.489421617742721 ], [ 11.292538449736687, 44.489390279458767 ], [ 11.292261753429504, 44.489329443487655 ], [ 11.292139789203651, 44.489300237524908 ], [ 11.291957069558249, 44.489256783888301 ], [ 11.291546199786168, 44.489162072286135 ], [ 11.291193404642359, 44.489085318743442 ], [ 11.290831354437188, 44.489012682167868 ], [ 11.290520671016875, 44.488956363601929 ], [ 11.290456924455636, 44.488944819337576 ], [ 11.290283507313962, 44.48891051746412 ], [ 11.290197059561468, 44.488899432097973 ], [ 11.290060847442646, 44.488866126381282 ], [ 11.28975054744652, 44.488790198466141 ], [ 11.289461968674438, 44.488727343378869 ], [ 11.289261304048216, 44.488681291555665 ], [ 11.289215638960869, 44.488664667534501 ], [ 11.289104497396879, 44.488623932225963 ], [ 11.288938198771866, 44.488560024556747 ], [ 11.288816351070231, 44.488499449443339 ], [ 11.288715634129614, 44.488436201704431 ], [ 11.288620921619342, 44.488366082450057 ], [ 11.288508760287614, 44.488271544963602 ], [ 11.288351950722705, 44.48810083562482 ], [ 11.288245330176997, 44.487987618944395 ], [ 11.288192063914135, 44.487958849323022 ], [ 11.288144110752498, 44.488012153412576 ], [ 11.288227887161705, 44.488164644598143 ], [ 11.288146600390304, 44.488156149603682 ], [ 11.28786054653151, 44.488177632913057 ], [ 11.287524307962377, 44.488222072175049 ], [ 11.28742382270948, 44.488245459665194 ], [ 11.287189559699122, 44.488264788098043 ], [ 11.28689222626946, 44.488279186659348 ], [ 11.286736394249839, 44.488294125124433 ], [ 11.28652970482973, 44.488315140605579 ], [ 11.286153708051778, 44.48834798818794 ], [ 11.286069192460378, 44.488357565174105 ], [ 11.28601177538596, 44.488341858505919 ], [ 11.285972725500399, 44.48832292118454 ], [ 11.285852463363197, 44.488181851315275 ], [ 11.285827616287348, 44.488211552376605 ], [ 11.285807727502879, 44.488235318665936 ], [ 11.284661725735178, 44.48959263748457 ], [ 11.284482794349268, 44.489619851972456 ], [ 11.284361299206179, 44.489628466220658 ], [ 11.284259122573387, 44.489628828212247 ], [ 11.283595171748642, 44.489632772490502 ], [ 11.283463103072572, 44.489654878826535 ], [ 11.283298918968297, 44.489697545614099 ], [ 11.282993678456393, 44.489811688805744 ], [ 11.282965659158929, 44.489769026778887 ], [ 11.282769723101776, 44.489470692697473 ], [ 11.282678510663683, 44.489390735206101 ], [ 11.282457199637305, 44.489196739434213 ], [ 11.282347095626616, 44.489134797281295 ], [ 11.282225581857514, 44.489065875644407 ], [ 11.281918303482664, 44.488892920615214 ], [ 11.281753164418856, 44.488800072840107 ], [ 11.281494440780341, 44.488655582847578 ], [ 11.28142749607256, 44.488708058218549 ], [ 11.281129105190093, 44.488941956161852 ], [ 11.281026319606546, 44.4890205564095 ], [ 11.280932226813729, 44.489093324743543 ], [ 11.280231714362527, 44.489633405908172 ], [ 11.279047817921686, 44.490578115840698 ], [ 11.278780125536908, 44.490798866701631 ], [ 11.278573738435494, 44.490969062666586 ], [ 11.2784166518852, 44.491210558845616 ], [ 11.278236036173967, 44.491522473645411 ], [ 11.278153531309549, 44.491661130671389 ], [ 11.27685641619612, 44.492783968785361 ], [ 11.276347699047889, 44.493214296544004 ], [ 11.276330428056717, 44.493341205701221 ], [ 11.27620368078717, 44.494276849997107 ], [ 11.276068462463853, 44.495274021883553 ], [ 11.276058916982629, 44.495344341486735 ], [ 11.27597722332062, 44.495946428663395 ], [ 11.275951573578991, 44.496135605529304 ], [ 11.276151312762186, 44.49647147272691 ], [ 11.276291703166676, 44.496712946095435 ], [ 11.27631804194219, 44.496757934388441 ], [ 11.276720119936996, 44.497409441316691 ], [ 11.276805505304866, 44.497498493473906 ], [ 11.276947454152156, 44.49764653396204 ], [ 11.277023763821022, 44.497700377800122 ], [ 11.277206062273381, 44.497778934182541 ], [ 11.277436999886337, 44.497881960342355 ], [ 11.277550269842367, 44.49793249262094 ], [ 11.278020924457206, 44.498119176160735 ], [ 11.278166755023364, 44.498172303500453 ], [ 11.279044683711707, 44.498492038306175 ], [ 11.279926443535324, 44.498828003401954 ], [ 11.280162486497481, 44.498944533065639 ], [ 11.280485940802658, 44.499104167856629 ], [ 11.280903544166303, 44.499311948891219 ], [ 11.28135875694038, 44.499536880231922 ], [ 11.281642496462354, 44.499688286604794 ], [ 11.282222339741985, 44.499995285607035 ], [ 11.282666280983749, 44.500212191571073 ], [ 11.283198169419082, 44.500471360370604 ], [ 11.283616640691804, 44.500664015821762 ], [ 11.283861082277964, 44.500774357853267 ], [ 11.284087893729327, 44.500864886324464 ], [ 11.284456458569077, 44.501009924168308 ], [ 11.284742848098235, 44.501128156452538 ], [ 11.284981009755848, 44.5012290790226 ], [ 11.285103916478837, 44.501277729188828 ], [ 11.285238719516041, 44.501352483532258 ], [ 11.285322131295084, 44.501396541440194 ], [ 11.285378013504321, 44.501427395378819 ], [ 11.285473092110523, 44.501480129464028 ], [ 11.285697040257098, 44.501609225991196 ], [ 11.285834654260851, 44.501724374642698 ], [ 11.286167070558506, 44.501999591473854 ], [ 11.286530700605415, 44.502299386646271 ], [ 11.286585205455134, 44.502344324205787 ], [ 11.287118344556022, 44.502786138918552 ], [ 11.287219738240855, 44.502870326061746 ], [ 11.287571592294572, 44.503163239971599 ], [ 11.287929662849162, 44.503463769506624 ], [ 11.288065163708358, 44.503573585040947 ], [ 11.288245160537114, 44.503717797713087 ], [ 11.288513163407201, 44.50395249437517 ], [ 11.288654038869462, 44.504075088644775 ], [ 11.288695977653067, 44.504111162000378 ], [ 11.288998697499148, 44.504366378740201 ], [ 11.289355604413066, 44.504667264662551 ], [ 11.289792960866347, 44.505032777646804 ], [ 11.28991858164002, 44.505136373890721 ], [ 11.290526359762831, 44.504961950479007 ], [ 11.291005217954748, 44.504821757062004 ], [ 11.291233762376606, 44.504754715678978 ], [ 11.291382393243113, 44.50470991993042 ], [ 11.291575353699596, 44.504650904005025 ], [ 11.292632290247353, 44.504336510451367 ], [ 11.293150333143942, 44.504180898167498 ], [ 11.293429115197942, 44.504099217801709 ], [ 11.294362594461182, 44.503816524301385 ], [ 11.294716628832276, 44.503710667912536 ], [ 11.295047987390955, 44.503612377448825 ], [ 11.295764817897437, 44.50339720616828 ], [ 11.296286877493968, 44.50324057698262 ], [ 11.297785641961152, 44.502795564787363 ], [ 11.298137252357074, 44.502698120761451 ], [ 11.298349540975682, 44.502636661571593 ], [ 11.298776882644484, 44.502518947444827 ], [ 11.299535547547894, 44.502314685383517 ], [ 11.299835436598276, 44.502233942462674 ], [ 11.300693277005729, 44.502014802725945 ], [ 11.302212623756397, 44.501627095151854 ], [ 11.303052924618372, 44.501410756288088 ], [ 11.303208250488979, 44.501354887215946 ], [ 11.303360763276093, 44.501291798807443 ] ] ] } },
{ "type": "Feature", "properties": { "MapCommunity": "C5", "CITY": "Bologna", "COM_ASC2": "37006002", "DEN_ASC2": "Bolognina", "is_member": 0, "is_incoming": 0, "CommunityInitial": "C5", "CommunityPrev": "C3", "CommunityFinal": "C3", "Transition": "stabile" }, "geometry": { "type": "Polygon", "coordinates": [ [ [ 11.353727604526357, 44.504219523832482 ], [ 11.353666908133647, 44.504082958572887 ], [ 11.353580866484206, 44.504115254013954 ], [ 11.353277303095727, 44.504235890091813 ], [ 11.353041108456766, 44.504324661199306 ], [ 11.352886011229327, 44.504381154247497 ], [ 11.352657344505813, 44.504456986645785 ], [ 11.352486949648117, 44.504511542887151 ], [ 11.352309734535538, 44.504562367411459 ], [ 11.352155489779275, 44.504604750175488 ], [ 11.351962230713458, 44.504657847504234 ], [ 11.351669848275327, 44.504735260756895 ], [ 11.351476550047156, 44.504774082693764 ], [ 11.351315825133803, 44.504803319018031 ], [ 11.351169780151622, 44.504828475280071 ], [ 11.3510108354988, 44.50485506556214 ], [ 11.350828353294384, 44.504881329219174 ], [ 11.350607530999891, 44.50491240172876 ], [ 11.350417991592058, 44.504940553847028 ], [ 11.35017943806707, 44.504970762663817 ], [ 11.350144176642781, 44.504975234590752 ], [ 11.349480395833986, 44.505115148628008 ], [ 11.349002110011037, 44.505212136528783 ], [ 11.348285262129755, 44.505351749198212 ], [ 11.348023693440494, 44.505400063891216 ], [ 11.347746687595924, 44.505451232400546 ], [ 11.347380414978876, 44.505515210940025 ], [ 11.347292684581165, 44.505529616745527 ], [ 11.34693226980767, 44.505589153959328 ], [ 11.346606564928477, 44.50564527304681 ], [ 11.346244959716794, 44.505703300322295 ], [ 11.345958987160365, 44.50574959834438 ], [ 11.345887531698605, 44.505762050839365 ], [ 11.345731422840361, 44.505790526342118 ], [ 11.345572268563776, 44.505808946219723 ], [ 11.345429852577746, 44.505833747784614 ], [ 11.345324116350907, 44.505841591850903 ], [ 11.345126474814334, 44.505860146450985 ], [ 11.34486940025578, 44.505886673492263 ], [ 11.3445057497358, 44.505934654388561 ], [ 11.343370325067157, 44.506086344138474 ], [ 11.341833609349196, 44.506291809612613 ], [ 11.340453157437958, 44.506472983736955 ], [ 11.33981822620599, 44.506558380454337 ], [ 11.338738144681011, 44.506703042521728 ], [ 11.338288797868355, 44.506763202260039 ], [ 11.33804668255863, 44.506795979373209 ], [ 11.337823038641435, 44.506825046735145 ], [ 11.337679570980484, 44.50684256897793 ], [ 11.336702512066429, 44.506947466738929 ], [ 11.335391930818329, 44.507105454039959 ], [ 11.334983006379048, 44.507149917730445 ], [ 11.334751424827939, 44.507170408939011 ], [ 11.334194216208992, 44.507229519437573 ], [ 11.333553962238927, 44.507300855181668 ], [ 11.333191241647489, 44.507344189676552 ], [ 11.332698198921239, 44.507409900015872 ], [ 11.332496589997763, 44.507836208611387 ], [ 11.332465259174883, 44.507894620969068 ], [ 11.33236125579355, 44.507997553146772 ], [ 11.332245186856893, 44.508126518692684 ], [ 11.332148944205287, 44.508259768507919 ], [ 11.332088242869588, 44.508380570814666 ], [ 11.332070366859258, 44.508472328272816 ], [ 11.332072898005732, 44.508570775452071 ], [ 11.332063542819668, 44.508664740911378 ], [ 11.332083578865422, 44.50873273039285 ], [ 11.332108527328685, 44.50880682768166 ], [ 11.332159778153894, 44.508859699710648 ], [ 11.332261990849595, 44.509203600794478 ], [ 11.332266905002355, 44.509267642778092 ], [ 11.332272537531866, 44.509329982102578 ], [ 11.332255364972443, 44.509431611822741 ], [ 11.33219977936635, 44.509514733840071 ], [ 11.332096504387083, 44.509608191876907 ], [ 11.331960481777241, 44.509727841075737 ], [ 11.331741761288923, 44.509892164808278 ], [ 11.331539387978721, 44.51004272330762 ], [ 11.331375280404231, 44.510211304502199 ], [ 11.331235983751581, 44.510390126934738 ], [ 11.331150690481865, 44.510512389693289 ], [ 11.331090626827782, 44.510605343380632 ], [ 11.331083761718158, 44.510715638049881 ], [ 11.331020086449536, 44.510813657370782 ], [ 11.330871728559636, 44.510936282215987 ], [ 11.330796645111715, 44.511000915174336 ], [ 11.330746636866108, 44.511065071218496 ], [ 11.330706003273905, 44.511223073016822 ], [ 11.330707288027858, 44.511302302656304 ], [ 11.33081655655584, 44.511500229230805 ], [ 11.330910127265536, 44.511633996271883 ], [ 11.331019133493616, 44.511731177613676 ], [ 11.331155794828383, 44.511815702758561 ], [ 11.331324079333243, 44.51189286779978 ], [ 11.331521144644167, 44.511985562950876 ], [ 11.331633692302084, 44.512030280053608 ], [ 11.331810017191698, 44.512120711968784 ], [ 11.331896881309858, 44.512177213850251 ], [ 11.331986022595625, 44.512250106924348 ], [ 11.332059406757875, 44.512327499923231 ], [ 11.33213297422955, 44.512451291934816 ], [ 11.332192183563349, 44.512628799341371 ], [ 11.332223219933246, 44.512736922500579 ], [ 11.332277591211692, 44.512863863183767 ], [ 11.332351952382552, 44.513045946616138 ], [ 11.33243036080083, 44.513175992619843 ], [ 11.332591464375685, 44.513449427782994 ], [ 11.33268422947204, 44.513639583819888 ], [ 11.332819189493026, 44.513886732446124 ], [ 11.332928093944899, 44.514075260279384 ], [ 11.33308775522393, 44.51440648819964 ], [ 11.33323209406041, 44.514635935542998 ], [ 11.333275186259566, 44.514727745099258 ], [ 11.33332352806033, 44.514810044161933 ], [ 11.333428044036303, 44.515076574733889 ], [ 11.333462371967864, 44.515282196355628 ], [ 11.333467596827255, 44.515596981023059 ], [ 11.333462290445603, 44.515840234169623 ], [ 11.33341930486948, 44.516221276437072 ], [ 11.333398399133024, 44.516544105133534 ], [ 11.333390520291047, 44.51695801376529 ], [ 11.333419278690341, 44.517074036920306 ], [ 11.333409687312395, 44.517305459118958 ], [ 11.333475142714944, 44.517474886992957 ], [ 11.3335697523591, 44.517590529947796 ], [ 11.333708928632921, 44.51774445254582 ], [ 11.333771936840654, 44.517808146648434 ], [ 11.333873577717002, 44.517919666467002 ], [ 11.333919930741178, 44.517996657478911 ], [ 11.333957255820222, 44.518087320682696 ], [ 11.333978300677156, 44.51825281287681 ], [ 11.333985663560741, 44.518340786536179 ], [ 11.334007008618078, 44.518441555021525 ], [ 11.334028735512065, 44.518600141797549 ], [ 11.334098551273703, 44.518780677500857 ], [ 11.334159989956683, 44.518947388178866 ], [ 11.334223102493423, 44.519156054299721 ], [ 11.334259742530444, 44.519387658256697 ], [ 11.334303311764126, 44.519596726650384 ], [ 11.334320935865781, 44.519730598810433 ], [ 11.334365066053396, 44.520144343116947 ], [ 11.334453804018729, 44.520229740655225 ], [ 11.334692469438908, 44.520589404443953 ], [ 11.334765133358919, 44.520699549903725 ], [ 11.3348036924938, 44.520749343879601 ], [ 11.33482561807385, 44.520809943523304 ], [ 11.334832721231665, 44.520865614952747 ], [ 11.334862859679133, 44.520948721329283 ], [ 11.334889518161051, 44.521005735664332 ], [ 11.334952438848925, 44.521116079385635 ], [ 11.335010487716229, 44.521226522724191 ], [ 11.335081347058821, 44.521352403530635 ], [ 11.335135298518445, 44.521421078663181 ], [ 11.335161360587712, 44.521462433492097 ], [ 11.335226509998442, 44.521567498280064 ], [ 11.335261524091898, 44.521650506601055 ], [ 11.335291872554707, 44.521738840839205 ], [ 11.335360713150633, 44.521875227323662 ], [ 11.335401502807596, 44.521980791259807 ], [ 11.335433732653804, 44.522116182899644 ], [ 11.335475258918279, 44.522296704960908 ], [ 11.335486847390488, 44.522347079297084 ], [ 11.335529866622114, 44.522447365282801 ], [ 11.335574556742378, 44.522589477113151 ], [ 11.335626974105383, 44.522741898081939 ], [ 11.33567033354714, 44.522850900516488 ], [ 11.335721683330169, 44.522916106791023 ], [ 11.335779043829598, 44.523009121355635 ], [ 11.335848300726706, 44.52309491638627 ], [ 11.335910250121549, 44.523180860907715 ], [ 11.335992808525122, 44.523294289753892 ], [ 11.336063733758222, 44.523360863380319 ], [ 11.336126658380586, 44.523410160059861 ], [ 11.336277631886247, 44.523527421742948 ], [ 11.336523339737907, 44.523696817095093 ], [ 11.33664257967105, 44.52381298312784 ], [ 11.336739293326408, 44.523974982989827 ], [ 11.336771110554769, 44.524099917195521 ], [ 11.33679485201235, 44.524205829581753 ], [ 11.336825622530153, 44.524304620195657 ], [ 11.336847763935271, 44.524431496241107 ], [ 11.336882230749303, 44.524622656507354 ], [ 11.336914949261399, 44.524709198860599 ], [ 11.336953930061064, 44.524769449803557 ], [ 11.33699184540871, 44.524803535941821 ], [ 11.337047464449718, 44.52485298076455 ], [ 11.337114587604894, 44.524884768304069 ], [ 11.337198743758252, 44.524916185458949 ], [ 11.337351947369145, 44.524967119692839 ], [ 11.337470556525224, 44.525006552856681 ], [ 11.337564599698165, 44.525041253971736 ], [ 11.33763230037013, 44.52508868840539 ], [ 11.337663651419264, 44.525140392584923 ], [ 11.337672146188254, 44.525169871206352 ], [ 11.337667208077333, 44.525229276593883 ], [ 11.337645565875913, 44.525297744818133 ], [ 11.337617523474652, 44.525389018809875 ], [ 11.337593723312146, 44.525464509085616 ], [ 11.337581058661346, 44.525513606331749 ], [ 11.337598395659345, 44.525581277232078 ], [ 11.337617751043453, 44.525638439538596 ], [ 11.337657154167262, 44.525709147040885 ], [ 11.33769662456109, 44.525781596043636 ], [ 11.337731293631283, 44.525855888051538 ], [ 11.337797849003923, 44.525995808259324 ], [ 11.337848950363576, 44.526115114012569 ], [ 11.337861059556765, 44.526151854764265 ], [ 11.337881219439323, 44.526213542327696 ], [ 11.33789683188296, 44.526251344747301 ], [ 11.337945740038528, 44.526356181470476 ], [ 11.338023485730506, 44.526508466904055 ], [ 11.338060266143186, 44.526557919856224 ], [ 11.338139822643468, 44.526640575761796 ], [ 11.338304238700646, 44.526732677229965 ], [ 11.338504972149989, 44.526807308649055 ], [ 11.338823368523517, 44.526909706442154 ], [ 11.33902660883866, 44.526989649292297 ], [ 11.339107762319916, 44.527045824125267 ], [ 11.339165084103307, 44.527115032295157 ], [ 11.33915774527339, 44.5271766124241 ], [ 11.339085296806287, 44.527360565000762 ], [ 11.338999570058384, 44.527524378140122 ], [ 11.338977400901106, 44.527682629831695 ], [ 11.339024268176072, 44.527758322547868 ], [ 11.339359776575352, 44.528149999729905 ], [ 11.33953751507592, 44.528376590799098 ], [ 11.339967084694671, 44.528955764371382 ], [ 11.340482568663258, 44.529575314763967 ], [ 11.340792908534763, 44.529858240739742 ], [ 11.341342854431382, 44.5303202103564 ], [ 11.341477841657181, 44.530413728222172 ], [ 11.341674975533673, 44.530582832047251 ], [ 11.341872858658403, 44.530752576440328 ], [ 11.343282759002403, 44.530486783574368 ], [ 11.344055129878715, 44.530341162424648 ], [ 11.345504735504317, 44.530070756481628 ], [ 11.346431140544436, 44.529868387252449 ], [ 11.347110234588685, 44.529701353339341 ], [ 11.347466151533173, 44.529600502787268 ], [ 11.348401606343019, 44.529326361264324 ], [ 11.348762750658492, 44.529215626866481 ], [ 11.350339756344523, 44.528713207348225 ], [ 11.350899148191818, 44.528536040676869 ], [ 11.351000795918873, 44.528504973470142 ], [ 11.351073914892302, 44.528474940283246 ], [ 11.35110619803446, 44.528460815676212 ], [ 11.351603949779481, 44.528309758496626 ], [ 11.352563100524915, 44.527984955010247 ], [ 11.352720213467713, 44.527939659774532 ], [ 11.353757183338026, 44.527582808329434 ], [ 11.354066844529921, 44.527479295311785 ], [ 11.354558025714136, 44.527301436830157 ], [ 11.354869114433519, 44.527199723303042 ], [ 11.355323264771719, 44.527042691199846 ], [ 11.355929071064915, 44.526816617111784 ], [ 11.356010635859828, 44.526786207488072 ], [ 11.356153874242167, 44.526636905748433 ], [ 11.357168387846668, 44.526181980048626 ], [ 11.357093354744865, 44.526094999332528 ], [ 11.357162717089235, 44.526061276742695 ], [ 11.357343552915154, 44.525977060615453 ], [ 11.357503711566659, 44.525898131709383 ], [ 11.357680174575854, 44.525814725559655 ], [ 11.357829123804668, 44.525744940230403 ], [ 11.357977572050627, 44.525672105090855 ], [ 11.35813315068132, 44.525598222204195 ], [ 11.358308538284714, 44.525516276801795 ], [ 11.358363691715203, 44.525489851005517 ], [ 11.358447616344762, 44.525449643828551 ], [ 11.360710891716282, 44.524368412488492 ], [ 11.360802497349942, 44.524324291565868 ], [ 11.36098897535058, 44.524236712039666 ], [ 11.361029074525176, 44.524216977319981 ], [ 11.362171677656544, 44.523668854132744 ], [ 11.362894708207767, 44.523322688099682 ], [ 11.363717707691951, 44.522931416201104 ], [ 11.363891947234118, 44.522841731170558 ], [ 11.363850019020376, 44.522784178317721 ], [ 11.363821138783917, 44.522746372412719 ], [ 11.363788349477778, 44.522702766084926 ], [ 11.363727562255109, 44.522620950238547 ], [ 11.363464001309941, 44.522266139136683 ], [ 11.363147610270234, 44.521860359377854 ], [ 11.362695367008422, 44.5212841456474 ], [ 11.362093403301989, 44.520527639180145 ], [ 11.36196701783102, 44.520337016467899 ], [ 11.361773303307103, 44.520044841614727 ], [ 11.361459636424188, 44.519560400302908 ], [ 11.361194023591441, 44.519023575757487 ], [ 11.360966474210223, 44.518518436397436 ], [ 11.360820715096256, 44.518213588970063 ], [ 11.360796200904884, 44.518170408376832 ], [ 11.360767563497946, 44.518119973270345 ], [ 11.360676179346918, 44.517959011497155 ], [ 11.360356223722038, 44.517435516131769 ], [ 11.360189391392863, 44.51718082648064 ], [ 11.359739713733456, 44.516494323874539 ], [ 11.359690830737815, 44.516409926246332 ], [ 11.359617100504156, 44.516273181018214 ], [ 11.359494020563835, 44.516025621571522 ], [ 11.358811395622139, 44.514618343736956 ], [ 11.358538118721485, 44.5140597848346 ], [ 11.357882998607538, 44.512720715861228 ], [ 11.357864988723538, 44.512685925671967 ], [ 11.357612964362488, 44.512172593580942 ], [ 11.357285177422005, 44.511505217990504 ], [ 11.357192721449549, 44.511316978724359 ], [ 11.356946828925283, 44.510815098423897 ], [ 11.356865916111575, 44.510641405441817 ], [ 11.356798846654426, 44.510519817895101 ], [ 11.356482857394326, 44.509871573361721 ], [ 11.356403094424785, 44.509718593692114 ], [ 11.355903995012181, 44.508697730903116 ], [ 11.355479728155808, 44.507798592883198 ], [ 11.355455193223001, 44.507730455485714 ], [ 11.355197312944856, 44.507223551983657 ], [ 11.355103289452757, 44.507044517751865 ], [ 11.354937381624168, 44.506699813957887 ], [ 11.354798862481385, 44.506422715959452 ], [ 11.354762643401157, 44.506350271327534 ], [ 11.354419542504333, 44.505636499255822 ], [ 11.354120640393743, 44.505032651518952 ], [ 11.354069460588889, 44.504929308672203 ], [ 11.353809553124249, 44.504404480781965 ], [ 11.353727604526357, 44.504219523832482 ] ] ] } },
{ "type": "Feature", "properties": { "MapCommunity": "C5", "CITY": "Bologna", "COM_ASC2": "37006003", "DEN_ASC2": "Borgo Panigale", "is_member": 1, "is_incoming": 0, "CommunityInitial": "C5", "CommunityPrev": "C5", "CommunityFinal": "C5", "Transition": "stabile" }, "geometry": { "type": "Polygon", "coordinates": [ [ [ 11.252148054338683, 44.554528569003217 ], [ 11.252603003894755, 44.553906784087665 ], [ 11.252631357121727, 44.553877317519003 ], [ 11.253526104773803, 44.552671603964846 ], [ 11.253727133662451, 44.552400702567034 ], [ 11.253964458831456, 44.552096084522773 ], [ 11.254304784338405, 44.5516592636898 ], [ 11.254641545528617, 44.551227033278685 ], [ 11.255744237387633, 44.5498116257289 ], [ 11.256042166633428, 44.54942918973186 ], [ 11.256079982293667, 44.5493729544392 ], [ 11.256292172742009, 44.549057393167139 ], [ 11.256446899599958, 44.548899625637297 ], [ 11.256546512942029, 44.548798055391643 ], [ 11.256588429376279, 44.548714498132931 ], [ 11.256733532036025, 44.548425253164268 ], [ 11.257547468491628, 44.547356433354288 ], [ 11.257679971577891, 44.547182186970765 ], [ 11.257953441838438, 44.546929915441694 ], [ 11.258001677822451, 44.546884683325878 ], [ 11.258068936387552, 44.546823395215348 ], [ 11.258440942230948, 44.546298782530812 ], [ 11.25864792940763, 44.546006883798448 ], [ 11.258665808000057, 44.545981669582233 ], [ 11.258708759888334, 44.54591846194009 ], [ 11.258844459565282, 44.545718755697152 ], [ 11.259433491448256, 44.545018319064724 ], [ 11.259891476536351, 44.544473701202151 ], [ 11.260164439647861, 44.544077651351841 ], [ 11.260344392869118, 44.543816550296526 ], [ 11.26038340923175, 44.543766845401592 ], [ 11.260932163914219, 44.543066710431518 ], [ 11.261032450570349, 44.543055723409495 ], [ 11.261063726872491, 44.542989834691127 ], [ 11.26107751438291, 44.542960282676916 ], [ 11.261107087888686, 44.542896908770153 ], [ 11.261206839190569, 44.542683164625629 ], [ 11.261888949673985, 44.541769404539906 ], [ 11.262694369841546, 44.540814514111915 ], [ 11.262815626089608, 44.540670751950216 ], [ 11.262877607113367, 44.540574281942902 ], [ 11.263266726756417, 44.53996861693571 ], [ 11.263559680387596, 44.539677204847003 ], [ 11.263654562777615, 44.539582821478639 ], [ 11.263879248187719, 44.539209269162384 ], [ 11.264063285691661, 44.538972167354075 ], [ 11.264147296552185, 44.538873483511999 ], [ 11.264164728914864, 44.538841387620884 ], [ 11.264182067874094, 44.538819024419091 ], [ 11.264342208735062, 44.538612529400751 ], [ 11.265696467132413, 44.536866179920821 ], [ 11.265732084372649, 44.536820451316736 ], [ 11.265863560366691, 44.536680702489349 ], [ 11.265954960622008, 44.536584377821299 ], [ 11.266077209684934, 44.536402593595106 ], [ 11.266347665166087, 44.536000424167185 ], [ 11.26741302867404, 44.534620274817691 ], [ 11.267445178540855, 44.534578637770807 ], [ 11.267557369351325, 44.534433333730732 ], [ 11.268375252343953, 44.533374015116564 ], [ 11.268399241425325, 44.533342943292631 ], [ 11.268485100562293, 44.533231734731132 ], [ 11.26904392533576, 44.532507921534268 ], [ 11.269074157341308, 44.532554272475465 ], [ 11.270362526206704, 44.53451066376752 ], [ 11.270383162546556, 44.534541971090519 ], [ 11.270617174712244, 44.534897011351113 ], [ 11.27063558977312, 44.534924949946401 ], [ 11.270549795032137, 44.53496379550915 ], [ 11.270218940176237, 44.535113852790928 ], [ 11.270118662819071, 44.535161565464165 ], [ 11.27086804806833, 44.536184281397233 ], [ 11.272154386623267, 44.537935564428373 ], [ 11.272194202842316, 44.537990036676597 ], [ 11.272231792513145, 44.538041242097115 ], [ 11.272248384139873, 44.538063839498776 ], [ 11.272389541137747, 44.538256140724201 ], [ 11.272440071461583, 44.538310828127265 ], [ 11.272461766817488, 44.538356119215848 ], [ 11.272686910860706, 44.538661148720401 ], [ 11.273119826860425, 44.539250704207959 ], [ 11.273204325539057, 44.539218641643757 ], [ 11.273516701695378, 44.539098761094721 ], [ 11.27355839456197, 44.539159254185122 ], [ 11.274331959115665, 44.540276468818746 ], [ 11.274348866016339, 44.540300852929278 ], [ 11.274623690151984, 44.540697151143547 ], [ 11.274657878033153, 44.540684454240896 ], [ 11.274724516234157, 44.540659695497361 ], [ 11.275605259306094, 44.540337182902469 ], [ 11.275663119848771, 44.540423507070102 ], [ 11.276325751163258, 44.541413245079383 ], [ 11.276342338512688, 44.541437990861453 ], [ 11.27680112405602, 44.542122568167947 ], [ 11.277897926380518, 44.543759109533674 ], [ 11.277943094419738, 44.543826901996688 ], [ 11.277867054564737, 44.543849180965125 ], [ 11.277615660930911, 44.543922941245889 ], [ 11.277492635502371, 44.543959040927582 ], [ 11.277418740083444, 44.543980764569589 ], [ 11.277342080851698, 44.544003278807139 ], [ 11.277022038042722, 44.544097272977055 ], [ 11.277045925774003, 44.544135912465926 ], [ 11.278046893831462, 44.545919085319895 ], [ 11.278063697550445, 44.545949096593127 ], [ 11.277185539353505, 44.546236361222981 ], [ 11.276942665101368, 44.54631580889631 ], [ 11.276833128377527, 44.54635175224071 ], [ 11.277694298833474, 44.547774906995677 ], [ 11.27772915136527, 44.547764121560803 ], [ 11.277775899130418, 44.547749653499935 ], [ 11.27881375567978, 44.547428486196317 ], [ 11.278532740201991, 44.54700197279444 ], [ 11.278699422857093, 44.54694496093083 ], [ 11.279306807091363, 44.546737212871278 ], [ 11.280211894332254, 44.546431470006546 ], [ 11.280235815315502, 44.546467818806036 ], [ 11.280952571353195, 44.547564366409027 ], [ 11.280989741923802, 44.5476212362193 ], [ 11.281081017054435, 44.547760883369676 ], [ 11.28114891072207, 44.547864734625797 ], [ 11.281615701109997, 44.548578817684088 ], [ 11.281670688731861, 44.548538692702515 ], [ 11.281702111648849, 44.548515764487107 ], [ 11.281776568898385, 44.548461352205507 ], [ 11.281984844638009, 44.548309142445156 ], [ 11.282143500216351, 44.548193220487988 ], [ 11.282337793470578, 44.5480512409979 ], [ 11.282417848567871, 44.547980456021847 ], [ 11.282490154221236, 44.547916544518877 ], [ 11.282605370699429, 44.54781470076059 ], [ 11.282670395929772, 44.547757202274674 ], [ 11.28270143103893, 44.547728852116322 ], [ 11.282869716047232, 44.547581105326898 ], [ 11.282859376832624, 44.547519300927142 ], [ 11.28284869816361, 44.54745744299742 ], [ 11.282841228160965, 44.547402112545562 ], [ 11.282760303683931, 44.546944484311581 ], [ 11.282808232016253, 44.546918082043447 ], [ 11.283354427238782, 44.546602357063726 ], [ 11.283842825975904, 44.546343475389733 ], [ 11.283893069447352, 44.54632041399492 ], [ 11.285237238041622, 44.545580553868838 ], [ 11.285273481619303, 44.545543434706751 ], [ 11.285479306029526, 44.545332636850056 ], [ 11.286625862207217, 44.544715518313907 ], [ 11.286703749763079, 44.544654882653319 ], [ 11.289488843573142, 44.54248616205507 ], [ 11.289533128434444, 44.542451665629734 ], [ 11.290487260033174, 44.541424243789891 ], [ 11.29135149526455, 44.540547803725346 ], [ 11.2916736298746, 44.54022110916253 ], [ 11.292935053078159, 44.539007455560125 ], [ 11.292916795752838, 44.538978968268523 ], [ 11.292744549462901, 44.5387101751516 ], [ 11.292682662627659, 44.538613620908194 ], [ 11.292665203801324, 44.538586389595075 ], [ 11.292627046034221, 44.538526855189055 ], [ 11.290736189681569, 44.535576659463587 ], [ 11.296672209119679, 44.534455852839137 ], [ 11.296829123101821, 44.534426357047579 ], [ 11.299302023163415, 44.533958984533982 ], [ 11.300506803506744, 44.533731569091174 ], [ 11.300562254714883, 44.533721014227339 ], [ 11.30060595817648, 44.533712698260231 ], [ 11.301692519247929, 44.533359385508504 ], [ 11.301771787149081, 44.533333586574365 ], [ 11.304723155484991, 44.532477330158109 ], [ 11.304777945852008, 44.53242890030225 ], [ 11.305686097178464, 44.531633381702278 ], [ 11.306059099739869, 44.531299677938044 ], [ 11.30631437763423, 44.531069884812062 ], [ 11.306439425709693, 44.53095954480122 ], [ 11.306466785614061, 44.530934248517447 ], [ 11.306531450540005, 44.530878178595472 ], [ 11.30763745158032, 44.52989990012329 ], [ 11.307962538297193, 44.529612733149094 ], [ 11.307997555359826, 44.529581712708513 ], [ 11.307948146884982, 44.529535071102238 ], [ 11.307923892114543, 44.529508393608445 ], [ 11.307901681952103, 44.529483965019281 ], [ 11.307871496383781, 44.529453574137321 ], [ 11.307849890714184, 44.529432085250306 ], [ 11.307839161356632, 44.529398880227305 ], [ 11.307841873516701, 44.529345559153043 ], [ 11.30781952781706, 44.529302439508001 ], [ 11.307799627949727, 44.529260543371414 ], [ 11.307809620207971, 44.529203294049907 ], [ 11.307822119485749, 44.529120372806752 ], [ 11.307825202121437, 44.529093884421826 ], [ 11.307827869780105, 44.529057179338167 ], [ 11.307819512035918, 44.529004428657608 ], [ 11.307824066340769, 44.528964605661706 ], [ 11.307830674583704, 44.528915387499111 ], [ 11.307845141887215, 44.528869316183311 ], [ 11.307851104221102, 44.528831335447897 ], [ 11.307856004806949, 44.528785688905863 ], [ 11.307857864236796, 44.528758469935049 ], [ 11.307860776706811, 44.528715634569039 ], [ 11.307859574285006, 44.528685232082879 ], [ 11.307855957982795, 44.528650558977915 ], [ 11.307841475172593, 44.52859025835857 ], [ 11.307837640950689, 44.528561982364309 ], [ 11.307833648473849, 44.528532535637559 ], [ 11.30783053732287, 44.528489528566645 ], [ 11.307829836632479, 44.528462842088508 ], [ 11.307828074213335, 44.528396189576725 ], [ 11.307827277437505, 44.528365892319933 ], [ 11.307821473019251, 44.528321958419738 ], [ 11.307817257128656, 44.528290041408766 ], [ 11.307811434289164, 44.528245959338015 ], [ 11.307808605289571, 44.528216623225212 ], [ 11.307809092626938, 44.52818324724435 ], [ 11.307807531331958, 44.528149620997397 ], [ 11.307796520335746, 44.528106062430304 ], [ 11.307785509883781, 44.52807363459636 ], [ 11.307774509658115, 44.52803315107797 ], [ 11.307764733705083, 44.52798797858987 ], [ 11.307758952397192, 44.527951858425205 ], [ 11.307755057179151, 44.527915919792598 ], [ 11.307748110928273, 44.527885193195395 ], [ 11.307738587315525, 44.52784306206371 ], [ 11.307727941265323, 44.527800201009413 ], [ 11.307724369617276, 44.527756555957325 ], [ 11.3077081755061, 44.527720621085614 ], [ 11.307699360290925, 44.527694763932764 ], [ 11.307678907264883, 44.527648787290666 ], [ 11.307661733236316, 44.527610185861938 ], [ 11.307655371207282, 44.527575864434567 ], [ 11.307648474213273, 44.527521406125786 ], [ 11.307642961990744, 44.527486264491202 ], [ 11.307635098797565, 44.527453603769274 ], [ 11.307621752218333, 44.527422338556669 ], [ 11.307590702120173, 44.527376688648097 ], [ 11.307586078956129, 44.527345351518534 ], [ 11.30758354493743, 44.527316947498413 ], [ 11.307582565593664, 44.527284859718279 ], [ 11.307562892263817, 44.527224016692522 ], [ 11.307552045522078, 44.527179541016935 ], [ 11.307543618364702, 44.527139768873468 ], [ 11.30752436534608, 44.527103868798264 ], [ 11.307519861773057, 44.527065330811929 ], [ 11.307524647556489, 44.527015435590791 ], [ 11.30749780873755, 44.526984891421847 ], [ 11.307449108346963, 44.526945626356422 ], [ 11.307405298460155, 44.526922675858984 ], [ 11.307367840702849, 44.526910957262963 ], [ 11.307332300741709, 44.526905002932168 ], [ 11.307286848050801, 44.526898382902679 ], [ 11.307241044494928, 44.526892437935501 ], [ 11.307188832726435, 44.526871481086182 ], [ 11.307157840486385, 44.526845155651259 ], [ 11.307139862523645, 44.526813459135283 ], [ 11.307159495629589, 44.526783122566357 ], [ 11.307196050796, 44.526772022715562 ], [ 11.307264490216031, 44.526791512749732 ], [ 11.307303911670859, 44.526813952432327 ], [ 11.307353319672066, 44.526817960992034 ], [ 11.307365920944063, 44.526768775649025 ], [ 11.30737352409678, 44.526719825468447 ], [ 11.307372727415759, 44.526678753951884 ], [ 11.307377658973612, 44.526644271747337 ], [ 11.307381942546336, 44.526607116280317 ], [ 11.307382681542755, 44.526567774620645 ], [ 11.307371692014019, 44.526520059092412 ], [ 11.30736433914327, 44.526491453581784 ], [ 11.307357287476894, 44.526462795169174 ], [ 11.307347597259247, 44.526423409538786 ], [ 11.307339703057501, 44.526389477358094 ], [ 11.307331632247864, 44.526335014838203 ], [ 11.307325085959791, 44.526276582888983 ], [ 11.307311157141816, 44.526238275007223 ], [ 11.307271375113318, 44.526197327975481 ], [ 11.307229911667577, 44.526160518274416 ], [ 11.307221609320747, 44.526106275585413 ], [ 11.307185401999819, 44.526021402166052 ], [ 11.307164479360726, 44.525976030879647 ], [ 11.307123524879998, 44.525926865659159 ], [ 11.307106055869109, 44.525902599452245 ], [ 11.307087133989274, 44.525866494547678 ], [ 11.307074878351157, 44.525842059953895 ], [ 11.307061005768709, 44.525813900374096 ], [ 11.307046458545521, 44.525784367134428 ], [ 11.307031167581556, 44.525753335595446 ], [ 11.307008970710935, 44.525721038322651 ], [ 11.306976890000961, 44.525679368383095 ], [ 11.30696361737248, 44.525633607488913 ], [ 11.306970853194196, 44.525579460377664 ], [ 11.306971545586693, 44.525547662890922 ], [ 11.306969249317939, 44.525512840629681 ], [ 11.306928812854322, 44.525423528808489 ], [ 11.306895405014275, 44.525357549976746 ], [ 11.306845170484046, 44.525270782192734 ], [ 11.306821310332628, 44.525230359483558 ], [ 11.306810186468981, 44.525205770550762 ], [ 11.306793976157632, 44.525175861267584 ], [ 11.306772358422291, 44.52514378450843 ], [ 11.30668653712331, 44.525019813433062 ], [ 11.306599927922484, 44.524896849391517 ], [ 11.306521258462578, 44.524779655735813 ], [ 11.306462798505988, 44.524693390667792 ], [ 11.306440108592398, 44.524659646628123 ], [ 11.306382088509777, 44.52459679005964 ], [ 11.306325908296602, 44.524547416316928 ], [ 11.306296423699344, 44.524517607700325 ], [ 11.30624326797777, 44.524486733366622 ], [ 11.306064028626089, 44.524399517759974 ], [ 11.305914281349526, 44.524314556340649 ], [ 11.305821028903029, 44.524253342935481 ], [ 11.305700762224694, 44.524180354204574 ], [ 11.305580488651309, 44.524110945799087 ], [ 11.305473942021726, 44.524067273802757 ], [ 11.305327767141044, 44.52401747183788 ], [ 11.305222328681465, 44.523985929768216 ], [ 11.305179044941001, 44.523980890954675 ], [ 11.305251585148236, 44.524033291042358 ], [ 11.305337526064394, 44.524063907064544 ], [ 11.305399620149116, 44.524084438330391 ], [ 11.30544487497583, 44.524089645211113 ], [ 11.30549064687535, 44.524099472542446 ], [ 11.305505572024012, 44.524132172655051 ], [ 11.305508522140258, 44.524168664324613 ], [ 11.305522087819119, 44.524209485183142 ], [ 11.305498066119929, 44.524228966616235 ], [ 11.305473939756508, 44.524253577109938 ], [ 11.305438977709724, 44.524225038421534 ], [ 11.305369254174213, 44.524172339402952 ], [ 11.305250458215113, 44.524115269411105 ], [ 11.305169010280473, 44.524079372624847 ], [ 11.305031029715328, 44.524042728581129 ], [ 11.304904839623548, 44.52401151701352 ], [ 11.304809960978686, 44.52400209037134 ], [ 11.304728869942894, 44.524003907648009 ], [ 11.304631458479736, 44.523997231858544 ], [ 11.304542946954989, 44.523983264299986 ], [ 11.304281142837489, 44.523933903818957 ], [ 11.304035067573743, 44.523890887160476 ], [ 11.303980504370179, 44.523879385755635 ], [ 11.303922244621379, 44.523850763159437 ], [ 11.303850795807097, 44.523809984095671 ], [ 11.303794229379495, 44.523805184917514 ], [ 11.303519012018173, 44.523782149463045 ], [ 11.303400939702744, 44.523772221896365 ], [ 11.303300412854595, 44.523767904381891 ], [ 11.303110395537539, 44.523705614486992 ], [ 11.302955341328431, 44.523794446044505 ], [ 11.302889536193831, 44.523868063160641 ], [ 11.302686938359718, 44.523791489034807 ], [ 11.302448123736774, 44.523689985962754 ], [ 11.302390258818903, 44.523700065585992 ], [ 11.302335492916828, 44.523728177803456 ], [ 11.302150724308097, 44.523535560354183 ], [ 11.302121161249588, 44.523506822637202 ], [ 11.301990487617097, 44.523366731382133 ], [ 11.302048012484519, 44.52335118976923 ], [ 11.302115960665999, 44.523343157611464 ], [ 11.302187966443453, 44.523339004704845 ], [ 11.302235271204319, 44.523321624629894 ], [ 11.302271342220065, 44.52331688651681 ], [ 11.302315244696169, 44.523326085738297 ], [ 11.302357578176714, 44.523313032573206 ], [ 11.302156940234068, 44.523030931135118 ], [ 11.301975567579873, 44.522965345617983 ], [ 11.301930008067092, 44.522929634755734 ], [ 11.301881154870038, 44.522890651244637 ], [ 11.301811783595372, 44.522840414134187 ], [ 11.301687639528931, 44.522791649578785 ], [ 11.301481400032118, 44.52248234522672 ], [ 11.301137115351871, 44.522176536300364 ], [ 11.300961032931307, 44.521967514673818 ], [ 11.300738891989356, 44.521478541401237 ], [ 11.300701361024464, 44.521360180527317 ], [ 11.300681535446072, 44.521297724264834 ], [ 11.300747437958513, 44.521272980397519 ], [ 11.300680399869263, 44.521181544885735 ], [ 11.300561503951128, 44.521019296950534 ], [ 11.300534960269697, 44.520925356377568 ], [ 11.300508977720293, 44.52082626583065 ], [ 11.300489077809599, 44.520747720761641 ], [ 11.300462835250311, 44.520648989241735 ], [ 11.300455758049862, 44.520609028181667 ], [ 11.300499658680053, 44.520523829155024 ], [ 11.300493091362394, 44.520493686810674 ], [ 11.300329506787751, 44.51974366388297 ], [ 11.30033149105139, 44.51958851255759 ], [ 11.300268815977235, 44.519070873549474 ], [ 11.300261520634214, 44.519010817754861 ], [ 11.300250798348214, 44.518922392835712 ], [ 11.300175392117433, 44.518732971631351 ], [ 11.300095536534156, 44.518535895120934 ], [ 11.300026833596851, 44.518379194477518 ], [ 11.299966211578599, 44.518242408481314 ], [ 11.299915369096651, 44.518130270678682 ], [ 11.299899210278394, 44.518097018493329 ], [ 11.299885860381213, 44.518072665458931 ], [ 11.299784659628818, 44.517920363553849 ], [ 11.299709281273538, 44.517916475179725 ], [ 11.299448275258177, 44.517778931702715 ], [ 11.299393159165641, 44.517749884235137 ], [ 11.299363930790552, 44.517724743658789 ], [ 11.298112364660215, 44.516647872030426 ], [ 11.297859527185343, 44.516430249209598 ], [ 11.297602720477498, 44.516198124260775 ], [ 11.296810505856461, 44.515511619081927 ], [ 11.295868613026824, 44.515150055763854 ], [ 11.295544412489516, 44.514890362586108 ], [ 11.29541368059888, 44.514762577567701 ], [ 11.294736837318077, 44.514100920219725 ], [ 11.294235147914772, 44.513610131045603 ], [ 11.293408461879455, 44.512325452995547 ], [ 11.293331834278629, 44.511747051570623 ], [ 11.293276179299722, 44.511326944000331 ], [ 11.293090796842343, 44.510841111946064 ], [ 11.29290159629992, 44.510658926473297 ], [ 11.292751765416915, 44.510514649313386 ], [ 11.292593984406698, 44.510215963801244 ], [ 11.292562951050369, 44.510157042246476 ], [ 11.292531943441164, 44.510098422651964 ], [ 11.291968526438534, 44.509036861964951 ], [ 11.291813234316617, 44.508756490576509 ], [ 11.291592521786274, 44.508338727821688 ], [ 11.291546055038802, 44.508251844107484 ], [ 11.291144916794309, 44.507492379650905 ], [ 11.29100557164732, 44.507218700035267 ], [ 11.290879268279765, 44.506968897117467 ], [ 11.290752241438698, 44.506719351637088 ], [ 11.290645652730111, 44.506510336905507 ], [ 11.290560023869389, 44.506342080183735 ], [ 11.290362001073017, 44.505959167709555 ], [ 11.290245714697184, 44.505744145272431 ], [ 11.290164296350072, 44.505595160198112 ], [ 11.289982941017298, 44.505248700768874 ], [ 11.289945588129397, 44.505169003943138 ], [ 11.28991858164002, 44.505136373890721 ], [ 11.289792960866347, 44.505032777646804 ], [ 11.289355604413066, 44.504667264662551 ], [ 11.288998697499148, 44.504366378740201 ], [ 11.288695977653067, 44.504111162000378 ], [ 11.288654038869462, 44.504075088644775 ], [ 11.288513163407201, 44.50395249437517 ], [ 11.288245160537114, 44.503717797713087 ], [ 11.288065163708358, 44.503573585040947 ], [ 11.287929662849162, 44.503463769506624 ], [ 11.287571592294572, 44.503163239971599 ], [ 11.287219738240855, 44.502870326061746 ], [ 11.287118344556022, 44.502786138918552 ], [ 11.286585205455134, 44.502344324205787 ], [ 11.286530700605415, 44.502299386646271 ], [ 11.286167070558506, 44.501999591473854 ], [ 11.285834654260851, 44.501724374642698 ], [ 11.285697040257098, 44.501609225991196 ], [ 11.285473092110523, 44.501480129464028 ], [ 11.285378013504321, 44.501427395378819 ], [ 11.285322131295084, 44.501396541440194 ], [ 11.285238719516041, 44.501352483532258 ], [ 11.285103916478837, 44.501277729188828 ], [ 11.284981009755848, 44.5012290790226 ], [ 11.284742848098235, 44.501128156452538 ], [ 11.284456458569077, 44.501009924168308 ], [ 11.284087893729327, 44.500864886324464 ], [ 11.283861082277964, 44.500774357853267 ], [ 11.283616640691804, 44.500664015821762 ], [ 11.283198169419082, 44.500471360370604 ], [ 11.282666280983749, 44.500212191571073 ], [ 11.282222339741985, 44.499995285607035 ], [ 11.281642496462354, 44.499688286604794 ], [ 11.28135875694038, 44.499536880231922 ], [ 11.280903544166303, 44.499311948891219 ], [ 11.280485940802658, 44.499104167856629 ], [ 11.280162486497481, 44.498944533065639 ], [ 11.279926443535324, 44.498828003401954 ], [ 11.279044683711707, 44.498492038306175 ], [ 11.278166755023364, 44.498172303500453 ], [ 11.278020924457206, 44.498119176160735 ], [ 11.277550269842367, 44.49793249262094 ], [ 11.277436999886337, 44.497881960342355 ], [ 11.277206062273381, 44.497778934182541 ], [ 11.277023763821022, 44.497700377800122 ], [ 11.276947454152156, 44.49764653396204 ], [ 11.276805505304866, 44.497498493473906 ], [ 11.276720119936996, 44.497409441316691 ], [ 11.27631804194219, 44.496757934388441 ], [ 11.276291703166676, 44.496712946095435 ], [ 11.276151312762186, 44.49647147272691 ], [ 11.275951573578991, 44.496135605529304 ], [ 11.27597722332062, 44.495946428663395 ], [ 11.276058916982629, 44.495344341486735 ], [ 11.276068462463853, 44.495274021883553 ], [ 11.27620368078717, 44.494276849997107 ], [ 11.276330428056717, 44.493341205701221 ], [ 11.276347699047889, 44.493214296544004 ], [ 11.27685641619612, 44.492783968785361 ], [ 11.278153531309549, 44.491661130671389 ], [ 11.278236036173967, 44.491522473645411 ], [ 11.2784166518852, 44.491210558845616 ], [ 11.278294608500923, 44.491192451565198 ], [ 11.277636736232193, 44.491100359495839 ], [ 11.277549621370797, 44.491088346087096 ], [ 11.277201320676788, 44.491040322829242 ], [ 11.27677149818939, 44.490983627246599 ], [ 11.276614580027339, 44.490971008491648 ], [ 11.276559946921951, 44.490960847467541 ], [ 11.276486210119549, 44.490948889649388 ], [ 11.27612518657735, 44.490877807291334 ], [ 11.275868440856533, 44.490824409234406 ], [ 11.275622627795867, 44.490769664641519 ], [ 11.27556113896434, 44.49075380161608 ], [ 11.274972281702084, 44.490602035612802 ], [ 11.274827726303272, 44.490564862813784 ], [ 11.274763572009512, 44.490548265645288 ], [ 11.273582813051293, 44.490241506027225 ], [ 11.273166133773772, 44.490138402162607 ], [ 11.273079530547244, 44.490114800506603 ], [ 11.27303724980217, 44.490119026458935 ], [ 11.272989302053087, 44.490134451931269 ], [ 11.272832370580074, 44.490247449591749 ], [ 11.272647274210209, 44.490399679304844 ], [ 11.272315842332432, 44.490689849790762 ], [ 11.272255860353198, 44.490724244400049 ], [ 11.272209874932738, 44.49073416050615 ], [ 11.272142407944649, 44.4907377531067 ], [ 11.271943278561322, 44.490731023925548 ], [ 11.271761468274473, 44.490724801390371 ], [ 11.27165680356307, 44.4907331391952 ], [ 11.271493405073965, 44.4907444857255 ], [ 11.271290916559515, 44.490772706411178 ], [ 11.271077188148096, 44.490815216905681 ], [ 11.270815637582151, 44.490881188378616 ], [ 11.270727761741769, 44.490905445557367 ], [ 11.270621596163245, 44.490944692076638 ], [ 11.270388900300697, 44.490984760732601 ], [ 11.270309806932019, 44.490997622083874 ], [ 11.270055173635861, 44.491028378323961 ], [ 11.269900745937228, 44.491048497269304 ], [ 11.269835389774334, 44.491062711911184 ], [ 11.269544814809656, 44.491150640535935 ], [ 11.269168205576683, 44.491147993867351 ], [ 11.268871282777276, 44.491153337389569 ], [ 11.268720542968977, 44.49115856856637 ], [ 11.268586178411901, 44.49093337403179 ], [ 11.268362759512689, 44.49040552154004 ], [ 11.268311053963346, 44.490291584850716 ], [ 11.26821321086104, 44.490075963133947 ], [ 11.268176024170177, 44.490022867349886 ], [ 11.268124948122145, 44.490029262108671 ], [ 11.268076380732204, 44.490033668743322 ], [ 11.267519324756615, 44.490182030838319 ], [ 11.266992676110904, 44.490289918365356 ], [ 11.26675899783449, 44.490337801679729 ], [ 11.265917735557046, 44.490515422606705 ], [ 11.265858915210268, 44.490527918083572 ], [ 11.264747509300729, 44.490764264790897 ], [ 11.264059821451424, 44.490913638621088 ], [ 11.264015235607724, 44.490914393230739 ], [ 11.263698071498412, 44.490985392650963 ], [ 11.263591967433793, 44.49100903260679 ], [ 11.26299975678508, 44.491140997151682 ], [ 11.262751966419074, 44.491196183931699 ], [ 11.261870927483066, 44.491403622000682 ], [ 11.261819240952775, 44.491408589216412 ], [ 11.261770155205445, 44.491399437420661 ], [ 11.261693375648319, 44.491426274802535 ], [ 11.261315769362948, 44.491540657531061 ], [ 11.260319276147571, 44.491831032014552 ], [ 11.259357818727548, 44.49211338617031 ], [ 11.257877628988091, 44.492539913956989 ], [ 11.256938722065701, 44.492816178666388 ], [ 11.256022095059331, 44.49307960957043 ], [ 11.255704183339899, 44.49317254355369 ], [ 11.255280564411647, 44.493296824357245 ], [ 11.255132725223556, 44.493337011175257 ], [ 11.255160985827658, 44.493402035914059 ], [ 11.255184892244131, 44.49344556563809 ], [ 11.255264250222595, 44.49360773532127 ], [ 11.255328482110798, 44.493703799732231 ], [ 11.255379070693582, 44.493813086585796 ], [ 11.255423840402973, 44.493914037642021 ], [ 11.255487904809019, 44.494025866111031 ], [ 11.255526898439001, 44.494079113959522 ], [ 11.255548222082535, 44.494110024380142 ], [ 11.255617652762451, 44.494210672653182 ], [ 11.255692949387498, 44.494328462049538 ], [ 11.255730288541143, 44.49439975220811 ], [ 11.255768884747722, 44.494483380777616 ], [ 11.255811478908726, 44.494568624620278 ], [ 11.25590238413389, 44.49470412323118 ], [ 11.255928057530484, 44.494737934682128 ], [ 11.255967628228815, 44.494785544348517 ], [ 11.25600330152062, 44.49482191386042 ], [ 11.256038007278962, 44.494857295991658 ], [ 11.256121857691713, 44.494932157328257 ], [ 11.256152546931286, 44.494973751369727 ], [ 11.256157061631647, 44.495011554062081 ], [ 11.256157176108658, 44.495052994340561 ], [ 11.256178288935899, 44.495117546096431 ], [ 11.256195886306129, 44.495159698652934 ], [ 11.256214527892409, 44.495194782438034 ], [ 11.256220886717852, 44.495237414581325 ], [ 11.256221053747272, 44.495302679183574 ], [ 11.25621947454403, 44.495343219365012 ], [ 11.256219877139083, 44.495374162324573 ], [ 11.256259764304223, 44.495470710029338 ], [ 11.256321190114583, 44.495636606610958 ], [ 11.256357430121401, 44.495760801305231 ], [ 11.256394933404943, 44.495856837013577 ], [ 11.256449672964049, 44.495971666128085 ], [ 11.256464032754453, 44.496078840837882 ], [ 11.256492730805199, 44.496150302427573 ], [ 11.256530605963617, 44.496255897789567 ], [ 11.256566908754829, 44.496320446290582 ], [ 11.256653113069817, 44.496598940729676 ], [ 11.256784336016002, 44.496963761335294 ], [ 11.256809275702786, 44.497039795728874 ], [ 11.256910088917577, 44.497391151686998 ], [ 11.256926982300666, 44.497482527093851 ], [ 11.256942602444591, 44.49752047568856 ], [ 11.256761152082674, 44.497503814248013 ], [ 11.256200303690111, 44.497413623680465 ], [ 11.255884463236161, 44.497377664006677 ], [ 11.255616361373837, 44.497356512049322 ], [ 11.255383161785662, 44.497343677907722 ], [ 11.254683392062661, 44.497320365169131 ], [ 11.254262522684751, 44.497312928540751 ], [ 11.253868769441716, 44.497294818081052 ], [ 11.253534895008334, 44.497280592702744 ], [ 11.253419521558202, 44.497264862282506 ], [ 11.253038223652711, 44.497223436653151 ], [ 11.251998841890046, 44.497118477013302 ], [ 11.251587799554512, 44.497080441203494 ], [ 11.251096731081583, 44.497025983997119 ], [ 11.250939838913695, 44.496993635349192 ], [ 11.250838448332463, 44.496973682570037 ], [ 11.250572583312298, 44.4969288491451 ], [ 11.250431398666398, 44.496896191030821 ], [ 11.249947404811698, 44.496801078643223 ], [ 11.249204746160009, 44.496663793611603 ], [ 11.248759946349541, 44.496585904636667 ], [ 11.248533946075616, 44.496555473044417 ], [ 11.24807350975539, 44.49647958096125 ], [ 11.2476129298975, 44.496400315671465 ], [ 11.247608026809148, 44.496456667609188 ], [ 11.247635921731415, 44.496581242736255 ], [ 11.247653850914711, 44.496626252897514 ], [ 11.24785275545481, 44.497056144445068 ], [ 11.248174240340207, 44.497750328826577 ], [ 11.248352538439338, 44.498155299146532 ], [ 11.248506178695409, 44.498511813152611 ], [ 11.248598176211418, 44.498696237680406 ], [ 11.248746672989368, 44.498939201253059 ], [ 11.249007912315927, 44.499374613751002 ], [ 11.249301200242231, 44.499845969875516 ], [ 11.249902245426684, 44.500796827305734 ], [ 11.250121041928416, 44.501150364140351 ], [ 11.250067003614859, 44.501167721232058 ], [ 11.249721848850518, 44.501237007081173 ], [ 11.249253213425574, 44.50133739361835 ], [ 11.248976371556331, 44.501395731768895 ], [ 11.24875611008224, 44.501433271454275 ], [ 11.248543355607572, 44.501461653963339 ], [ 11.248327970918542, 44.501482781378151 ], [ 11.248078959797565, 44.50148824259341 ], [ 11.247767576193892, 44.501445990630039 ], [ 11.247531799427616, 44.501376144506594 ], [ 11.247297823692216, 44.501292628022526 ], [ 11.247009923392742, 44.501186326428645 ], [ 11.246819138451173, 44.501131563822469 ], [ 11.246485637581488, 44.501086368585099 ], [ 11.246133584801068, 44.501070228637367 ], [ 11.245225548712016, 44.501070082370362 ], [ 11.244961633005431, 44.50107639797767 ], [ 11.244494766883637, 44.501100202781899 ], [ 11.243940801161347, 44.501128544579785 ], [ 11.243167225901146, 44.501170190011841 ], [ 11.2427827344631, 44.501189561245262 ], [ 11.242213438594325, 44.501227753877671 ], [ 11.242052722056613, 44.501260159834651 ], [ 11.241810880883143, 44.501329619882981 ], [ 11.241564786227711, 44.501431796415297 ], [ 11.24142931889801, 44.501486781140564 ], [ 11.241301304165781, 44.501531486975018 ], [ 11.240914419565865, 44.501631925778767 ], [ 11.240728661094721, 44.501687898665629 ], [ 11.240565465873285, 44.501758062113439 ], [ 11.240497283671901, 44.501793205901095 ], [ 11.240466776545087, 44.501808928079733 ], [ 11.240190760155631, 44.501991603038995 ], [ 11.239993274985038, 44.502110822948531 ], [ 11.23973203123507, 44.502248735050536 ], [ 11.239565971667634, 44.502326259759855 ], [ 11.239346925910558, 44.50242456359004 ], [ 11.239098301059503, 44.502534612170379 ], [ 11.23903419044678, 44.502555470940877 ], [ 11.238963955731709, 44.502578322323551 ], [ 11.238825815487168, 44.502604666033015 ], [ 11.238690306090293, 44.502618015866162 ], [ 11.238278819673461, 44.502671660991453 ], [ 11.238018614072994, 44.502713329171577 ], [ 11.237390792788236, 44.50284604600116 ], [ 11.236979001398815, 44.502932892148685 ], [ 11.236676437071951, 44.502997896455184 ], [ 11.236324347127493, 44.503083564210961 ], [ 11.235707126137987, 44.503243022355683 ], [ 11.236184776377868, 44.503956732075892 ], [ 11.237051437648514, 44.505278309510388 ], [ 11.236998996636599, 44.50529510155264 ], [ 11.235889301268253, 44.505654383114553 ], [ 11.236358551787269, 44.506362063473659 ], [ 11.236722884989142, 44.506924894321166 ], [ 11.236996570096741, 44.507333707944483 ], [ 11.236666248030286, 44.507458281534078 ], [ 11.236553852122178, 44.507500434354768 ], [ 11.236167446922613, 44.507614906035109 ], [ 11.235966621379873, 44.507688606965495 ], [ 11.235362977978305, 44.507899607978956 ], [ 11.235245145739468, 44.507946833581066 ], [ 11.235196452403043, 44.507965344723438 ], [ 11.234872412632173, 44.508078549484935 ], [ 11.233935587238898, 44.508405824554359 ], [ 11.232907587446315, 44.508767468230396 ], [ 11.232497015928162, 44.508907741503002 ], [ 11.232617454640138, 44.509128795904466 ], [ 11.232716021456291, 44.509309702426528 ], [ 11.232979972519956, 44.509756347605475 ], [ 11.233341775279296, 44.510332833264485 ], [ 11.233389464540551, 44.510408393373602 ], [ 11.233797041574205, 44.511197141361514 ], [ 11.233928843541857, 44.511415692492768 ], [ 11.233997292164805, 44.511560639457549 ], [ 11.234057562984153, 44.511616800983504 ], [ 11.234144646360573, 44.511663263220761 ], [ 11.234837786865363, 44.512033086791895 ], [ 11.234972091500042, 44.512090657691047 ], [ 11.235035849465371, 44.512113043888739 ], [ 11.235683504947119, 44.512167321359392 ], [ 11.235792593891384, 44.512161809840627 ], [ 11.236005180112386, 44.512127819717335 ], [ 11.236196796972127, 44.512084826868097 ], [ 11.236235948813691, 44.512076041342041 ], [ 11.236624391110078, 44.51199359583952 ], [ 11.236731651288103, 44.511981370023015 ], [ 11.23694875379611, 44.511983299045362 ], [ 11.237229932092351, 44.511994532859802 ], [ 11.237288961052714, 44.511996890623486 ], [ 11.23750195444199, 44.512014658128045 ], [ 11.23763918505689, 44.512045727077499 ], [ 11.237779265011731, 44.512110499656949 ], [ 11.237896116895236, 44.512203352711417 ], [ 11.237993380517368, 44.512313211110509 ], [ 11.23803419718838, 44.512359309824184 ], [ 11.238134944159087, 44.512513432978345 ], [ 11.238151128435852, 44.512538192341538 ], [ 11.238243251458481, 44.512746823099327 ], [ 11.238338812798471, 44.513126989782364 ], [ 11.238382706172139, 44.513698355980942 ], [ 11.23843038913758, 44.513896041134942 ], [ 11.238724809779747, 44.514438293776855 ], [ 11.239152508433591, 44.515195677545719 ], [ 11.239249520411045, 44.5153878943525 ], [ 11.239303705985991, 44.51555000032365 ], [ 11.239376992436423, 44.515861960128191 ], [ 11.239448569197586, 44.516457533379089 ], [ 11.239477101517764, 44.516719502909979 ], [ 11.239496022377818, 44.516895479408028 ], [ 11.23950262230494, 44.516990249587586 ], [ 11.239518759903696, 44.517221939040382 ], [ 11.239631874403877, 44.517485291128573 ], [ 11.239709447763852, 44.517662690702629 ], [ 11.239838102578144, 44.51779965855043 ], [ 11.240000196316871, 44.51796639698744 ], [ 11.240146225318888, 44.518122268346602 ], [ 11.240295068361933, 44.518291950940586 ], [ 11.240456250556191, 44.518475702544997 ], [ 11.240521816100573, 44.518565571204284 ], [ 11.240594147356738, 44.518657270492263 ], [ 11.240734469192223, 44.518942879209462 ], [ 11.240830140168336, 44.519120487211076 ], [ 11.240877722724397, 44.519233205152275 ], [ 11.240938339546528, 44.51946045168593 ], [ 11.241157708035789, 44.52027931792562 ], [ 11.241229896320444, 44.520644190616117 ], [ 11.241276857084438, 44.520945972551864 ], [ 11.241280311863568, 44.521363962931886 ], [ 11.24123526898377, 44.521665858659489 ], [ 11.241190672825709, 44.521856355115474 ], [ 11.241141988881596, 44.521981654241593 ], [ 11.240909943845947, 44.522452092851076 ], [ 11.240673178553578, 44.522820212303415 ], [ 11.240649721597322, 44.52284430622786 ], [ 11.240602646194082, 44.522895766060614 ], [ 11.240553478093517, 44.52294896662967 ], [ 11.240522745016435, 44.522979063099804 ], [ 11.240449917937296, 44.523052376949245 ], [ 11.240421011189678, 44.523081601210478 ], [ 11.240399279632314, 44.523103506008091 ], [ 11.24022027657009, 44.523254996636744 ], [ 11.240073962900007, 44.523356894126472 ], [ 11.239746128134788, 44.523545063070742 ], [ 11.239365769725259, 44.523687330175498 ], [ 11.239111720851335, 44.52378235250238 ], [ 11.238944396136919, 44.523844937766675 ], [ 11.238449671672758, 44.523987982771267 ], [ 11.23821101988122, 44.524040488186166 ], [ 11.237772273908348, 44.524105357313402 ], [ 11.237004228144798, 44.524196928448973 ], [ 11.236819938975922, 44.524208789523783 ], [ 11.236488772359287, 44.524230103369725 ], [ 11.236258831646103, 44.524243041549802 ], [ 11.236070847047102, 44.524242790644188 ], [ 11.235782104387253, 44.524241050437645 ], [ 11.235214152392084, 44.524237626038378 ], [ 11.234942011089828, 44.524229318975976 ], [ 11.234405484390429, 44.524212939107336 ], [ 11.233671484220993, 44.524187362541227 ], [ 11.232909482009733, 44.524169635444281 ], [ 11.232820122835019, 44.524177566215307 ], [ 11.232161273919473, 44.524347995518241 ], [ 11.232079533738979, 44.524390669744285 ], [ 11.231934708129263, 44.524593695725954 ], [ 11.231913051632853, 44.524624053538282 ], [ 11.231557005560411, 44.525124464006652 ], [ 11.231455876008596, 44.525256409843614 ], [ 11.231308162421382, 44.525384753138653 ], [ 11.231199760006165, 44.525479413671988 ], [ 11.231040422916784, 44.525646259061496 ], [ 11.230752416622947, 44.525949263347634 ], [ 11.230681366475979, 44.526023816377823 ], [ 11.230598368008136, 44.526116022772882 ], [ 11.230330476888041, 44.526412720953914 ], [ 11.230087029144203, 44.52675225768369 ], [ 11.230031968635203, 44.526814090621158 ], [ 11.230003682466004, 44.526876536637246 ], [ 11.229900232558323, 44.527133445829044 ], [ 11.229931716789274, 44.527360699865461 ], [ 11.229965502170826, 44.527587007779005 ], [ 11.230063799735445, 44.528245433833582 ], [ 11.23011192208117, 44.528475738713418 ], [ 11.230137346797054, 44.528626603735447 ], [ 11.230138026592781, 44.528664848599377 ], [ 11.230138322022537, 44.528713793302501 ], [ 11.230053086555566, 44.529036171587862 ], [ 11.229936782593136, 44.529475222069927 ], [ 11.229921093350594, 44.529534449332921 ], [ 11.229772995381399, 44.530105627214105 ], [ 11.22964233455453, 44.530535793156375 ], [ 11.229760007797738, 44.530939733914479 ], [ 11.229768081683464, 44.53096601849888 ], [ 11.229795643512256, 44.531048760925238 ], [ 11.229929477548476, 44.531237989228828 ], [ 11.230040401397178, 44.531382673781899 ], [ 11.2302631805617, 44.531696228605703 ], [ 11.230369201437355, 44.531815663743842 ], [ 11.230487778443104, 44.531974851769228 ], [ 11.23051679272227, 44.532034484898531 ], [ 11.23055059908857, 44.532095716865236 ], [ 11.230615201374366, 44.532242432134481 ], [ 11.230799334700524, 44.532594440054119 ], [ 11.230896433973902, 44.53276808590747 ], [ 11.230905384321405, 44.532796603011896 ], [ 11.23091724471273, 44.532848421252119 ], [ 11.230938026245932, 44.532909570936852 ], [ 11.230961743432154, 44.53297498626884 ], [ 11.231008076209884, 44.533035390823812 ], [ 11.231126463174965, 44.533210312915251 ], [ 11.231177558661388, 44.533271206779929 ], [ 11.231287371444681, 44.533386653514867 ], [ 11.231802545009854, 44.533982000470047 ], [ 11.231927890580835, 44.534133152180537 ], [ 11.232051135457775, 44.534291102132478 ], [ 11.232187199099041, 44.534454986942819 ], [ 11.232234726905315, 44.534525517084987 ], [ 11.23226448294386, 44.534583465268646 ], [ 11.232277114508886, 44.534608195824035 ], [ 11.232321425189239, 44.534694852975555 ], [ 11.232387538210983, 44.534821589801552 ], [ 11.23241705629508, 44.534878177810377 ], [ 11.232592139482113, 44.535213816591877 ], [ 11.232609971735842, 44.535248515641335 ], [ 11.232624183425463, 44.535276182490698 ], [ 11.232875222619679, 44.535764881025074 ], [ 11.232878663525057, 44.535792955668079 ], [ 11.233040625181566, 44.536058167809657 ], [ 11.233189701143939, 44.536294946988583 ], [ 11.233358587507736, 44.536515013189536 ], [ 11.233610661688422, 44.536873551737607 ], [ 11.233715060396198, 44.537011611048086 ], [ 11.233776640426038, 44.537079049562806 ], [ 11.233874861360054, 44.537220045600371 ], [ 11.233946258550681, 44.53733849205851 ], [ 11.234059043249591, 44.537572038018226 ], [ 11.234075501706775, 44.537598914396447 ], [ 11.23418909139737, 44.537784416818624 ], [ 11.234225669598848, 44.537844406855719 ], [ 11.23428309917364, 44.537938439695161 ], [ 11.234318312022221, 44.537995143489454 ], [ 11.234334465767388, 44.538020727626275 ], [ 11.234417959673552, 44.538152987272632 ], [ 11.234494938585518, 44.538273363192033 ], [ 11.234519269839652, 44.538311402492816 ], [ 11.234665689978257, 44.53862249897665 ], [ 11.234738658696051, 44.538802247537213 ], [ 11.234839272644155, 44.539108607578775 ], [ 11.234972989710599, 44.539477912446252 ], [ 11.235177487283458, 44.539990423718322 ], [ 11.235350416148261, 44.540356700687454 ], [ 11.235410497558734, 44.540425849301151 ], [ 11.235479167679385, 44.54051397178501 ], [ 11.235538867362312, 44.540594775284383 ], [ 11.235791781177397, 44.540897644061687 ], [ 11.236055212894176, 44.541174761552128 ], [ 11.236188976323145, 44.541277161337938 ], [ 11.236307258520053, 44.541467871210955 ], [ 11.236478151459025, 44.541794751567579 ], [ 11.236270835998328, 44.541892775994235 ], [ 11.236532197517741, 44.541962985362375 ], [ 11.236558211987884, 44.542009135819796 ], [ 11.236707802276257, 44.542274647880731 ], [ 11.236811918120505, 44.542528052922371 ], [ 11.236898766322167, 44.542878672465598 ], [ 11.236918031986022, 44.542956402720797 ], [ 11.237394909637056, 44.543602075117995 ], [ 11.237467353275694, 44.543700155720394 ], [ 11.237598137208652, 44.544156714135354 ], [ 11.23831397345568, 44.545364205988037 ], [ 11.238449362291087, 44.545591670311154 ], [ 11.238501836484742, 44.5456806387268 ], [ 11.238526785013935, 44.545722934921478 ], [ 11.238609296170104, 44.5458162737715 ], [ 11.23898735350558, 44.546243928189192 ], [ 11.239829829211068, 44.547199481542293 ], [ 11.239878941666896, 44.547263111032926 ], [ 11.239853725027286, 44.547324312540752 ], [ 11.239732393374302, 44.547616799497433 ], [ 11.240706691761963, 44.549057764031716 ], [ 11.242609428361821, 44.552052544974977 ], [ 11.243380993222766, 44.553189698203312 ], [ 11.245051766593626, 44.555650503007897 ], [ 11.248874640939306, 44.554486049994267 ], [ 11.24900136533444, 44.554447446155095 ], [ 11.24910249636733, 44.554414385128091 ], [ 11.250202785285335, 44.554054693398946 ], [ 11.250217124217107, 44.554079176673206 ], [ 11.251172797966644, 44.555701008600366 ], [ 11.25168032485268, 44.555090901261309 ], [ 11.251863485890425, 44.554870725639482 ], [ 11.252092531267612, 44.554595326033933 ], [ 11.252148054338683, 44.554528569003217 ] ] ] } },
{ "type": "Feature", "properties": { "MapCommunity": "C5", "CITY": "Bologna", "COM_ASC2": "37006004", "DEN_ASC2": "Colli", "is_member": 0, "is_incoming": 0, "CommunityInitial": "", "CommunityPrev": "", "CommunityFinal": "", "Transition": "" }, "geometry": { "type": "Polygon", "coordinates": [ [ [ 11.333578404979335, 44.488702780543377 ], [ 11.334453518522499, 44.488363857198571 ], [ 11.334578789840007, 44.488313762544678 ], [ 11.335549971212705, 44.487939398904288 ], [ 11.335864967060175, 44.487816483634646 ], [ 11.336410785845871, 44.487608383665005 ], [ 11.336962752537644, 44.487396778346692 ], [ 11.337132319659039, 44.487332540240011 ], [ 11.337325062767603, 44.487258261195123 ], [ 11.337415367794975, 44.487223396037905 ], [ 11.338110623767605, 44.486952404818901 ], [ 11.339064123472252, 44.486581210080082 ], [ 11.339387674030872, 44.486455593550986 ], [ 11.339539912088854, 44.48643027320491 ], [ 11.339699890251675, 44.486411393817995 ], [ 11.340259570160345, 44.486341335993245 ], [ 11.341600037475946, 44.486171969205941 ], [ 11.342679044084974, 44.486048066438002 ], [ 11.344093134710306, 44.485877691473348 ], [ 11.344413466478434, 44.485839097254541 ], [ 11.346224658676787, 44.485615331452891 ], [ 11.34725595500273, 44.48548899539324 ], [ 11.34744245206736, 44.485496458710962 ], [ 11.347724254144214, 44.485456550798794 ], [ 11.347897511833274, 44.485434505069414 ], [ 11.34808026084221, 44.485411252854824 ], [ 11.348983200162216, 44.485301604286121 ], [ 11.349236183665823, 44.485270882222224 ], [ 11.349205105052347, 44.485192295356583 ], [ 11.349142256922939, 44.48503951827869 ], [ 11.349125694364441, 44.485009126050841 ], [ 11.349069120078138, 44.484898334867616 ], [ 11.349049068598482, 44.484840618621895 ], [ 11.349119579571077, 44.484828093538027 ], [ 11.349514144925736, 44.484795058597051 ], [ 11.349927241641236, 44.484657189086953 ], [ 11.349881317280234, 44.484546953289623 ], [ 11.349767101630144, 44.484245649489466 ], [ 11.349755193715501, 44.484201307440536 ], [ 11.349693760517191, 44.483972581714767 ], [ 11.349675943968192, 44.48392505552237 ], [ 11.34944364477087, 44.483327657510991 ], [ 11.349468779440974, 44.483289689393231 ], [ 11.349448161998584, 44.483263217567455 ], [ 11.349431214392418, 44.483232621739553 ], [ 11.34943499568474, 44.48318978157257 ], [ 11.349486399176472, 44.48315536808353 ], [ 11.34945422671583, 44.483027474034046 ], [ 11.349297736199368, 44.483016652473154 ], [ 11.349307201576273, 44.482967393510762 ], [ 11.34929884265164, 44.482887623359822 ], [ 11.34928636220884, 44.482777239164982 ], [ 11.349283959513265, 44.482714270417887 ], [ 11.349266046618368, 44.482643969558602 ], [ 11.349244670266751, 44.482606418507991 ], [ 11.349214623269042, 44.482584709512345 ], [ 11.349152224933619, 44.48258086212978 ], [ 11.349098088050724, 44.482591789021683 ], [ 11.349053057868858, 44.482604059833449 ], [ 11.348996564654637, 44.482609543579876 ], [ 11.348959235711689, 44.48260995160318 ], [ 11.348875584596305, 44.482597998821113 ], [ 11.348894692232401, 44.482547316232932 ], [ 11.348917004897647, 44.482488137657974 ], [ 11.349007526068871, 44.482255955182133 ], [ 11.349075803214815, 44.482114235664547 ], [ 11.349129222715387, 44.482038848724024 ], [ 11.349301906820516, 44.482014589019371 ], [ 11.349675944541584, 44.48182949623726 ], [ 11.350212579007037, 44.481552343160423 ], [ 11.350637245803391, 44.481341554829172 ], [ 11.35110992701668, 44.481099339126075 ], [ 11.351158226002484, 44.481068347685749 ], [ 11.351222958956569, 44.481029474457166 ], [ 11.351290889141259, 44.480987023421925 ], [ 11.351399988969945, 44.480905435357471 ], [ 11.351518375979655, 44.480785609082425 ], [ 11.35156732135254, 44.480714331914577 ], [ 11.351804876851267, 44.480388551998828 ], [ 11.351907887311608, 44.480250115928285 ], [ 11.351997913829452, 44.480129127846745 ], [ 11.35218061636602, 44.479872760226456 ], [ 11.352257492950336, 44.479764884204613 ], [ 11.352349469449203, 44.479632100958156 ], [ 11.352427382680933, 44.479516496327989 ], [ 11.352497739127749, 44.479432716731552 ], [ 11.352598282973947, 44.479336249674617 ], [ 11.352649356606218, 44.479286035671777 ], [ 11.352711681881798, 44.479224756917652 ], [ 11.352757678168301, 44.47917971147394 ], [ 11.352863659547292, 44.479075895817623 ], [ 11.352992361357726, 44.478930938877099 ], [ 11.353019370614488, 44.478889314069569 ], [ 11.353029178654763, 44.478848042020523 ], [ 11.353060872837535, 44.478744719415452 ], [ 11.353052061097161, 44.478703825770538 ], [ 11.353026162234835, 44.478630441037552 ], [ 11.35294775714279, 44.478463672442125 ], [ 11.352903516092615, 44.478361910527646 ], [ 11.352867599754646, 44.478235769007306 ], [ 11.352862269350048, 44.478192326072673 ], [ 11.352874707090248, 44.478144842049502 ], [ 11.352903836763421, 44.47808469031196 ], [ 11.352965869159807, 44.477986895678107 ], [ 11.353007044331752, 44.477940871888336 ], [ 11.353039388839544, 44.477914895257193 ], [ 11.353123584657482, 44.477875438796758 ], [ 11.353412016866999, 44.47774286307115 ], [ 11.353611236947504, 44.477648461426348 ], [ 11.353767165580511, 44.477586883417551 ], [ 11.353843119090399, 44.477563296918191 ], [ 11.35388750327826, 44.477557968636063 ], [ 11.353965805744755, 44.477533075054588 ], [ 11.354024522198568, 44.477521727316727 ], [ 11.354102621250147, 44.477512752641985 ], [ 11.354275616381679, 44.477496293248535 ], [ 11.354369570513221, 44.477478835039427 ], [ 11.354475768537693, 44.477451644474499 ], [ 11.354684446666848, 44.477394837914225 ], [ 11.354880110406937, 44.477334625482662 ], [ 11.35529161043746, 44.477203647367986 ], [ 11.355367848269326, 44.477188370593446 ], [ 11.355447232803396, 44.477186732605652 ], [ 11.35555352363369, 44.47717277475266 ], [ 11.355648464346784, 44.477149236377954 ], [ 11.355970825709599, 44.477058239255946 ], [ 11.356499022648487, 44.476908058409968 ], [ 11.356740361226777, 44.476846197699381 ], [ 11.356965829854506, 44.476798383221244 ], [ 11.357213007929028, 44.476760119206432 ], [ 11.357360621451104, 44.476737270645721 ], [ 11.357634660305644, 44.47670346907222 ], [ 11.357698630506338, 44.476694979095093 ], [ 11.357668419942902, 44.476659785281399 ], [ 11.357615103440486, 44.476625516096966 ], [ 11.357586455401652, 44.47660710145734 ], [ 11.357499566119543, 44.476525802765572 ], [ 11.357285332354197, 44.476342164254753 ], [ 11.357096536589992, 44.476178165023704 ], [ 11.357062162259718, 44.476130171589887 ], [ 11.357017807946216, 44.476052855658295 ], [ 11.356966724865735, 44.475864600869926 ], [ 11.356895731187926, 44.47573155511342 ], [ 11.35686466281456, 44.475506572312796 ], [ 11.357015889716683, 44.475320020892582 ], [ 11.357188020160821, 44.475125725709937 ], [ 11.357275016939727, 44.475002957615231 ], [ 11.357338993975024, 44.47487447553042 ], [ 11.357456602069309, 44.474750794268687 ], [ 11.357492409773323, 44.474703353746179 ], [ 11.357515742528635, 44.474677832923469 ], [ 11.35757777234647, 44.47465003828043 ], [ 11.357869609414807, 44.47426338490439 ], [ 11.357986835189548, 44.474089734797367 ], [ 11.358041936641989, 44.473940682822381 ], [ 11.358040651014864, 44.473874541997887 ], [ 11.358015257286141, 44.473809078314339 ], [ 11.357969851577113, 44.473758702248389 ], [ 11.357913226453045, 44.473713868547073 ], [ 11.357821788496146, 44.47364436741173 ], [ 11.357765731348827, 44.473588627846198 ], [ 11.357752689213111, 44.473548927431764 ], [ 11.357755208954215, 44.47349297097923 ], [ 11.357778637166431, 44.473459534832564 ], [ 11.357799071711289, 44.473389615316897 ], [ 11.357838519570542, 44.473335685131431 ], [ 11.357894653406525, 44.473296557170691 ], [ 11.357920429870486, 44.473265393363086 ], [ 11.357999777349821, 44.473203302736636 ], [ 11.35804613493266, 44.473193027449959 ], [ 11.358077385307846, 44.473179145377962 ], [ 11.358061342792679, 44.473150763839726 ], [ 11.358071695170588, 44.473120613610462 ], [ 11.358131048699789, 44.473097465276972 ], [ 11.358172614894047, 44.473074371970434 ], [ 11.35819136556141, 44.473046614883941 ], [ 11.358205811632399, 44.472930997511689 ], [ 11.358243068409676, 44.472835249404753 ], [ 11.358259863272204, 44.472808974928213 ], [ 11.358311236340931, 44.472789008139728 ], [ 11.358360827731328, 44.472774749781607 ], [ 11.358407347335557, 44.472765416274662 ], [ 11.358474571834078, 44.47273476892034 ], [ 11.358609932082787, 44.472635285092792 ], [ 11.358822177669204, 44.472407996696631 ], [ 11.358920910510045, 44.47233402472191 ], [ 11.358970163987886, 44.472239648935826 ], [ 11.358955148836433, 44.472197830597111 ], [ 11.358920371025313, 44.472155337625992 ], [ 11.35879527809578, 44.472071136440178 ], [ 11.358791174078881, 44.472034941615853 ], [ 11.358772257697714, 44.471995991072255 ], [ 11.358779062168374, 44.471943457968628 ], [ 11.358875683281324, 44.47181704443333 ], [ 11.358978460495829, 44.471746679001321 ], [ 11.358985077140005, 44.4716707429724 ], [ 11.358983911783366, 44.471616842305018 ], [ 11.358987681418553, 44.471538802680016 ], [ 11.359005264765962, 44.471479203028125 ], [ 11.359033903260876, 44.471431614867825 ], [ 11.359058116333296, 44.471286894434556 ], [ 11.359066513632829, 44.471235520337927 ], [ 11.359082960447887, 44.471136715271442 ], [ 11.359088251047721, 44.471108112665981 ], [ 11.359104804534676, 44.471016665926854 ], [ 11.35914214742453, 44.470944952700094 ], [ 11.359169816135402, 44.470926464786402 ], [ 11.35940906229547, 44.470854542506416 ], [ 11.359494062767757, 44.470817405361309 ], [ 11.359606664799148, 44.470756224207314 ], [ 11.359652408138928, 44.470728428372077 ], [ 11.35971455457913, 44.470632707223331 ], [ 11.359804189121196, 44.470442340490017 ], [ 11.35986291216034, 44.470355240708585 ], [ 11.359859780970266, 44.470271402873919 ], [ 11.359835051347954, 44.470135166183425 ], [ 11.35972262817242, 44.469919268599504 ], [ 11.359628012070566, 44.469745944390745 ], [ 11.359413695054783, 44.469372628096437 ], [ 11.359218792110667, 44.469056704243371 ], [ 11.35913969474681, 44.468928343839636 ], [ 11.359011188133287, 44.468852855905205 ], [ 11.358967722138559, 44.468685317873927 ], [ 11.358814250166896, 44.468439658700831 ], [ 11.358732240767784, 44.468369962509769 ], [ 11.358615835890314, 44.468289094376409 ], [ 11.358571978926818, 44.468233374962793 ], [ 11.358537276109265, 44.468180256309999 ], [ 11.358459703257799, 44.468055373138341 ], [ 11.358277690848819, 44.467846943520591 ], [ 11.35823564262785, 44.467779933335045 ], [ 11.358156767687911, 44.467585217432315 ], [ 11.358085532788136, 44.467449039820302 ], [ 11.358044540282169, 44.467342778842493 ], [ 11.358019758683598, 44.467293213678509 ], [ 11.357984193444068, 44.467208514372857 ], [ 11.357848655828523, 44.467014608549079 ], [ 11.357659227989435, 44.466815512843837 ], [ 11.357282057039997, 44.46656502136792 ], [ 11.35696366877186, 44.466378851326496 ], [ 11.356708615455794, 44.466245117605865 ], [ 11.356231749269822, 44.465947615599127 ], [ 11.35584100101665, 44.465787512192122 ], [ 11.35554511822048, 44.465641835633086 ], [ 11.355288456243008, 44.465563227051234 ], [ 11.354969711817665, 44.465465597733555 ], [ 11.354880336372632, 44.465438233375586 ], [ 11.354846230998445, 44.465422529647348 ], [ 11.354775856783307, 44.465359462256124 ], [ 11.354694365099244, 44.465239365670008 ], [ 11.354658066858825, 44.465173669646163 ], [ 11.354621701980774, 44.465107846247079 ], [ 11.354564338246538, 44.465004016566368 ], [ 11.354522789414705, 44.464938291956003 ], [ 11.354462035851155, 44.464842189768895 ], [ 11.354428529095211, 44.464783155650125 ], [ 11.354385746181588, 44.464707774119894 ], [ 11.354325344696806, 44.464601408807397 ], [ 11.354302219999662, 44.464566864626072 ], [ 11.354273268027532, 44.464537464082248 ], [ 11.354229919987642, 44.464516294435008 ], [ 11.354165580209875, 44.464490048071411 ], [ 11.354036606363149, 44.464446739477424 ], [ 11.353975942454825, 44.464436717353436 ], [ 11.353921601861551, 44.46443044763911 ], [ 11.353835457817052, 44.46440773679879 ], [ 11.353641055375515, 44.464353228997481 ], [ 11.353493186579984, 44.4643023519426 ], [ 11.353317648101225, 44.464226118458313 ], [ 11.353188735220746, 44.464165218320623 ], [ 11.3530065691495, 44.464077325739048 ], [ 11.352837067344653, 44.463985483468811 ], [ 11.352702955272997, 44.463882737712794 ], [ 11.352574302554979, 44.463781319707415 ], [ 11.352426635033913, 44.463685334869737 ], [ 11.352354254878856, 44.463614086104776 ], [ 11.351940380270838, 44.463328319041487 ], [ 11.351806567677533, 44.463189107219335 ], [ 11.351659640513086, 44.463020725021259 ], [ 11.35151944901504, 44.462879212654578 ], [ 11.351403836230748, 44.462761229943759 ], [ 11.351319046798704, 44.462659447140744 ], [ 11.351143262774675, 44.46247050246923 ], [ 11.351074611549429, 44.462369917541658 ], [ 11.351010822072224, 44.462274634019721 ], [ 11.350950285821691, 44.462203950658065 ], [ 11.350856063917671, 44.461954899637597 ], [ 11.350770101529376, 44.461833334789468 ], [ 11.35059970557359, 44.461628164496545 ], [ 11.350437277472562, 44.461408513907656 ], [ 11.350225189864766, 44.460408915601157 ], [ 11.350172523453073, 44.460174042785574 ], [ 11.350111223419551, 44.459993454378775 ], [ 11.350100858580133, 44.459869882507995 ], [ 11.350153595392573, 44.459702518246338 ], [ 11.350250934773994, 44.459568988531032 ], [ 11.350319588407535, 44.459528863750052 ], [ 11.350404361476087, 44.459520703971336 ], [ 11.350439091451491, 44.459485666366923 ], [ 11.350467606918526, 44.459432752349869 ], [ 11.350495057945661, 44.459333719963851 ], [ 11.350525494569277, 44.459250383398079 ], [ 11.350550054984673, 44.459177294877762 ], [ 11.350574640350303, 44.45910476670155 ], [ 11.350600444463826, 44.459062600001722 ], [ 11.350605885552225, 44.45902197612665 ], [ 11.350727358506512, 44.458955894601992 ], [ 11.350807998813632, 44.458909783512979 ], [ 11.350922791498787, 44.45885340374096 ], [ 11.351073110810734, 44.458801357054384 ], [ 11.351180774432502, 44.458763129108789 ], [ 11.351273938754193, 44.458755020920215 ], [ 11.35187970954774, 44.458756608778437 ], [ 11.351738250442667, 44.458559777227364 ], [ 11.35154817857928, 44.458482670901361 ], [ 11.351289039302248, 44.458446372488226 ], [ 11.351207468014641, 44.458430047342418 ], [ 11.351070947960507, 44.458414853840566 ], [ 11.350926397752357, 44.458395324233557 ], [ 11.350811944583706, 44.458381925729476 ], [ 11.350733378020868, 44.458362164181452 ], [ 11.350635647644969, 44.458315224834493 ], [ 11.350519691241255, 44.45826506053578 ], [ 11.350478322962944, 44.458266317440845 ], [ 11.350429680094862, 44.458244452310964 ], [ 11.350396930390724, 44.458227031324618 ], [ 11.350359639529058, 44.458212404616745 ], [ 11.350318588250056, 44.45819650492426 ], [ 11.350268686637481, 44.458169895146909 ], [ 11.35022248326557, 44.458149240071442 ], [ 11.350176292617364, 44.45813209574154 ], [ 11.350131476572395, 44.4581210448832 ], [ 11.350074341674249, 44.458109887506019 ], [ 11.350011746745075, 44.458100553000811 ], [ 11.34996248307487, 44.458097696003385 ], [ 11.349902802462063, 44.458095142545019 ], [ 11.349839164604253, 44.458091140966467 ], [ 11.349788461733981, 44.458086874898569 ], [ 11.349725840504568, 44.458076820567157 ], [ 11.349672078398484, 44.458074596195821 ], [ 11.349609419534863, 44.45807309507515 ], [ 11.34956471786724, 44.458074195192424 ], [ 11.349528924356189, 44.458078082814865 ], [ 11.349470215925898, 44.458082622100065 ], [ 11.349403999078083, 44.458095733344599 ], [ 11.349348311522069, 44.458116010013775 ], [ 11.349306190744073, 44.458122006561226 ], [ 11.349261806385075, 44.458109147751067 ], [ 11.349006135949846, 44.458181117629799 ], [ 11.348949685644335, 44.458193352444219 ], [ 11.34880065631797, 44.4582101929117 ], [ 11.348704491814765, 44.458222524524324 ], [ 11.348657214377692, 44.45822844867606 ], [ 11.348614747107515, 44.458241385923778 ], [ 11.348578511474001, 44.458259326449301 ], [ 11.348543937965442, 44.458288936189085 ], [ 11.348523296897104, 44.458318078334067 ], [ 11.348495434071539, 44.458341068105163 ], [ 11.348461987589349, 44.458368944133795 ], [ 11.34840626208749, 44.458399259057224 ], [ 11.348338629620095, 44.458433598201403 ], [ 11.348281523012806, 44.458454489612286 ], [ 11.348232098372824, 44.458466399494263 ], [ 11.348174631765248, 44.45846587109412 ], [ 11.348130969414417, 44.458428669181956 ], [ 11.348177245748785, 44.458383732231766 ], [ 11.348222330655791, 44.458367670503776 ], [ 11.34819798439228, 44.458324576069785 ], [ 11.348183930638902, 44.458277540123213 ], [ 11.348182705177289, 44.458116896263412 ], [ 11.348189895347453, 44.457819088037716 ], [ 11.348191337284678, 44.457594876626963 ], [ 11.348188811556527, 44.457458854690252 ], [ 11.34818499679635, 44.457363785234975 ], [ 11.348179750116392, 44.457273379788262 ], [ 11.348162292141337, 44.457161188879823 ], [ 11.348140115616639, 44.457052570942402 ], [ 11.348118122749533, 44.456948593679712 ], [ 11.348100060869726, 44.456821335767074 ], [ 11.348101226426632, 44.456689027094214 ], [ 11.348103118515585, 44.456655338130972 ], [ 11.348122765821234, 44.456579509031762 ], [ 11.348158551984923, 44.456491417666129 ], [ 11.348191093446832, 44.456424944437664 ], [ 11.348245877951889, 44.456336788139296 ], [ 11.348300898828501, 44.456254436351095 ], [ 11.348397249637916, 44.456112050089999 ], [ 11.348454766453223, 44.456011082546347 ], [ 11.34848734889267, 44.455934989071061 ], [ 11.34849224606025, 44.455895438778057 ], [ 11.348487285494196, 44.455852606365013 ], [ 11.348469508910558, 44.455772904441915 ], [ 11.348413893569235, 44.455678900627156 ], [ 11.348368759091548, 44.455630044553871 ], [ 11.348317474157477, 44.455589265211628 ], [ 11.348253297246931, 44.455552252167365 ], [ 11.348189924273775, 44.455507137282993 ], [ 11.348114431956446, 44.455442549577981 ], [ 11.348064162361153, 44.455400658116083 ], [ 11.348034045519068, 44.45536708737508 ], [ 11.348010816265107, 44.455322849077483 ], [ 11.347996194762075, 44.455281378490021 ], [ 11.347988319800745, 44.4552467272729 ], [ 11.347978000990615, 44.455191249208525 ], [ 11.347969236100738, 44.45509395884914 ], [ 11.347964184537567, 44.454974544656324 ], [ 11.347949355280946, 44.454880863044586 ], [ 11.347929362277508, 44.45482673538767 ], [ 11.347893087334084, 44.454770631629081 ], [ 11.347844574922144, 44.45473217084011 ], [ 11.347788789192871, 44.454714755636559 ], [ 11.347616330710599, 44.454696254921465 ], [ 11.347549225911973, 44.454679071476519 ], [ 11.347458852225614, 44.454647278068506 ], [ 11.34741735351629, 44.454622609850936 ], [ 11.347365832696768, 44.454590017420323 ], [ 11.347320597730057, 44.454552659356217 ], [ 11.347274384396902, 44.454490952153861 ], [ 11.347255268498349, 44.454418234800585 ], [ 11.347238649774571, 44.454326912562763 ], [ 11.347226448089003, 44.454143835549324 ], [ 11.347230233086961, 44.454076454007982 ], [ 11.347242663529041, 44.454022822681097 ], [ 11.347269582037423, 44.45395128339127 ], [ 11.347344033155304, 44.453809650760341 ], [ 11.347436752115986, 44.453608674252337 ], [ 11.347520351531474, 44.453429451919476 ], [ 11.347560610418828, 44.453331961796479 ], [ 11.347603353472591, 44.453204544415904 ], [ 11.347637594530434, 44.453059213761158 ], [ 11.347654582722733, 44.452952175024798 ], [ 11.34765502539946, 44.452902075239237 ], [ 11.347656206292143, 44.452839663567282 ], [ 11.347639084260534, 44.452763223176831 ], [ 11.347615656139455, 44.452715712810161 ], [ 11.347552847684906, 44.452648467356752 ], [ 11.34745021869904, 44.452597850260318 ], [ 11.347363566509216, 44.452578547921533 ], [ 11.347260388315128, 44.452544640042085 ], [ 11.347151916692873, 44.452501174772983 ], [ 11.347064381061566, 44.452459914927985 ], [ 11.34699843482494, 44.452436665659448 ], [ 11.34689216305661, 44.452417759127904 ], [ 11.346734963531247, 44.452411020404185 ], [ 11.34666488583405, 44.452406834338241 ], [ 11.346590653084466, 44.452394086605224 ], [ 11.346522222971608, 44.452370006760908 ], [ 11.346454620643856, 44.452336250928404 ], [ 11.346391319095556, 44.452287461374198 ], [ 11.346328227984891, 44.452219074113891 ], [ 11.346277818859472, 44.452118439782957 ], [ 11.346241139347685, 44.452029562475829 ], [ 11.346233287568586, 44.451986666025469 ], [ 11.346223888663124, 44.451935895253435 ], [ 11.346224614049492, 44.451892821616788 ], [ 11.34623539462336, 44.451855689220423 ], [ 11.346244112105575, 44.451828268061199 ], [ 11.346276287885876, 44.45177400592906 ], [ 11.346304093476437, 44.451733012575502 ], [ 11.346321688215626, 44.451691950003564 ], [ 11.346333831849417, 44.451645580780003 ], [ 11.346317996153692, 44.451599785733762 ], [ 11.346291144167012, 44.451558222382097 ], [ 11.346261722909714, 44.451522737297772 ], [ 11.346156617681114, 44.451414616037532 ], [ 11.346106893688415, 44.451361496080281 ], [ 11.346068132995548, 44.451302128923665 ], [ 11.34604078744958, 44.451248549026026 ], [ 11.346034156067478, 44.451222621762028 ], [ 11.345963560976221, 44.451067663358131 ], [ 11.345950927508317, 44.451031831391852 ], [ 11.345949704211597, 44.450931595013003 ], [ 11.3459045291645, 44.450782135138581 ], [ 11.345844812393498, 44.450689114542953 ], [ 11.345806694696671, 44.450645783987888 ], [ 11.345749465749455, 44.450614876361243 ], [ 11.345581696382819, 44.450479962956244 ], [ 11.345517674757925, 44.450419116053936 ], [ 11.345455883276085, 44.450344187274744 ], [ 11.345426071913744, 44.450298680138701 ], [ 11.345372358336938, 44.450215563091 ], [ 11.345317668470233, 44.450108404711379 ], [ 11.345283372116118, 44.450020875316348 ], [ 11.345241973818455, 44.4499655862354 ], [ 11.345198414121944, 44.449926374349097 ], [ 11.345111922892535, 44.449863981231587 ], [ 11.344862889679938, 44.449726729948544 ], [ 11.344600265424726, 44.449599777200568 ], [ 11.344395512273717, 44.449519763510082 ], [ 11.344208581578894, 44.449465453322283 ], [ 11.344030851478571, 44.449431005495697 ], [ 11.343895335002486, 44.449407936952319 ], [ 11.343969308666688, 44.449392900607606 ], [ 11.344029612429095, 44.449377744288967 ], [ 11.344092203160526, 44.449370022174747 ], [ 11.344162070965844, 44.449364725350357 ], [ 11.344246313398004, 44.449359133295367 ], [ 11.344327174042737, 44.449358760139219 ], [ 11.344391908261922, 44.449360005488117 ], [ 11.344453118829177, 44.449362610544341 ], [ 11.344503502272095, 44.449364150553905 ], [ 11.344550394715812, 44.449368336995747 ], [ 11.344597444139422, 44.44937638232836 ], [ 11.344648125225255, 44.449385640429199 ], [ 11.344747866274934, 44.449408051994943 ], [ 11.344811593452333, 44.449428626660158 ], [ 11.344884437604795, 44.449452878853165 ], [ 11.345198028825218, 44.449564865821579 ], [ 11.345460411235003, 44.449654740273743 ], [ 11.345556612698696, 44.449678502230313 ], [ 11.345665052612148, 44.449705865763775 ], [ 11.345706533989354, 44.449677798412885 ], [ 11.345791958030942, 44.44965240212877 ], [ 11.345880880394226, 44.449635936534371 ], [ 11.345976445900614, 44.449628345996345 ], [ 11.346075327153207, 44.449625188556553 ], [ 11.346177634340227, 44.449628712602539 ], [ 11.346478651865628, 44.449649551526029 ], [ 11.346779534029402, 44.449667006543216 ], [ 11.347145533033082, 44.449701137117756 ], [ 11.347200630346096, 44.449703380249211 ], [ 11.347272817908234, 44.449700770625086 ], [ 11.347352910327974, 44.449699123741119 ], [ 11.347427828851259, 44.449686320887018 ], [ 11.34755718248965, 44.449658894604646 ], [ 11.347660813259491, 44.449617358880516 ], [ 11.347773068924239, 44.449594785299169 ], [ 11.347941633307261, 44.449565425922117 ], [ 11.348040166323276, 44.449553273098459 ], [ 11.348161975102551, 44.449533878630149 ], [ 11.348297598016826, 44.449506322550242 ], [ 11.348387922563541, 44.449485324835329 ], [ 11.348511516028045, 44.449432115362363 ], [ 11.34854076789059, 44.449416883370311 ], [ 11.348625692771813, 44.449379109396297 ], [ 11.348727797652499, 44.449338729425513 ], [ 11.348828837816006, 44.449310758907586 ], [ 11.348940557995451, 44.449292408431717 ], [ 11.349106232471437, 44.449252134375534 ], [ 11.349302836581636, 44.449216570228828 ], [ 11.349377904375153, 44.449207139012742 ], [ 11.349596490831162, 44.449210526522265 ], [ 11.34975497748494, 44.449243292067941 ], [ 11.349821696218955, 44.449261049346525 ], [ 11.350020396695138, 44.449356032252624 ], [ 11.350166346478241, 44.449390181539712 ], [ 11.350387907216385, 44.449388995974665 ], [ 11.350436815774691, 44.449393615625077 ], [ 11.350522430405411, 44.449412116863499 ], [ 11.350557472824963, 44.449423782956011 ], [ 11.350668266869802, 44.4494822964176 ], [ 11.350864630127617, 44.449597590923659 ], [ 11.350990183842482, 44.449671553841284 ], [ 11.351042517507233, 44.449722266443217 ], [ 11.351090727733052, 44.449787695939463 ], [ 11.351103973275841, 44.449843715763528 ], [ 11.351107710044666, 44.449897672661699 ], [ 11.351080964790009, 44.450053590190528 ], [ 11.351021028738135, 44.450243959282261 ], [ 11.350969965452204, 44.450460037205879 ], [ 11.350961063428237, 44.450551407392346 ], [ 11.350954534899916, 44.450623598984109 ], [ 11.350950466099276, 44.450718245621381 ], [ 11.350953817747659, 44.450840890697513 ], [ 11.350965596531678, 44.450899191395919 ], [ 11.351015080368525, 44.451074920245269 ], [ 11.351096448007485, 44.451300658370307 ], [ 11.351150947443791, 44.451444765607569 ], [ 11.351216060350865, 44.45165732545258 ], [ 11.351263672470768, 44.45182521451428 ], [ 11.351278985398205, 44.451893580251273 ], [ 11.351287883589219, 44.451941474670328 ], [ 11.35130000542228, 44.451989051516456 ], [ 11.351308829698121, 44.452032755826735 ], [ 11.351323887997196, 44.452075209101793 ], [ 11.351338450996908, 44.452105293047268 ], [ 11.351353608683432, 44.452138950492731 ], [ 11.351407267350625, 44.452230928920102 ], [ 11.351443360828355, 44.452307859322367 ], [ 11.351467650976533, 44.452364777809493 ], [ 11.35150024429408, 44.452432786654825 ], [ 11.351513145371221, 44.45246517347524 ], [ 11.351524853003882, 44.452497574074968 ], [ 11.351550612428083, 44.452552203514635 ], [ 11.351602689105102, 44.452635565597198 ], [ 11.351659473973099, 44.452718829763818 ], [ 11.351777888247943, 44.452888646797206 ], [ 11.35180787323579, 44.452930807794047 ], [ 11.351833317738128, 44.452957864072097 ], [ 11.351874650900546, 44.452989097922 ], [ 11.351913648238947, 44.453020942545884 ], [ 11.351939680704188, 44.453042920001494 ], [ 11.351999807555279, 44.453087289461791 ], [ 11.352048138448554, 44.453065551591195 ], [ 11.352120689565714, 44.453042791603863 ], [ 11.352176169951484, 44.453033302999515 ], [ 11.352296490911085, 44.453010047436734 ], [ 11.352401515795396, 44.452986042841815 ], [ 11.352604312008882, 44.45293819185116 ], [ 11.352674807078285, 44.452922172746639 ], [ 11.352950203353041, 44.452838507721005 ], [ 11.353113452015858, 44.452782099216336 ], [ 11.353250872012469, 44.452733514159981 ], [ 11.353296798749302, 44.452720089741767 ], [ 11.353346692266644, 44.452697222585698 ], [ 11.353456674258966, 44.452652318732028 ], [ 11.353562433508067, 44.452610616745915 ], [ 11.353639474388125, 44.452576789009314 ], [ 11.353700599566452, 44.452544336383987 ], [ 11.35374905102344, 44.452521496983891 ], [ 11.353805868696776, 44.452490166620237 ], [ 11.353912406038706, 44.452431812289518 ], [ 11.353972669594427, 44.452393658808695 ], [ 11.354024184587281, 44.452352264699257 ], [ 11.354057354251195, 44.452321339933221 ], [ 11.354096042652003, 44.452272370795654 ], [ 11.3541195609367, 44.45223491196618 ], [ 11.354150937093914, 44.452198424516865 ], [ 11.354191062746803, 44.452146067722573 ], [ 11.354248674897836, 44.452061975191405 ], [ 11.354301786898134, 44.45198246685635 ], [ 11.354360821060155, 44.451894986955338 ], [ 11.35441267792285, 44.451823344851611 ], [ 11.354440700324535, 44.451781320546928 ], [ 11.354462975962566, 44.451751728572575 ], [ 11.354491220952474, 44.451715305607792 ], [ 11.354504569483021, 44.451691566710785 ], [ 11.354504516182374, 44.451658663162867 ], [ 11.354481739907186, 44.451632341074891 ], [ 11.354439220217687, 44.451617404907132 ], [ 11.354381421619154, 44.451612203303192 ], [ 11.354319466982826, 44.451615670499748 ], [ 11.354273277707277, 44.451624662444225 ], [ 11.354182370140578, 44.451641877725166 ], [ 11.354073022315442, 44.451673949447198 ], [ 11.353900321939213, 44.45172778141405 ], [ 11.353775608630553, 44.451761878388275 ], [ 11.353615627374129, 44.451806932070895 ], [ 11.353443756877134, 44.451853724177056 ], [ 11.353394303708578, 44.451864322505436 ], [ 11.353351748125922, 44.451871168558498 ], [ 11.353293687544786, 44.451876623727273 ], [ 11.353254557675262, 44.451879987123426 ], [ 11.353212828535968, 44.451877435337778 ], [ 11.353173189600669, 44.451868034454634 ], [ 11.353139432001239, 44.451856801821926 ], [ 11.353093453517834, 44.451822810342676 ], [ 11.353057097978501, 44.451791178140155 ], [ 11.353030764673758, 44.451757641445532 ], [ 11.352977155457193, 44.451666726870329 ], [ 11.352949453956803, 44.451599129862053 ], [ 11.352928286452865, 44.451545884318413 ], [ 11.35291244727561, 44.451507013293501 ], [ 11.352863338083647, 44.451380215913588 ], [ 11.352834593404392, 44.451316053276173 ], [ 11.352810595637193, 44.451251791894336 ], [ 11.352774378541866, 44.451179257750212 ], [ 11.352716410511848, 44.451039003882208 ], [ 11.352689766090322, 44.450967982920147 ], [ 11.352660393519823, 44.450888490874789 ], [ 11.352653047852428, 44.450823888068228 ], [ 11.352654053367953, 44.45078978334714 ], [ 11.352662123454246, 44.450753832431936 ], [ 11.352715616643986, 44.450664107068476 ], [ 11.352742367398102, 44.450619255544524 ], [ 11.352796066837538, 44.450534639391186 ], [ 11.352838979848496, 44.450477517229928 ], [ 11.352873261057033, 44.450442735665533 ], [ 11.352919027332197, 44.450397482264187 ], [ 11.352944009664135, 44.450367996838963 ], [ 11.353012449147307, 44.450295005262916 ], [ 11.353047917501078, 44.450251549437468 ], [ 11.353095143320834, 44.45018475766836 ], [ 11.35311845164213, 44.450143640187207 ], [ 11.353148552594309, 44.450073951438661 ], [ 11.353163044106973, 44.450011085257053 ], [ 11.353198484187827, 44.449848650149512 ], [ 11.353219390068416, 44.449775892869297 ], [ 11.353289604700889, 44.449631835481313 ], [ 11.353325318118269, 44.449532368175277 ], [ 11.353385225779366, 44.449442564264665 ], [ 11.353407023947106, 44.449420177242033 ], [ 11.353444226565559, 44.449386091496322 ], [ 11.353480853087424, 44.449343830612101 ], [ 11.353535291932221, 44.449281017657867 ], [ 11.35358171229025, 44.449222362668806 ], [ 11.353608889036979, 44.449167751387897 ], [ 11.353630458806496, 44.449118728409843 ], [ 11.353642135101346, 44.449064949853437 ], [ 11.35364764869926, 44.449030139988793 ], [ 11.353650409348115, 44.448995377881026 ], [ 11.353646998243423, 44.448944890267022 ], [ 11.353644581779442, 44.448919156519153 ], [ 11.353622633678178, 44.448855168118484 ], [ 11.353612619691171, 44.448816132960637 ], [ 11.353582558765003, 44.44868447779897 ], [ 11.353575389162746, 44.448643978680686 ], [ 11.353563677409836, 44.448593653194756 ], [ 11.353543757695181, 44.448545485614467 ], [ 11.35352468925471, 44.448484409594144 ], [ 11.353463124536058, 44.448330024029502 ], [ 11.353435581192786, 44.448298866548114 ], [ 11.353394944360847, 44.448252117232343 ], [ 11.353328824638476, 44.448191019966821 ], [ 11.353304481971495, 44.448170706775478 ], [ 11.353221770301721, 44.448109944283701 ], [ 11.353039181887452, 44.447974915163698 ], [ 11.352945639240321, 44.44788562937773 ], [ 11.352828071626645, 44.447783955901372 ], [ 11.352793848350682, 44.447758877685075 ], [ 11.352725281806405, 44.447705762724397 ], [ 11.35265773987325, 44.447643704084172 ], [ 11.352637464188302, 44.447621317346737 ], [ 11.352591082367166, 44.447500335091149 ], [ 11.352558019597675, 44.447400879138591 ], [ 11.352555007354276, 44.447360296072318 ], [ 11.352555578934425, 44.44731350654736 ], [ 11.352562021802578, 44.447237671425071 ], [ 11.352590875613695, 44.4471128501864 ], [ 11.352617752869685, 44.446972549111116 ], [ 11.352632282230728, 44.446895575042326 ], [ 11.352649061540253, 44.446809568160198 ], [ 11.352655363251555, 44.446762140185335 ], [ 11.352657288510532, 44.446711820728339 ], [ 11.352643649172995, 44.446639127271787 ], [ 11.352631649946662, 44.446576292119836 ], [ 11.352626074194532, 44.446403657946099 ], [ 11.35262545700583, 44.446287213327771 ], [ 11.35262489824026, 44.44620570677619 ], [ 11.35262536875717, 44.446116408826661 ], [ 11.352616367152562, 44.445993339097271 ], [ 11.352612907955439, 44.445940998775342 ], [ 11.352610422593058, 44.445912907720064 ], [ 11.35260642537588, 44.445880966780678 ], [ 11.352579955463728, 44.445795133686083 ], [ 11.35251402318737, 44.445627514533882 ], [ 11.352450454079673, 44.445498143004556 ], [ 11.352422131754739, 44.445446943416961 ], [ 11.352381605241016, 44.445358428160624 ], [ 11.352329435776731, 44.445270638949623 ], [ 11.352267475450411, 44.445181313950307 ], [ 11.352181343902748, 44.445095961087084 ], [ 11.352031961207244, 44.445010183769874 ], [ 11.351912097892207, 44.444932494642735 ], [ 11.351852164185326, 44.444893658626206 ], [ 11.351780691908209, 44.444852481930809 ], [ 11.35174438636755, 44.444813982823149 ], [ 11.351705861910977, 44.444732884767269 ], [ 11.351693860463966, 44.444646007969304 ], [ 11.351682394910735, 44.44460269115072 ], [ 11.35163312614042, 44.444466056497433 ], [ 11.351585675730195, 44.444374685694541 ], [ 11.35153108499461, 44.444286945981311 ], [ 11.351457648695229, 44.444154293100631 ], [ 11.351393261706834, 44.44407836672454 ], [ 11.35136741957372, 44.444027207602979 ], [ 11.351364946448204, 44.443979364445944 ], [ 11.351372875971519, 44.443920810827244 ], [ 11.351375988638022, 44.443877191891708 ], [ 11.351380879118986, 44.443789415248091 ], [ 11.351381155614536, 44.443702840967639 ], [ 11.351376286693228, 44.443641957303193 ], [ 11.35134869362011, 44.443560629446679 ], [ 11.351316673413034, 44.443489853849769 ], [ 11.35123922015821, 44.443378187705413 ], [ 11.351174770142759, 44.443287165048893 ], [ 11.35113850611352, 44.443232160323255 ], [ 11.351098841796974, 44.443152827531186 ], [ 11.351078474787382, 44.443069612366926 ], [ 11.351068804180434, 44.443010565987137 ], [ 11.351059009294838, 44.44294804624181 ], [ 11.351056072554721, 44.442874925070683 ], [ 11.351051261148712, 44.442815776811585 ], [ 11.351041169992488, 44.442722291341973 ], [ 11.351031631898231, 44.442629747860778 ], [ 11.351000048691537, 44.442388201760899 ], [ 11.350995320054185, 44.442330800105616 ], [ 11.350985929018114, 44.442278715107236 ], [ 11.350945835739697, 44.442233296873802 ], [ 11.350918815188219, 44.442127306942062 ], [ 11.350820422902537, 44.442149689071364 ], [ 11.35050741599731, 44.442237152853956 ], [ 11.34977512054564, 44.442301602777846 ], [ 11.349639480377821, 44.442313539582123 ], [ 11.349485819292104, 44.442374313799299 ], [ 11.349333051009324, 44.442434734536626 ], [ 11.349258063924532, 44.442464391223432 ], [ 11.349202639278133, 44.44248534484592 ], [ 11.348538887981283, 44.44254211761195 ], [ 11.348138916348576, 44.442536846035694 ], [ 11.347815935597065, 44.442473720361342 ], [ 11.347622630784731, 44.4425103295398 ], [ 11.346357044407153, 44.441140675942385 ], [ 11.345573978436319, 44.441030443897624 ], [ 11.345212852766441, 44.441010413360921 ], [ 11.344956436444267, 44.440867575456949 ], [ 11.344760806220835, 44.44069146330817 ], [ 11.345974178076673, 44.439455117242481 ], [ 11.346403345381935, 44.43954251725259 ], [ 11.345823582882367, 44.438282814176951 ], [ 11.34600300587258, 44.437664134736721 ], [ 11.346127316277284, 44.437473659400062 ], [ 11.346127610770157, 44.437265464147956 ], [ 11.346096336529865, 44.436954956057399 ], [ 11.346166171194181, 44.436776840925582 ], [ 11.346239293330122, 44.436641993386324 ], [ 11.346232441723716, 44.436549289768415 ], [ 11.346200867171014, 44.436417798553741 ], [ 11.34520996173929, 44.436193398078728 ], [ 11.344444215172416, 44.436015014091289 ], [ 11.343330999602321, 44.436023804984842 ], [ 11.342825320225163, 44.436025183193046 ], [ 11.342550434070523, 44.436004940737988 ], [ 11.342292221507909, 44.436047940410084 ], [ 11.341995122633328, 44.436140122081213 ], [ 11.341810164166542, 44.436144404391563 ], [ 11.341601510887942, 44.436037344971062 ], [ 11.341376677940417, 44.435893980680952 ], [ 11.34102223844701, 44.435749890653952 ], [ 11.340820674937623, 44.435598735208679 ], [ 11.340606639815208, 44.435511519048234 ], [ 11.340475940680895, 44.435697515454393 ], [ 11.340334703982785, 44.435798881246676 ], [ 11.339891667968395, 44.43591374072016 ], [ 11.339320240069959, 44.436018854497007 ], [ 11.339228793833286, 44.43628574424126 ], [ 11.339133459942103, 44.436435109994541 ], [ 11.338896877312823, 44.436626762650036 ], [ 11.338658991686154, 44.436825191699491 ], [ 11.338532249745505, 44.436896431587016 ], [ 11.338319859489623, 44.437103904771469 ], [ 11.338173273829369, 44.43716992585837 ], [ 11.338058046845365, 44.437234179171469 ], [ 11.337913566221042, 44.437274272360732 ], [ 11.337659109976352, 44.437372318706245 ], [ 11.337333897780292, 44.437488139532661 ], [ 11.336753069101579, 44.43771271996377 ], [ 11.335687471134838, 44.438109254019366 ], [ 11.335568041233296, 44.43820622544532 ], [ 11.335405765169719, 44.438489185972998 ], [ 11.334438540507726, 44.438639474357238 ], [ 11.334341861632915, 44.438201961293323 ], [ 11.334306425010412, 44.43804176606411 ], [ 11.334192964198825, 44.437894424041929 ], [ 11.334162466452028, 44.437680665474794 ], [ 11.334100310991921, 44.437588181731861 ], [ 11.333934598862411, 44.437341590223198 ], [ 11.333829342120065, 44.437280200448406 ], [ 11.333519299404855, 44.437303981167119 ], [ 11.333383920860346, 44.437276368004497 ], [ 11.333349947910396, 44.437215079984007 ], [ 11.333375922061609, 44.437078388324956 ], [ 11.333306432102091, 44.43687054000349 ], [ 11.333161111752274, 44.436789147115604 ], [ 11.333048972769701, 44.436773436338491 ], [ 11.332870460211916, 44.436612138596139 ], [ 11.332648962147273, 44.436264627391957 ], [ 11.332543634396009, 44.436172484772804 ], [ 11.332454872382334, 44.436095108255358 ], [ 11.332399795616169, 44.435973077132005 ], [ 11.332371332518763, 44.435910008939587 ], [ 11.332290692504337, 44.435758611200086 ], [ 11.332251352388669, 44.435710545769666 ], [ 11.332128080113979, 44.43555993515659 ], [ 11.332105975657447, 44.435418600173243 ], [ 11.332017543447364, 44.435288178273225 ], [ 11.33198690703658, 44.435169526012245 ], [ 11.331887814985485, 44.435031354404124 ], [ 11.331739280967712, 44.43484776945639 ], [ 11.331658850557288, 44.434747541710415 ], [ 11.33160504681433, 44.434631534866327 ], [ 11.33150243107373, 44.434523559597913 ], [ 11.331396268755, 44.434397234511373 ], [ 11.331396471877939, 44.434303826809852 ], [ 11.331419044193224, 44.434265101794814 ], [ 11.331506000695049, 44.434115909924678 ], [ 11.331492701489225, 44.434037971782217 ], [ 11.331458484419286, 44.434006421255866 ], [ 11.331341067541173, 44.433898155739556 ], [ 11.331338411670082, 44.433850941480095 ], [ 11.331643832098585, 44.433657753503802 ], [ 11.331662408227404, 44.433629759312026 ], [ 11.331691873734151, 44.433581325413087 ], [ 11.331716362444947, 44.433541072151847 ], [ 11.331706842708609, 44.433511647822783 ], [ 11.331671561296844, 44.433401892227103 ], [ 11.331710753841081, 44.433299037486194 ], [ 11.331737685790527, 44.433228361117841 ], [ 11.33169227721225, 44.433007080275807 ], [ 11.331653227518494, 44.432921185780067 ], [ 11.331638324446116, 44.432842722234071 ], [ 11.331578282022615, 44.432715094284958 ], [ 11.331775720564421, 44.432585592329794 ], [ 11.33182251184518, 44.432498541357056 ], [ 11.331798866816323, 44.432437139995592 ], [ 11.332004996752479, 44.432308575538848 ], [ 11.332047156317959, 44.432310509630192 ], [ 11.332166267687755, 44.432315972574855 ], [ 11.33222863359007, 44.432299006818106 ], [ 11.332314984646725, 44.432276265533105 ], [ 11.332420766219837, 44.432318090441683 ], [ 11.332499226228212, 44.432395255301351 ], [ 11.332618536979869, 44.432385518096588 ], [ 11.332702862605247, 44.432345507574574 ], [ 11.332785017415464, 44.432354531167562 ], [ 11.332859376380158, 44.432345757291188 ], [ 11.332883475591107, 44.432303010791557 ], [ 11.332945062284978, 44.432304542143534 ], [ 11.333491860981901, 44.432318142645364 ], [ 11.333544481997844, 44.432377268752141 ], [ 11.333646887806717, 44.432374358851121 ], [ 11.333789064848764, 44.432268183642954 ], [ 11.333898609711445, 44.432244203568132 ], [ 11.334041131598186, 44.432149925221914 ], [ 11.334244690906134, 44.432064288081904 ], [ 11.334413537280186, 44.432095619080897 ], [ 11.334521343891257, 44.432101289129541 ], [ 11.334565597130638, 44.432083301583667 ], [ 11.334605622006706, 44.432070190813029 ], [ 11.334895960058187, 44.432082936077386 ], [ 11.334960951033157, 44.432066101490612 ], [ 11.335103826775732, 44.432029608105111 ], [ 11.33540987960969, 44.43200620809796 ], [ 11.33555923922618, 44.431918571479486 ], [ 11.335610359886102, 44.431914149589232 ], [ 11.335789307199629, 44.431898671381035 ], [ 11.33585541719782, 44.431882625428663 ], [ 11.336415727227617, 44.431746844064207 ], [ 11.336649732061353, 44.4317359003349 ], [ 11.336792960444949, 44.43176335256878 ], [ 11.337010276634009, 44.431738645232102 ], [ 11.337058914322517, 44.431724737897248 ], [ 11.337358308688698, 44.431640131095968 ], [ 11.337546604446857, 44.431660146199306 ], [ 11.337628475858191, 44.431665219935454 ], [ 11.337714043777895, 44.43168428368466 ], [ 11.337703128217754, 44.431649320283867 ], [ 11.337668136321399, 44.431537245107442 ], [ 11.337570128566814, 44.43140309026203 ], [ 11.33745975760311, 44.431234861299529 ], [ 11.337420441933569, 44.431134947150618 ], [ 11.337401838445265, 44.430944022247253 ], [ 11.337325814629805, 44.430770590340011 ], [ 11.33726230421644, 44.430615479187935 ], [ 11.337160958712285, 44.4304763247046 ], [ 11.337192708650484, 44.430346820370026 ], [ 11.337249479693893, 44.430175737169748 ], [ 11.337309405088536, 44.430024280894742 ], [ 11.33733932730321, 44.429888621895927 ], [ 11.337314958573247, 44.429730449665016 ], [ 11.337324578041112, 44.429636859005825 ], [ 11.337261180561679, 44.429445160459522 ], [ 11.337137470422443, 44.429217560639295 ], [ 11.337302411787192, 44.428982369414946 ], [ 11.337283602985037, 44.428884851355143 ], [ 11.337224650168348, 44.428784780087909 ], [ 11.337340920437837, 44.428687872404318 ], [ 11.337286464696197, 44.428484181960428 ], [ 11.337255986282708, 44.428348702673368 ], [ 11.337127531037698, 44.428315905257683 ], [ 11.337054151162727, 44.428230671270676 ], [ 11.337021850853807, 44.428174233969159 ], [ 11.336997581487461, 44.42812751268557 ], [ 11.336984503555769, 44.428039666749946 ], [ 11.336990867698077, 44.427923625250848 ], [ 11.336980282160376, 44.427832905950893 ], [ 11.336971996954533, 44.427725956352226 ], [ 11.33688062975658, 44.4276373426558 ], [ 11.336828459568217, 44.427607556633717 ], [ 11.336782596799557, 44.427581379386915 ], [ 11.336645091189009, 44.427539743300379 ], [ 11.336535417588138, 44.427506537371627 ], [ 11.336428449458698, 44.427462595193255 ], [ 11.3363318661923, 44.427410488318863 ], [ 11.336160786687328, 44.427326840874102 ], [ 11.335939715596885, 44.427217697847745 ], [ 11.335730651575762, 44.427133644947141 ], [ 11.3355560390479, 44.427066881371857 ], [ 11.335369941814998, 44.426987978298648 ], [ 11.335230638006916, 44.426940184347089 ], [ 11.33511211390222, 44.426900910234771 ], [ 11.335065919085896, 44.426885602613261 ], [ 11.334968526640933, 44.426845391959191 ], [ 11.334871455058629, 44.426793362249313 ], [ 11.33477772773667, 44.426729120350913 ], [ 11.334742996537079, 44.426705318188112 ], [ 11.334606916633222, 44.426617594591754 ], [ 11.334543780875306, 44.426586574236964 ], [ 11.334497783268727, 44.426563968383853 ], [ 11.334382660796892, 44.426507394627812 ], [ 11.334148878925571, 44.426413718048337 ], [ 11.33390090222996, 44.426318635089153 ], [ 11.333699144580699, 44.42624060670888 ], [ 11.333597691523428, 44.42619655092075 ], [ 11.333463504616399, 44.42611995237332 ], [ 11.333404434740901, 44.426058616389092 ], [ 11.333303286834843, 44.425952836253735 ], [ 11.333212413359066, 44.425862274821327 ], [ 11.333137686737048, 44.425787801492589 ], [ 11.333041596304147, 44.425718386699273 ], [ 11.332931040948337, 44.425663263889952 ], [ 11.332802832758759, 44.425618058947322 ], [ 11.332696721531242, 44.425584001385261 ], [ 11.332631461506733, 44.425557034064475 ], [ 11.332564407636884, 44.425526152984673 ], [ 11.332421815933246, 44.425474481394879 ], [ 11.332175883442307, 44.425391169813167 ], [ 11.331901817546575, 44.425311240315096 ], [ 11.33176706064126, 44.425279109322318 ], [ 11.331621025486067, 44.425259591704695 ], [ 11.331450250196797, 44.425249570141823 ], [ 11.331239998537137, 44.425214479883955 ], [ 11.33111244083004, 44.42518557620491 ], [ 11.330913647146966, 44.425142374930267 ], [ 11.33072888061665, 44.425096629951675 ], [ 11.330549467378983, 44.425046841215625 ], [ 11.330387207152222, 44.424994452274483 ], [ 11.330205743547623, 44.424932887036299 ], [ 11.330048212041767, 44.424880960154979 ], [ 11.329886032030217, 44.424830250561619 ], [ 11.329730812512544, 44.424777151620212 ], [ 11.329491269745921, 44.424657130452545 ], [ 11.329315431830013, 44.42455887291402 ], [ 11.32910866394506, 44.424434771973537 ], [ 11.328849523529223, 44.42429380663485 ], [ 11.328589579500065, 44.424154495582805 ], [ 11.328315363780382, 44.42405037299833 ], [ 11.327842436483216, 44.423885596942817 ], [ 11.327619102708205, 44.423797305241735 ], [ 11.327322750207633, 44.423689694740837 ], [ 11.327076256964526, 44.423611441263269 ], [ 11.326950195639839, 44.423580819812514 ], [ 11.326668716440617, 44.423551105318928 ], [ 11.326337377276165, 44.423511156440199 ], [ 11.326048839031319, 44.423402258946332 ], [ 11.325372113098309, 44.4229495743648 ], [ 11.324950302142659, 44.422725808286316 ], [ 11.324801369401525, 44.422691701671191 ], [ 11.324658569833714, 44.422659024732816 ], [ 11.324225460139479, 44.422685852422376 ], [ 11.323765573139571, 44.422750349694368 ], [ 11.323377728889474, 44.422813220467589 ], [ 11.323316998915377, 44.42282306479698 ], [ 11.323131047255362, 44.422816918191401 ], [ 11.322821719075437, 44.422806692653843 ], [ 11.322577279987229, 44.422769931411757 ], [ 11.322248296714895, 44.422720456389499 ], [ 11.320793762724486, 44.422331415269412 ], [ 11.319404037689957, 44.42191347081986 ], [ 11.319230561758234, 44.42183484304973 ], [ 11.318965988418119, 44.421557201267305 ], [ 11.318831302928512, 44.421436553519925 ], [ 11.318793427571714, 44.421402597692037 ], [ 11.318723430231081, 44.421379822032399 ], [ 11.318689201967484, 44.421371952992551 ], [ 11.318487323871919, 44.421325541788839 ], [ 11.318336920856462, 44.421290378055637 ], [ 11.318175104385231, 44.421252547026555 ], [ 11.317850903683794, 44.421174168892691 ], [ 11.317787760706922, 44.421165883751705 ], [ 11.317739257190494, 44.421170243616736 ], [ 11.317300101748337, 44.4212027935233 ], [ 11.316900571767718, 44.421224969483383 ], [ 11.31587543425729, 44.421309913538039 ], [ 11.315692556795812, 44.421323672090168 ], [ 11.314974443721754, 44.421377697983466 ], [ 11.314895681516328, 44.421383827077101 ], [ 11.31473963601232, 44.421395968688671 ], [ 11.31464672602687, 44.421407271131599 ], [ 11.314412245067238, 44.421435798498621 ], [ 11.31434310223753, 44.421442808913469 ], [ 11.314190165129693, 44.421458314079281 ], [ 11.314037003733137, 44.421436658703257 ], [ 11.313892620276496, 44.421399076806125 ], [ 11.31370602067283, 44.421306080857157 ], [ 11.313571883023437, 44.421229463217543 ], [ 11.313407748076735, 44.421120434158439 ], [ 11.313370095024013, 44.42113930877963 ], [ 11.309441160061668, 44.423734243235401 ], [ 11.308842607941417, 44.424125443342639 ], [ 11.308747403609708, 44.424167498230048 ], [ 11.308427270728203, 44.424305600294318 ], [ 11.308177400980986, 44.424559909879456 ], [ 11.307871018609816, 44.424635314067196 ], [ 11.30779004733718, 44.424692653253445 ], [ 11.307628369427819, 44.424873718175306 ], [ 11.307409976381145, 44.425030620872661 ], [ 11.307083489725711, 44.425193640959144 ], [ 11.306879242113835, 44.425330555299759 ], [ 11.306750228367864, 44.425444007766593 ], [ 11.306589355348583, 44.425486075158872 ], [ 11.306407678365851, 44.425578090880421 ], [ 11.306212093385593, 44.425755906435491 ], [ 11.306010808073308, 44.425948460750426 ], [ 11.305607331659857, 44.426210366921268 ], [ 11.305123633966497, 44.426396057053246 ], [ 11.30507925161937, 44.426413088717339 ], [ 11.305027190108046, 44.4264330752492 ], [ 11.304834607714778, 44.42638745422186 ], [ 11.304522717374814, 44.42639579971955 ], [ 11.304405567834429, 44.426398933360097 ], [ 11.304341516781577, 44.42646633743702 ], [ 11.304244211203786, 44.426568736317854 ], [ 11.303981569674532, 44.42672528497193 ], [ 11.30383530241539, 44.426812469515525 ], [ 11.303579807985603, 44.426964756081389 ], [ 11.302944824557427, 44.4271138138783 ], [ 11.302606307741094, 44.427248278635659 ], [ 11.302403810441831, 44.427350266051718 ], [ 11.30215896386019, 44.427393471591259 ], [ 11.30191297191487, 44.427467634703547 ], [ 11.301778927321418, 44.427573307421092 ], [ 11.301681111602216, 44.427688054360225 ], [ 11.301640805586937, 44.42773533071977 ], [ 11.301586818452686, 44.427798518742456 ], [ 11.301564986695436, 44.427824070961393 ], [ 11.301336661316661, 44.427947967552889 ], [ 11.301258953846991, 44.427959847487955 ], [ 11.301192293031869, 44.427970025556696 ], [ 11.300869269427004, 44.428082314339939 ], [ 11.300731869654998, 44.428179503599786 ], [ 11.300686671436042, 44.428211473733292 ], [ 11.300562480425508, 44.428288244995464 ], [ 11.300482258913346, 44.42831252673777 ], [ 11.300383234732385, 44.428342500688579 ], [ 11.300393938043888, 44.428443041175157 ], [ 11.300384352828489, 44.428491016031998 ], [ 11.300365813658996, 44.428598859062575 ], [ 11.30031741212856, 44.428657648651807 ], [ 11.300246637300988, 44.428743615275657 ], [ 11.300245700217664, 44.428819594243045 ], [ 11.300347030247726, 44.428900829929134 ], [ 11.300553714779113, 44.429085153147007 ], [ 11.300642093664997, 44.429276370574193 ], [ 11.300723664214024, 44.429333802231874 ], [ 11.300747483994931, 44.429400841347125 ], [ 11.300794884022562, 44.429528172381353 ], [ 11.300845215752084, 44.429710022126493 ], [ 11.300838873149909, 44.429848571495093 ], [ 11.300547910441848, 44.430077807913335 ], [ 11.300500698387525, 44.430155277555677 ], [ 11.300493646216195, 44.430315783414905 ], [ 11.300471993099192, 44.430384305183864 ], [ 11.300279507054304, 44.430481577612937 ], [ 11.300171280533238, 44.43058504557505 ], [ 11.29997166069478, 44.430680777718713 ], [ 11.299928010173753, 44.430749176290966 ], [ 11.299884692937763, 44.43082898532289 ], [ 11.299764481140004, 44.430924083293682 ], [ 11.299657398988499, 44.430956625349893 ], [ 11.299572058890474, 44.430968133930953 ], [ 11.299446496963844, 44.43098506558627 ], [ 11.299172836122327, 44.430995077858519 ], [ 11.299034917152248, 44.431042306154978 ], [ 11.298838230896568, 44.431160418197535 ], [ 11.298788656249242, 44.431190187215833 ], [ 11.298647542720262, 44.431240073941019 ], [ 11.298581084597586, 44.431263568557348 ], [ 11.298415859371586, 44.431315288175874 ], [ 11.298261482381021, 44.431363405954691 ], [ 11.298171698286417, 44.431376472190252 ], [ 11.29809801861833, 44.431460098517341 ], [ 11.298027986112752, 44.431496393645126 ], [ 11.297943413448461, 44.431582497916139 ], [ 11.297863374496622, 44.431684262844541 ], [ 11.297750228163611, 44.431802452366639 ], [ 11.297600286158103, 44.431943882716219 ], [ 11.297341600310357, 44.432115633717679 ], [ 11.297192026601016, 44.432226113928003 ], [ 11.297006605449843, 44.432323805820204 ], [ 11.296917477888581, 44.432413944141359 ], [ 11.296949877895793, 44.43250488183125 ], [ 11.297034679121657, 44.432579257144752 ], [ 11.297053254905226, 44.432652594555258 ], [ 11.297002923374222, 44.432690740604144 ], [ 11.296887987359655, 44.432721257634761 ], [ 11.29677599539386, 44.432751014010314 ], [ 11.296643640671945, 44.432702542490667 ], [ 11.296513489196736, 44.432684835439666 ], [ 11.296404925131199, 44.432760172342576 ], [ 11.296372783863054, 44.432861528171564 ], [ 11.296322849351974, 44.432993587207399 ], [ 11.296286314081879, 44.433011338956824 ], [ 11.296072542351334, 44.433097290227288 ], [ 11.295703144548501, 44.433187281838336 ], [ 11.295410288459436, 44.43322861327492 ], [ 11.295122248852037, 44.433272664062955 ], [ 11.294873568809759, 44.433359248271188 ], [ 11.294815464168135, 44.433366973836044 ], [ 11.294679046985108, 44.433385109644604 ], [ 11.294660303008772, 44.433356154803199 ], [ 11.294581247029708, 44.433234030018092 ], [ 11.294417402177489, 44.433160796818868 ], [ 11.294342710720555, 44.433158362893643 ], [ 11.29426701199799, 44.433198500290572 ], [ 11.29421807647465, 44.433224445441539 ], [ 11.294085466684827, 44.43320685974674 ], [ 11.294029626837171, 44.433207314755407 ], [ 11.293661561243788, 44.433210310776154 ], [ 11.293514859523253, 44.433294285803449 ], [ 11.293509194860889, 44.433324002193331 ], [ 11.293490097484231, 44.433424194882534 ], [ 11.293407597647784, 44.433483237112668 ], [ 11.292878932737938, 44.433478664435611 ], [ 11.292701044619619, 44.433528380329314 ], [ 11.292561581131336, 44.433616710096743 ], [ 11.292354767174723, 44.433589351090951 ], [ 11.292399527723086, 44.433428656663168 ], [ 11.292398388296643, 44.4332835267655 ], [ 11.292397752256015, 44.433202503786674 ], [ 11.292340102927712, 44.433133886191712 ], [ 11.292001850748697, 44.433099039543997 ], [ 11.292070030277209, 44.433014961328851 ], [ 11.292208459358658, 44.432920470789909 ], [ 11.292365909025914, 44.432769887807332 ], [ 11.292478026844295, 44.432624725272035 ], [ 11.292578114353359, 44.432473601376827 ], [ 11.292699949645781, 44.432336118108338 ], [ 11.292801789032023, 44.432109006874107 ], [ 11.292790663567702, 44.432005137806492 ], [ 11.292820083801487, 44.431934219842354 ], [ 11.292952701748789, 44.431791450326969 ], [ 11.292981350340293, 44.431700847266669 ], [ 11.293173049405823, 44.431462365416344 ], [ 11.293638076070714, 44.430523503464428 ], [ 11.293638541236174, 44.430374948172542 ], [ 11.293653841333256, 44.43012370198808 ], [ 11.293622429603912, 44.429983104513177 ], [ 11.293637124282823, 44.42981681973442 ], [ 11.293679336506919, 44.429571214059322 ], [ 11.293547290933921, 44.429246959103132 ], [ 11.293696578692584, 44.428875627790454 ], [ 11.293713315140003, 44.428833999841586 ], [ 11.293700695333849, 44.428752419058164 ], [ 11.293637285810142, 44.428599601424267 ], [ 11.293587115335862, 44.428478685236897 ], [ 11.293582293286763, 44.42843639120558 ], [ 11.293560816890476, 44.428247955494896 ], [ 11.293554129923367, 44.428177197348468 ], [ 11.293523254490903, 44.428050654815401 ], [ 11.293468541627155, 44.427996620697641 ], [ 11.293431366994113, 44.427829128162635 ], [ 11.293402805780103, 44.427681155934863 ], [ 11.293352903012517, 44.42758988097227 ], [ 11.293303143467746, 44.427562188133777 ], [ 11.293187383507934, 44.427614022843059 ], [ 11.293042398189593, 44.427620878301504 ], [ 11.29274381176857, 44.427555412984923 ], [ 11.292634621691978, 44.427413569280709 ], [ 11.292446108184956, 44.427170906594945 ], [ 11.292365925020608, 44.427048172598653 ], [ 11.291887851944974, 44.4268900892679 ], [ 11.291520620118622, 44.426916038249836 ], [ 11.291128520300443, 44.426968917005837 ], [ 11.290663264478333, 44.427118915809913 ], [ 11.290405407596536, 44.427151099323488 ], [ 11.289990673618215, 44.42714704428959 ], [ 11.289825548220568, 44.427161048962574 ], [ 11.289651876378931, 44.427177474577405 ], [ 11.289524297640375, 44.427208158548034 ], [ 11.28936792697853, 44.427124650899316 ], [ 11.288986781255465, 44.426975305874159 ], [ 11.288515644436972, 44.426854213481349 ], [ 11.287058448431676, 44.426595331730582 ], [ 11.287020840280322, 44.426597211387879 ], [ 11.285604559910222, 44.426370653634322 ], [ 11.285328130472351, 44.426326428037164 ], [ 11.284863848052419, 44.426252166517834 ], [ 11.284303472195189, 44.426157602804501 ], [ 11.282712933262509, 44.42589751907402 ], [ 11.282264962157324, 44.425824400849912 ], [ 11.282573145642232, 44.426439410955986 ], [ 11.282574089430279, 44.426483849131088 ], [ 11.282574714671261, 44.426533883440349 ], [ 11.282575572505372, 44.426602539647895 ], [ 11.28258202137066, 44.426990089592259 ], [ 11.282586584724971, 44.427248256470598 ], [ 11.282590074471086, 44.428003283837434 ], [ 11.283321431104122, 44.430933204859421 ], [ 11.283361363634437, 44.431093190358929 ], [ 11.283413443995176, 44.431190691063875 ], [ 11.283925481108675, 44.432149278374887 ], [ 11.283940569782901, 44.432697582362579 ], [ 11.284062272756428, 44.437009078802248 ], [ 11.284078243935534, 44.437700837524531 ], [ 11.283125452009969, 44.439026400498776 ], [ 11.28252191973195, 44.439057036216809 ], [ 11.282146930285103, 44.440156139553672 ], [ 11.281069210650173, 44.443325494758369 ], [ 11.283266627700042, 44.443117451431654 ], [ 11.285536415916537, 44.442902513489187 ], [ 11.287773166091736, 44.442690653792241 ], [ 11.288101098352822, 44.442678436861513 ], [ 11.288229209409005, 44.442677723612256 ], [ 11.288296977626537, 44.442684894360056 ], [ 11.288330607089829, 44.44269938254299 ], [ 11.288364132712374, 44.442727620759328 ], [ 11.288375419689199, 44.442762009735233 ], [ 11.288375655228842, 44.442801823777863 ], [ 11.288374774030849, 44.442948790054501 ], [ 11.28837958812497, 44.443207501105249 ], [ 11.288391471942573, 44.443484091952293 ], [ 11.288397666072505, 44.443698049210433 ], [ 11.288400511683879, 44.443770903799297 ], [ 11.288405396256003, 44.44384062150084 ], [ 11.288405655485443, 44.44393058797106 ], [ 11.288404556660254, 44.443957762014875 ], [ 11.288396488867514, 44.444000586435429 ], [ 11.288378991980432, 44.444079278299803 ], [ 11.288344259432849, 44.444215715699109 ], [ 11.288337502249187, 44.444264716673821 ], [ 11.28833635135596, 44.444318260543874 ], [ 11.288337723532035, 44.444381061686201 ], [ 11.288350088983039, 44.444448297740642 ], [ 11.288360230553746, 44.444486105471277 ], [ 11.288385529027472, 44.444524363797136 ], [ 11.288411901747779, 44.444561843459603 ], [ 11.288455695242218, 44.444602071712957 ], [ 11.288511244257476, 44.44463819224891 ], [ 11.288573042909213, 44.444667976537268 ], [ 11.28863006983328, 44.444686240325282 ], [ 11.288681470979922, 44.44469917386435 ], [ 11.288737071721828, 44.444708915467174 ], [ 11.288832943147543, 44.44472406238043 ], [ 11.28889602520619, 44.444731332124228 ], [ 11.288965638295938, 44.444739245110902 ], [ 11.289014251323108, 44.444752798869708 ], [ 11.289054860709012, 44.44477854784374 ], [ 11.289090751256133, 44.44481040789951 ], [ 11.289119438894684, 44.444867558597437 ], [ 11.289155651932274, 44.444949899065115 ], [ 11.289213320885853, 44.445065468404877 ], [ 11.289265641560608, 44.445129580448018 ], [ 11.289314011700956, 44.445175918521045 ], [ 11.289383453333016, 44.445235031896701 ], [ 11.289431023694581, 44.445261220908328 ], [ 11.289565901139611, 44.445332208951299 ], [ 11.289649586144934, 44.445360085367653 ], [ 11.289851857188303, 44.445414284512054 ], [ 11.290126465817043, 44.445466554132224 ], [ 11.290383666372179, 44.445524592849104 ], [ 11.290513777469926, 44.445545883505353 ], [ 11.290622574099269, 44.44555564706549 ], [ 11.290745435851738, 44.445551687324247 ], [ 11.290849364784629, 44.445543633058989 ], [ 11.290945084686742, 44.445538723316673 ], [ 11.291071999824659, 44.445531692998763 ], [ 11.291279693215762, 44.44551109475433 ], [ 11.29148501026415, 44.445483080629586 ], [ 11.291686156506087, 44.445455140859224 ], [ 11.29186839361342, 44.445423106936353 ], [ 11.292023705710026, 44.445396085828854 ], [ 11.292249005241263, 44.445354913267764 ], [ 11.292402733553081, 44.445331714463826 ], [ 11.292577040901866, 44.445310298829313 ], [ 11.292701732913482, 44.445298179829408 ], [ 11.292830858716478, 44.445284396178131 ], [ 11.293083564517771, 44.445253815912402 ], [ 11.293434264481931, 44.445212948895936 ], [ 11.293699870731217, 44.445178704192806 ], [ 11.293863483177971, 44.445161795741448 ], [ 11.293980694541329, 44.445162798482691 ], [ 11.294096919313546, 44.445178369221438 ], [ 11.294159295046068, 44.445197835340878 ], [ 11.294212432929262, 44.445223658396209 ], [ 11.294270191840546, 44.445261325178713 ], [ 11.294325671299458, 44.445314783387936 ], [ 11.294398612912616, 44.445399146932523 ], [ 11.294473643303224, 44.44546290818279 ], [ 11.294525231389715, 44.445503281722765 ], [ 11.294600353900449, 44.44554654289108 ], [ 11.294719244884245, 44.445600320687731 ], [ 11.294797479953253, 44.445633236326991 ], [ 11.294861124902978, 44.445655730247772 ], [ 11.294995860556611, 44.445688870247331 ], [ 11.295138995151836, 44.445723330268521 ], [ 11.2951995328926, 44.445751255652858 ], [ 11.295367683521404, 44.445784231140841 ], [ 11.295471847908026, 44.445810737223283 ], [ 11.29550907336457, 44.445814499031442 ], [ 11.295568490986486, 44.445829707085814 ], [ 11.295673306633864, 44.445844029199122 ], [ 11.295740266509961, 44.445850145857264 ], [ 11.295838594962589, 44.445858628615419 ], [ 11.295949245816418, 44.44586237293931 ], [ 11.296036860470011, 44.445863599696814 ], [ 11.296097519983983, 44.44586835652327 ], [ 11.296166736240194, 44.445878910870057 ], [ 11.296240300881029, 44.445893861031848 ], [ 11.29634974113857, 44.445920036024411 ], [ 11.296473769441555, 44.44595913064942 ], [ 11.297451112842595, 44.445999356868228 ], [ 11.297666158295643, 44.446132457094663 ], [ 11.297926148869294, 44.446646880580296 ], [ 11.298288582927867, 44.446931092219458 ], [ 11.298351179942546, 44.446981164204239 ], [ 11.298417147433772, 44.447036003619687 ], [ 11.298485768369122, 44.447090851690099 ], [ 11.298550000847889, 44.447146275122272 ], [ 11.298601307109063, 44.447182814648286 ], [ 11.298685750030531, 44.44723812364834 ], [ 11.298727868877751, 44.447268045708455 ], [ 11.298782515371492, 44.447304350443119 ], [ 11.2988161156419, 44.447325069543879 ], [ 11.298932624061012, 44.447404344103717 ], [ 11.299007325106867, 44.447453723640244 ], [ 11.299092574310691, 44.447513353576525 ], [ 11.299141796900591, 44.447553014627978 ], [ 11.299171717068122, 44.447577240450791 ], [ 11.29924869310112, 44.447621108499121 ], [ 11.299333052113766, 44.447677961759759 ], [ 11.299439468827622, 44.447732580035968 ], [ 11.299524632107506, 44.447773447149892 ], [ 11.299551909020325, 44.447790551002143 ], [ 11.299588799505676, 44.447814970306467 ], [ 11.299620552012289, 44.447835954156155 ], [ 11.29969258469797, 44.447887762790941 ], [ 11.299764836401319, 44.447942329881279 ], [ 11.299845239490182, 44.44799702259305 ], [ 11.299919627128968, 44.448061171288089 ], [ 11.299944879892205, 44.448089132510709 ], [ 11.299986148296517, 44.448135100455417 ], [ 11.300070751226935, 44.448204273780092 ], [ 11.300134975414165, 44.448259703677266 ], [ 11.300172898770729, 44.448297642866883 ], [ 11.300235456911404, 44.448355510883559 ], [ 11.300277992338213, 44.44839123158102 ], [ 11.300319115789168, 44.448428375224559 ], [ 11.300379839177523, 44.448486847298206 ], [ 11.30044495261836, 44.448542279805025 ], [ 11.300505765412682, 44.448600750008794 ], [ 11.300531803425944, 44.448633652133879 ], [ 11.300574358496455, 44.448699943523231 ], [ 11.300610787854012, 44.448767411656043 ], [ 11.300635145097148, 44.448850153890447 ], [ 11.300648516297993, 44.448925648923066 ], [ 11.300663116266444, 44.44898507016562 ], [ 11.300673833519101, 44.44904914930332 ], [ 11.300686591991269, 44.449095121684557 ], [ 11.300718163603724, 44.4491466377549 ], [ 11.300755178524014, 44.449196620792833 ], [ 11.300784320464498, 44.449238462950035 ], [ 11.300806979112309, 44.44926530951517 ], [ 11.300841653422642, 44.449293519075916 ], [ 11.300884903868049, 44.449319547281974 ], [ 11.300939796868196, 44.44935238088101 ], [ 11.301045066064182, 44.449407488008028 ], [ 11.301101838643987, 44.449445613210997 ], [ 11.301165623182198, 44.44949718113876 ], [ 11.30120571666157, 44.449537920169114 ], [ 11.301265910199092, 44.44960297437418 ], [ 11.301268109284123, 44.449649032609528 ], [ 11.301280841853503, 44.449708245637638 ], [ 11.301280760818143, 44.449766324259279 ], [ 11.301273045873565, 44.449814706971225 ], [ 11.301257744192483, 44.449892599356232 ], [ 11.301234672982252, 44.449955073776415 ], [ 11.301217935018455, 44.450011380648661 ], [ 11.30120004398815, 44.450048319056663 ], [ 11.3011562759234, 44.450104179594788 ], [ 11.301134432887126, 44.450132978236709 ], [ 11.301119939550341, 44.450156272149407 ], [ 11.301109726960505, 44.450181359525686 ], [ 11.301105733690271, 44.450212157954624 ], [ 11.301107199999116, 44.450246923633522 ], [ 11.301116360043075, 44.450290059736268 ], [ 11.301131857719216, 44.450332319968446 ], [ 11.30116485643717, 44.45044479917798 ], [ 11.301184395099707, 44.450519856515548 ], [ 11.30119660792726, 44.450558158769049 ], [ 11.301203933073989, 44.450594894957199 ], [ 11.301208712837717, 44.450621545473211 ], [ 11.301217597142388, 44.450647742340266 ], [ 11.301236257631389, 44.450685376257823 ], [ 11.301265469381919, 44.450711372215025 ], [ 11.301311746297246, 44.450734746481103 ], [ 11.30141576429566, 44.450780614750848 ], [ 11.301471878939049, 44.450811902009768 ], [ 11.301506659739569, 44.450835048825873 ], [ 11.301539127951434, 44.450864335246855 ], [ 11.301566102284474, 44.450896075810498 ], [ 11.301611386480502, 44.450953959110002 ], [ 11.301632884123723, 44.450998889121443 ], [ 11.301648734818283, 44.451062272273973 ], [ 11.301658184570877, 44.451105410588873 ], [ 11.301674665086933, 44.451142601341061 ], [ 11.301715700659054, 44.451209770062682 ], [ 11.301741399463266, 44.451256443783606 ], [ 11.301766538141266, 44.451291677425537 ], [ 11.301785529705475, 44.451322721838487 ], [ 11.301800841733158, 44.451359918126109 ], [ 11.301810262513378, 44.451389842025641 ], [ 11.301832579428988, 44.451435430675573 ], [ 11.301880487584608, 44.451480144098959 ], [ 11.301921479844353, 44.451536284474031 ], [ 11.301929488654039, 44.451567759181685 ], [ 11.301942228319165, 44.451604737239407 ], [ 11.301952002801087, 44.451645896498505 ], [ 11.301961070305573, 44.451684416932565 ], [ 11.301972082469602, 44.451727326553879 ], [ 11.301980000467967, 44.451761222099236 ], [ 11.301984831688934, 44.45181667190505 ], [ 11.301994488998139, 44.45190249654862 ], [ 11.302010952648235, 44.451976661453955 ], [ 11.302017051971863, 44.452006813458148 ], [ 11.302014497168916, 44.452034548111598 ], [ 11.30200987700508, 44.452066654685567 ], [ 11.302012180423523, 44.452103100461187 ], [ 11.302018559133233, 44.452135339945961 ], [ 11.302033631419123, 44.452168984987026 ], [ 11.302055917191923, 44.452206445726986 ], [ 11.302083820123347, 44.452246727150815 ], [ 11.302108986751234, 44.45228745176162 ], [ 11.302153310649727, 44.452363421606798 ], [ 11.30221435916576, 44.452445103029703 ], [ 11.302244716043774, 44.452478134608626 ], [ 11.30228121889758, 44.452509852981564 ], [ 11.3023265948126, 44.452545110485076 ], [ 11.302370484629485, 44.45257773225908 ], [ 11.302424681965409, 44.452620040934391 ], [ 11.302464282152124, 44.452655729963645 ], [ 11.302536595687087, 44.452726867874269 ], [ 11.302582942357743, 44.452776643165159 ], [ 11.302612276547466, 44.452836082023325 ], [ 11.302624296759513, 44.45286688969216 ], [ 11.302641416976464, 44.452897943792202 ], [ 11.302671142043071, 44.45292700883018 ], [ 11.302700591251453, 44.452946850813831 ], [ 11.302728809077191, 44.45297788991013 ], [ 11.302749599461679, 44.453019493981628 ], [ 11.302824725036967, 44.453119679630291 ], [ 11.302854703135477, 44.453162846658415 ], [ 11.302861731372742, 44.45319167539008 ], [ 11.302864716867209, 44.45322029578854 ], [ 11.30286586711806, 44.453249550083662 ], [ 11.30286973561712, 44.453285635666923 ], [ 11.302878323290033, 44.453316692602776 ], [ 11.302899154112534, 44.453346852568394 ], [ 11.302946337190429, 44.453382013947 ], [ 11.302994301371601, 44.453411850689122 ], [ 11.303090982656657, 44.453460782272472 ], [ 11.303170986858696, 44.453510168173302 ], [ 11.303247218609947, 44.453561006634402 ], [ 11.303293891431387, 44.453606833691474 ], [ 11.303333004960326, 44.453640056504867 ], [ 11.303381324998403, 44.453668800183927 ], [ 11.303471543431488, 44.453679300821321 ], [ 11.303490785706281, 44.453707056615116 ], [ 11.303511304540862, 44.453749405138971 ], [ 11.303526681410544, 44.453800859158278 ], [ 11.303576072224505, 44.453845700379951 ], [ 11.30359190607845, 44.453879084065761 ], [ 11.303646302961424, 44.453974887230117 ], [ 11.303691227660261, 44.454047256778928 ], [ 11.303722985504015, 44.45407825209459 ], [ 11.303754629035502, 44.454101451618939 ], [ 11.30379768930386, 44.454130156320488 ], [ 11.303858213757701, 44.45417374102891 ], [ 11.303914325219797, 44.454217034855382 ], [ 11.303969605141353, 44.454272033567037 ], [ 11.304040515727895, 44.454354631274043 ], [ 11.304065260449848, 44.454389684186808 ], [ 11.304136485903173, 44.454467946106853 ], [ 11.304174548808126, 44.454507023544124 ], [ 11.304197419670448, 44.454529266578767 ], [ 11.304228377702779, 44.454554838498282 ], [ 11.304261211640792, 44.454578284831783 ], [ 11.304297646774424, 44.454609657312645 ], [ 11.304335419018145, 44.454642524238004 ], [ 11.304395767516604, 44.454696275291219 ], [ 11.304447741399647, 44.454751879760302 ], [ 11.304471989172399, 44.454786462773249 ], [ 11.304492026401116, 44.454819098882226 ], [ 11.304510822180251, 44.454850210694026 ], [ 11.304557002851549, 44.454908360971949 ], [ 11.304587559411717, 44.454941288852908 ], [ 11.304622320223601, 44.454976001698896 ], [ 11.304655393377352, 44.455005484760513 ], [ 11.304692398542953, 44.4550376918532 ], [ 11.304797503804949, 44.455128264673483 ], [ 11.304833519883468, 44.455156286555116 ], [ 11.304882254900646, 44.455190860324812 ], [ 11.30491799147944, 44.455220592922856 ], [ 11.304951831665774, 44.455254866920441 ], [ 11.304980881726628, 44.455289075578357 ], [ 11.305006372704025, 44.455323264264493 ], [ 11.305030907943063, 44.455355268396112 ], [ 11.305057792360964, 44.45539228547257 ], [ 11.305078632471302, 44.455427710486354 ], [ 11.305096807528235, 44.455457728307429 ], [ 11.305153777141319, 44.455542822352399 ], [ 11.305204931580109, 44.455587820799323 ], [ 11.305265744181483, 44.455623396483453 ], [ 11.305322937819811, 44.4556394536705 ], [ 11.305388610219758, 44.455646494508755 ], [ 11.305515335025788, 44.455652955914012 ], [ 11.305693574165927, 44.455653173209285 ], [ 11.305772614811305, 44.455660330035279 ], [ 11.30583400248106, 44.455678162199852 ], [ 11.305875111727657, 44.45569186390486 ], [ 11.305918948320835, 44.455708305824224 ], [ 11.305951300578934, 44.455726763129739 ], [ 11.305981512491119, 44.455748640551178 ], [ 11.306020245904625, 44.455779475405905 ], [ 11.306058932901513, 44.455816791285343 ], [ 11.306091162326098, 44.455852331741241 ], [ 11.306118697828543, 44.455888272199871 ], [ 11.30614622325372, 44.455923987789191 ], [ 11.306170123315567, 44.455957299083181 ], [ 11.30620856132423, 44.456010629335239 ], [ 11.306278519360765, 44.456074169174883 ], [ 11.306356187837284, 44.456126544767748 ], [ 11.306430702346088, 44.456165919398856 ], [ 11.306476555966967, 44.456193126218906 ], [ 11.306520547222297, 44.456217948938757 ], [ 11.306558498091841, 44.456241633317951 ], [ 11.306624432579675, 44.45629519738975 ], [ 11.306687228302792, 44.456351338382028 ], [ 11.306729345629412, 44.456398433604029 ], [ 11.306758814160968, 44.456443256460453 ], [ 11.306778908890768, 44.45648496295572 ], [ 11.306790766734917, 44.456523984754476 ], [ 11.30679766905514, 44.456559766709411 ], [ 11.306804084688878, 44.456590532324881 ], [ 11.306808859797817, 44.456616984616083 ], [ 11.306816295587232, 44.456643653221192 ], [ 11.306827923882746, 44.45667209165002 ], [ 11.306841941212742, 44.456699051281923 ], [ 11.306862924735686, 44.456728217129772 ], [ 11.306890768854521, 44.456757003965222 ], [ 11.306939394696775, 44.456799621108864 ], [ 11.307004197535896, 44.456844503173222 ], [ 11.307080384206934, 44.45689406337732 ], [ 11.307124341727473, 44.456925347736522 ], [ 11.307167247483473, 44.456957755258031 ], [ 11.307205948290711, 44.456990309866285 ], [ 11.30727791896795, 44.457062315898213 ], [ 11.30735676947319, 44.457122048172955 ], [ 11.307443861492763, 44.457184223673991 ], [ 11.307513143273228, 44.457232635775149 ], [ 11.307562093676646, 44.457271346146307 ], [ 11.307606171820662, 44.45731087699653 ], [ 11.307647581897989, 44.457347355853095 ], [ 11.307674397713434, 44.457372677459269 ], [ 11.307707171468319, 44.457411680563204 ], [ 11.30775520565534, 44.457506873915655 ], [ 11.307804476849173, 44.457558562200255 ], [ 11.307826049496438, 44.457582881540461 ], [ 11.307907011493102, 44.457631094180606 ], [ 11.308012687795669, 44.457713805751446 ], [ 11.308078095931345, 44.457783820226567 ], [ 11.308133792044373, 44.457848934636274 ], [ 11.308196457110158, 44.457931624400153 ], [ 11.308240817278142, 44.458003063646366 ], [ 11.308280215199472, 44.458060891295389 ], [ 11.308354419378428, 44.458166944458327 ], [ 11.308384811316504, 44.458220436653839 ], [ 11.308413512389688, 44.458283742596372 ], [ 11.308425422103042, 44.458333831006151 ], [ 11.308419291679714, 44.458385260096748 ], [ 11.308408528282591, 44.458423463470517 ], [ 11.308396023520524, 44.458475143891789 ], [ 11.308369797175798, 44.458547032711074 ], [ 11.308352971222071, 44.458593716716273 ], [ 11.308332238743489, 44.458652906049529 ], [ 11.308319543035518, 44.458732078970712 ], [ 11.308324408079933, 44.45883052705161 ], [ 11.308315215330479, 44.458926115665605 ], [ 11.308296225910857, 44.458992505162485 ], [ 11.308280526595201, 44.459054030624856 ], [ 11.308271392069216, 44.459089842355631 ], [ 11.308258567193734, 44.459143325255432 ], [ 11.308249994176924, 44.459197176814683 ], [ 11.308263759648396, 44.459260060968106 ], [ 11.308288383915466, 44.459321625431016 ], [ 11.308310365755016, 44.459391059406734 ], [ 11.308328128169622, 44.459443058668413 ], [ 11.308357259186879, 44.459509603170005 ], [ 11.308372820205026, 44.459562834385224 ], [ 11.308389234482187, 44.459605823151406 ], [ 11.308405764114942, 44.459651418545874 ], [ 11.308435412265551, 44.459698488871965 ], [ 11.308471296189156, 44.459744307762378 ], [ 11.308505334729771, 44.459785722958991 ], [ 11.308539929629131, 44.459823744604464 ], [ 11.308573352434394, 44.459856936621811 ], [ 11.308635244855088, 44.45990975389676 ], [ 11.308724234222048, 44.459982575246052 ], [ 11.308811892098468, 44.460023917835237 ], [ 11.308873511385181, 44.460054846997245 ], [ 11.308927270449106, 44.460086059341549 ], [ 11.308989076731663, 44.460124213773774 ], [ 11.309037575713003, 44.460163501589342 ], [ 11.309071309385619, 44.460199719257979 ], [ 11.309096707877915, 44.460238808105373 ], [ 11.309116525765075, 44.460270547545164 ], [ 11.30916516658511, 44.46034370754694 ], [ 11.309200923038597, 44.460413617128062 ], [ 11.309223123132632, 44.460450935006705 ], [ 11.309256620787822, 44.460488555501989 ], [ 11.309306548846656, 44.460524607554255 ], [ 11.309346964731139, 44.460545704179957 ], [ 11.309416794081123, 44.460580797226477 ], [ 11.309494959499913, 44.460623012817983 ], [ 11.309598596715878, 44.460688471870682 ], [ 11.309688108157104, 44.460742026162904 ], [ 11.309748399688871, 44.460781615236797 ], [ 11.309818002071104, 44.460830729727903 ], [ 11.309942804406329, 44.460887576823183 ], [ 11.310024906613689, 44.460917721782273 ], [ 11.310081770664834, 44.460937653465862 ], [ 11.310162530258919, 44.460968429571203 ], [ 11.31021306196047, 44.460992038172144 ], [ 11.310287747810897, 44.461030686569309 ], [ 11.310351626718717, 44.46106442213118 ], [ 11.310414631237986, 44.461125247170166 ], [ 11.310428891361823, 44.461168546607006 ], [ 11.312874543134987, 44.462179523018413 ], [ 11.312890502132957, 44.462217883085799 ], [ 11.313046350841354, 44.462702475313336 ], [ 11.313047499659039, 44.462730918352626 ], [ 11.313056962208075, 44.462815476481872 ], [ 11.313060198997624, 44.462894543115091 ], [ 11.313076097237914, 44.463283275925491 ], [ 11.313160361156326, 44.463271854684599 ], [ 11.313225153204916, 44.463551250969694 ], [ 11.313397860660507, 44.464295935327925 ], [ 11.31374178277192, 44.464264559090893 ], [ 11.31386734770366, 44.464255172067972 ], [ 11.313962845146211, 44.46438449379054 ], [ 11.314149077092329, 44.464854667444826 ], [ 11.314195353549184, 44.464943124523302 ], [ 11.314204984272775, 44.46496859577821 ], [ 11.314224528145838, 44.465020639883008 ], [ 11.31424782340803, 44.465082671970627 ], [ 11.31430295444253, 44.465273344473033 ], [ 11.314344258476291, 44.465519663415392 ], [ 11.31439095225776, 44.465670806232872 ], [ 11.314445336512666, 44.465984351722227 ], [ 11.314472364775428, 44.466111217000879 ], [ 11.314884264080566, 44.465970968647134 ], [ 11.314972249778489, 44.465945804612652 ], [ 11.314940287823019, 44.466178385600081 ], [ 11.314696107679033, 44.466792819176419 ], [ 11.314680252904276, 44.466937118726463 ], [ 11.314531302694316, 44.467089365389569 ], [ 11.314572146504911, 44.467097909005524 ], [ 11.314303936928702, 44.467361341235083 ], [ 11.314114124436863, 44.467550111142558 ], [ 11.314042290864919, 44.46761484132314 ], [ 11.314030078897019, 44.467664175672574 ], [ 11.314115881058166, 44.4678314417256 ], [ 11.314196856192572, 44.467963442359988 ], [ 11.314213183942764, 44.468040002764432 ], [ 11.314173056543375, 44.468134505625308 ], [ 11.314262298451254, 44.468298118781711 ], [ 11.313865157245719, 44.468424147667164 ], [ 11.313937312086701, 44.468477717255745 ], [ 11.314054275233993, 44.468554541543305 ], [ 11.314129320688982, 44.46849133521642 ], [ 11.314322180816733, 44.468520447108794 ], [ 11.314614380631671, 44.468581906640026 ], [ 11.314880212859721, 44.468766884027332 ], [ 11.314845220616926, 44.468865649254475 ], [ 11.314733383478542, 44.46894838244139 ], [ 11.314592831051977, 44.468985324335961 ], [ 11.314437636350553, 44.46901954794064 ], [ 11.314197794033008, 44.469048636355559 ], [ 11.314101332541426, 44.46908830827519 ], [ 11.31410782441033, 44.469297202242053 ], [ 11.314124950488429, 44.469453733849328 ], [ 11.314175681557819, 44.470074529058508 ], [ 11.314179256268295, 44.470118200323959 ], [ 11.31420029292283, 44.470203820011072 ], [ 11.314243177316001, 44.470290950355228 ], [ 11.314318249953558, 44.470438916022012 ], [ 11.314331535665048, 44.470476988835166 ], [ 11.314332312898188, 44.470503323745938 ], [ 11.314327418605536, 44.470534075988951 ], [ 11.314312222366809, 44.470560883275994 ], [ 11.314239032669489, 44.47060745665631 ], [ 11.314256985666725, 44.470684397296466 ], [ 11.314007644685143, 44.470817171084441 ], [ 11.314069963378238, 44.47088295034478 ], [ 11.314345521327263, 44.471173763703042 ], [ 11.314292775111742, 44.471188282949484 ], [ 11.314819127447199, 44.471594374633277 ], [ 11.314897427714579, 44.471703671213348 ], [ 11.315003672142316, 44.471910771760257 ], [ 11.315115737147645, 44.472158491002816 ], [ 11.315298765235745, 44.47255532975435 ], [ 11.315191654909354, 44.472593070532483 ], [ 11.315204042614258, 44.472738093624024 ], [ 11.315174229833813, 44.47277013538924 ], [ 11.315257966793158, 44.472739052573431 ], [ 11.315324862587261, 44.472875281898588 ], [ 11.315426937566775, 44.472998473068614 ], [ 11.315474523524706, 44.473073119949369 ], [ 11.315537706685015, 44.47312470172794 ], [ 11.315564164077403, 44.473154034845592 ], [ 11.315489207537963, 44.473155717296116 ], [ 11.315417481485783, 44.473173556888007 ], [ 11.315328875957558, 44.473174102661901 ], [ 11.315256107336205, 44.473202775439539 ], [ 11.315347614436826, 44.473556241048087 ], [ 11.315359393363405, 44.47359528055587 ], [ 11.315329834075493, 44.47361721178077 ], [ 11.315304770715301, 44.473635800967834 ], [ 11.315274909801781, 44.473689837120993 ], [ 11.315370655487536, 44.473748986052442 ], [ 11.315322546863353, 44.473742850636647 ], [ 11.315346166707844, 44.473799294211922 ], [ 11.315347196167151, 44.473949265001856 ], [ 11.315386648125688, 44.474022294365945 ], [ 11.315291348905902, 44.47404245753539 ], [ 11.315010914198476, 44.474630348477433 ], [ 11.314817288672529, 44.474636129440185 ], [ 11.314852515594385, 44.474842662493842 ], [ 11.314844775997518, 44.475102988670159 ], [ 11.314832482591108, 44.475190332836881 ], [ 11.315275032585919, 44.475257205084461 ], [ 11.315181310955433, 44.475681531880177 ], [ 11.315464003142369, 44.475812204992458 ], [ 11.315530674773173, 44.475931855866925 ], [ 11.315609982531786, 44.476109991526364 ], [ 11.315608377857101, 44.476141507111123 ], [ 11.315595902098384, 44.47638650248151 ], [ 11.315688290107886, 44.4764493292748 ], [ 11.315687404878371, 44.476478434670007 ], [ 11.315882606178562, 44.476492939153189 ], [ 11.316003396366185, 44.47645661179665 ], [ 11.316167131742024, 44.476479847517389 ], [ 11.316211974577081, 44.476571465612423 ], [ 11.316435566333137, 44.477277139324286 ], [ 11.316689331020369, 44.47713582611248 ], [ 11.316818501839339, 44.477219025627754 ], [ 11.316924830474852, 44.477151194476939 ], [ 11.316972619813264, 44.47734799207462 ], [ 11.316974297846423, 44.477408157570792 ], [ 11.317102781461283, 44.477430820052383 ], [ 11.317195344942254, 44.477428770142559 ], [ 11.318549091684199, 44.477392577584354 ], [ 11.318811763077578, 44.477703960448437 ], [ 11.31895001110597, 44.477643949598466 ], [ 11.319243952615579, 44.478038681572187 ], [ 11.319803162502687, 44.477768639868778 ], [ 11.319849314591107, 44.477816990372531 ], [ 11.320552312831824, 44.477810129199113 ], [ 11.321160495499722, 44.477997114661413 ], [ 11.321211653447721, 44.478027905866732 ], [ 11.321280241201629, 44.478063917042604 ], [ 11.321359193512516, 44.478093548826635 ], [ 11.321495417855731, 44.478124089175715 ], [ 11.322048441076205, 44.478264066364623 ], [ 11.322388604897606, 44.478350223636632 ], [ 11.322932376540802, 44.478490104763331 ], [ 11.323376945011148, 44.478598999727623 ], [ 11.323559090491504, 44.478647064626628 ], [ 11.323681676151192, 44.478690159521342 ], [ 11.323764388012998, 44.478734839289864 ], [ 11.323839963973137, 44.478789710271826 ], [ 11.323920244073809, 44.478854522445886 ], [ 11.323993436107889, 44.478931076921569 ], [ 11.324053948833715, 44.479001783915251 ], [ 11.324126861613644, 44.479089090400691 ], [ 11.324214936332746, 44.479183193898969 ], [ 11.324268950336121, 44.47923181465589 ], [ 11.324335151244716, 44.479274858605528 ], [ 11.324456858845178, 44.479341636592309 ], [ 11.324614284799917, 44.479421597928763 ], [ 11.323321997929254, 44.480733144290653 ], [ 11.323212824330117, 44.481053596543063 ], [ 11.323591085341102, 44.481829351236271 ], [ 11.323755470063734, 44.482149194988416 ], [ 11.323898764049874, 44.48246715687177 ], [ 11.324795008491963, 44.484615319363975 ], [ 11.324805956096464, 44.484772079243932 ], [ 11.324893795851517, 44.484787171101672 ], [ 11.324915639718849, 44.484842428009372 ], [ 11.325163373009394, 44.485419735260997 ], [ 11.325150882535342, 44.485501012158466 ], [ 11.325229007497283, 44.485649718336589 ], [ 11.325227234682474, 44.485734300547868 ], [ 11.325258591849144, 44.485812693837801 ], [ 11.325323492999937, 44.48589739885584 ], [ 11.325439624395587, 44.486069299204757 ], [ 11.325577939601402, 44.486259215430714 ], [ 11.325646076941716, 44.486388731378099 ], [ 11.325651445287443, 44.486523768098891 ], [ 11.325638995968415, 44.486714286210002 ], [ 11.325677648919543, 44.486758404594561 ], [ 11.325824367583968, 44.486968063940488 ], [ 11.325857805330351, 44.48702020990244 ], [ 11.325904989220012, 44.487093212973754 ], [ 11.325953599220938, 44.487155617018878 ], [ 11.326019091961763, 44.487219174173553 ], [ 11.326080096022983, 44.487256406436018 ], [ 11.32616432930797, 44.487283643274758 ], [ 11.326264465465083, 44.487315380472857 ], [ 11.326368585346637, 44.487334171688843 ], [ 11.326513054633745, 44.487350536221427 ], [ 11.32668124843071, 44.487369264546899 ], [ 11.326737213793377, 44.487380979566865 ], [ 11.326782616553, 44.487402875727291 ], [ 11.326907220606657, 44.487520528652098 ], [ 11.327042097115219, 44.487664383849896 ], [ 11.327183241879535, 44.487826596127697 ], [ 11.327381633787445, 44.488053847973973 ], [ 11.327426808957314, 44.488105595718004 ], [ 11.327485640903276, 44.488146664301127 ], [ 11.327595902610767, 44.488184014053076 ], [ 11.327907287705282, 44.488226615256103 ], [ 11.328100348117037, 44.488258688480357 ], [ 11.328185277589954, 44.488299154239023 ], [ 11.328190087679028, 44.488370873433738 ], [ 11.328184305924028, 44.48845058418889 ], [ 11.328201337833047, 44.488528089456409 ], [ 11.328227123783021, 44.488615411759291 ], [ 11.328278755994685, 44.488742590738624 ], [ 11.328363861228416, 44.48896798675549 ], [ 11.328532841398257, 44.488921320368007 ], [ 11.329316890384099, 44.488780279498094 ], [ 11.329923546230662, 44.488672291588756 ], [ 11.330061798834052, 44.489055318194268 ], [ 11.330129860493193, 44.489242171358605 ], [ 11.32980911367005, 44.489307234856234 ], [ 11.330047399728162, 44.489811462581464 ], [ 11.330172329657426, 44.489954707707426 ], [ 11.330532322499893, 44.489823549769355 ], [ 11.330722341653439, 44.489754320445542 ], [ 11.331256846801676, 44.489569900015702 ], [ 11.331633145865954, 44.489441121675164 ], [ 11.332076486749221, 44.489276717641943 ], [ 11.332339586768827, 44.489176519031879 ], [ 11.333471914708531, 44.488737930294512 ], [ 11.333578404979335, 44.488702780543377 ] ] ] } },
{ "type": "Feature", "properties": { "MapCommunity": "C5", "CITY": "Bologna", "COM_ASC2": "37006005", "DEN_ASC2": "Corticella", "is_member": 1, "is_incoming": 1, "CommunityInitial": "C5", "CommunityPrev": "C3", "CommunityFinal": "C5", "Transition": "ingresso" }, "geometry": { "type": "Polygon", "coordinates": [ [ [ 11.37059522056755, 44.551674098642181 ], [ 11.370643699390824, 44.551664244183961 ], [ 11.370690264358807, 44.551697035613337 ], [ 11.370788315110749, 44.551775028796101 ], [ 11.370857727831327, 44.551830243497996 ], [ 11.370971056238986, 44.551948105491874 ], [ 11.371048846492165, 44.552061391378125 ], [ 11.371119370070641, 44.552227669259139 ], [ 11.371206611678192, 44.552498360162168 ], [ 11.371288523444266, 44.552739581277706 ], [ 11.37129980093737, 44.552773121699438 ], [ 11.371315960881457, 44.55281986189312 ], [ 11.371335933051645, 44.552851911824227 ], [ 11.371987278547062, 44.55265788047948 ], [ 11.372057974694485, 44.552638552241412 ], [ 11.372105364473319, 44.552626515980258 ], [ 11.373117730012948, 44.552369401065 ], [ 11.373377202997901, 44.552303500581587 ], [ 11.374029875891624, 44.552130811812127 ], [ 11.374083080474533, 44.552115749586079 ], [ 11.374223198172409, 44.552076498504512 ], [ 11.374267299140287, 44.552063796045296 ], [ 11.374319236978526, 44.552141452550721 ], [ 11.374359169780762, 44.552110468943425 ], [ 11.374463528815165, 44.552026770584767 ], [ 11.374499490798003, 44.551998175068256 ], [ 11.375188943957635, 44.55181841190636 ], [ 11.375866361072365, 44.551642554607959 ], [ 11.376229996948711, 44.551548617163462 ], [ 11.376728364566407, 44.551420081898307 ], [ 11.376908883174805, 44.551370189780798 ], [ 11.376933866133612, 44.551326901356092 ], [ 11.37680287762389, 44.551086001249843 ], [ 11.376240267255424, 44.550158088660439 ], [ 11.376072916066786, 44.549874052900307 ], [ 11.376696901481704, 44.549700710824709 ], [ 11.37822346293475, 44.54927262113209 ], [ 11.378278152141982, 44.549257317155252 ], [ 11.380119130398603, 44.548723532277513 ], [ 11.380375789492192, 44.548650096209009 ], [ 11.380861213220346, 44.54851393827515 ], [ 11.380926148887706, 44.548476572021904 ], [ 11.380963423103378, 44.548444567542838 ], [ 11.381024724982312, 44.548334663688351 ], [ 11.38104422971805, 44.548298469162582 ], [ 11.381108823153797, 44.548180721134202 ], [ 11.381469154221575, 44.548083746229565 ], [ 11.382659636380495, 44.547775892155947 ], [ 11.3838375639159, 44.547469402344362 ], [ 11.384302902016447, 44.547351034853179 ], [ 11.384526733344357, 44.547294096137264 ], [ 11.385109808118552, 44.547141254684327 ], [ 11.38575437671661, 44.546972490536021 ], [ 11.38647446730497, 44.546784144228013 ], [ 11.387064509365473, 44.546628888380873 ], [ 11.387446721730171, 44.546528619208402 ], [ 11.388009465344171, 44.546379005035689 ], [ 11.388512140862215, 44.546242452695488 ], [ 11.389251614848273, 44.546047482318365 ], [ 11.390175633255536, 44.545805892852869 ], [ 11.390901144760935, 44.54561628335199 ], [ 11.391040481006257, 44.545579599069811 ], [ 11.390985703990877, 44.545509853478009 ], [ 11.39089133841604, 44.545415053044344 ], [ 11.390628779418153, 44.545017132479593 ], [ 11.390481458285569, 44.544781657467475 ], [ 11.390151992653175, 44.544267533458154 ], [ 11.3900400110004, 44.544107276580775 ], [ 11.389853278283644, 44.543812417099652 ], [ 11.38956594441167, 44.543327801714113 ], [ 11.389460304426191, 44.543130268910168 ], [ 11.389128834671325, 44.542566676223601 ], [ 11.388949302769815, 44.542255345614358 ], [ 11.388840168686627, 44.542068577617066 ], [ 11.388655914705112, 44.541641995188805 ], [ 11.388612908783402, 44.541561876960579 ], [ 11.388851885522572, 44.541509051940061 ], [ 11.388944866689835, 44.541512730807028 ], [ 11.389079540997461, 44.541516104145828 ], [ 11.389168969040988, 44.541509732964158 ], [ 11.389283079221462, 44.541491584736264 ], [ 11.389388416440832, 44.541470255791573 ], [ 11.389514747958811, 44.541442851694313 ], [ 11.389741763486347, 44.541376763317814 ], [ 11.389866251374739, 44.541344920475993 ], [ 11.390399309965638, 44.54210289701961 ], [ 11.39043041756708, 44.542151763028635 ], [ 11.39076962484951, 44.54271288975756 ], [ 11.390800883273387, 44.542764592795514 ], [ 11.391248547928138, 44.542611182686493 ], [ 11.392050311141881, 44.54234400609603 ], [ 11.392867320798436, 44.542065245708699 ], [ 11.393624807131657, 44.541810543623662 ], [ 11.393665075683165, 44.541797009261295 ], [ 11.393799304601343, 44.541751427077926 ], [ 11.394366650482887, 44.541562289040371 ], [ 11.394413223304401, 44.541548587065684 ], [ 11.394387458648488, 44.541505674162529 ], [ 11.394300753501312, 44.541291796159683 ], [ 11.394138231850278, 44.540939302169711 ], [ 11.393988607097407, 44.54060563178875 ], [ 11.393847471412755, 44.540301301524956 ], [ 11.393589522858434, 44.539811918825968 ], [ 11.393288987248599, 44.539290442279714 ], [ 11.393114486410221, 44.539000702378246 ], [ 11.39308709266032, 44.538957913342855 ], [ 11.393007801686551, 44.538834061584957 ], [ 11.392494115857716, 44.538098076509058 ], [ 11.392137629157054, 44.537578803865223 ], [ 11.391867975143576, 44.53719575709291 ], [ 11.391534398393352, 44.536739570148534 ], [ 11.391232074501328, 44.53636446951905 ], [ 11.391168907380029, 44.536284580981608 ], [ 11.390844090280243, 44.53587379633791 ], [ 11.390744661740175, 44.535748047473156 ], [ 11.389903903968618, 44.534688553319455 ], [ 11.38946112402313, 44.53416567986622 ], [ 11.388920317781018, 44.533529068380098 ], [ 11.38860782197936, 44.533177870826137 ], [ 11.388071799567669, 44.532607743214598 ], [ 11.38788249281513, 44.532411071304004 ], [ 11.387782773020572, 44.532307473900119 ], [ 11.387578910065313, 44.532095031045017 ], [ 11.38735528460046, 44.531897594240633 ], [ 11.386883015747605, 44.531532409727234 ], [ 11.38639380540652, 44.531180072925459 ], [ 11.385908446282487, 44.530827468053381 ], [ 11.385470900441305, 44.530525878541887 ], [ 11.38514853155127, 44.530284957919527 ], [ 11.384930510791561, 44.53012294028516 ], [ 11.384822409352811, 44.5300265769555 ], [ 11.384740767766601, 44.529933180732286 ], [ 11.38465033863578, 44.529830362323573 ], [ 11.384165588140492, 44.5291867294236 ], [ 11.384026905873764, 44.529024324970919 ], [ 11.382260868424853, 44.527423973367704 ], [ 11.381265101593403, 44.526518873532005 ], [ 11.380633337034256, 44.525981261239366 ], [ 11.380443763432323, 44.525827924142583 ], [ 11.379969756642371, 44.525441249681052 ], [ 11.379517089871733, 44.525078542368895 ], [ 11.37946166093089, 44.525034127843249 ], [ 11.379108785221439, 44.524739782671716 ], [ 11.379072435905799, 44.524701029006025 ], [ 11.379048405460004, 44.524663486900906 ], [ 11.379036811135627, 44.524630067142731 ], [ 11.379018959207414, 44.524598635923397 ], [ 11.378951394208173, 44.524585072810432 ], [ 11.378902413699441, 44.524568519721228 ], [ 11.378812254922591, 44.524515233736757 ], [ 11.37873635828403, 44.524458003548048 ], [ 11.378675820193029, 44.5244058628926 ], [ 11.378543578033439, 44.524287227332195 ], [ 11.3784620600974, 44.524214094967384 ], [ 11.378203586134534, 44.523997083322598 ], [ 11.377858250068948, 44.523729089631892 ], [ 11.377629847768418, 44.523556372027869 ], [ 11.37753809809209, 44.523501000764789 ], [ 11.377446865558438, 44.523460157762528 ], [ 11.377391085675537, 44.523443871668654 ], [ 11.377329622363009, 44.523432333019841 ], [ 11.377262065264796, 44.523425322588523 ], [ 11.377192730899266, 44.523425074028182 ], [ 11.377110610187668, 44.523428476650381 ], [ 11.377015601531964, 44.523438044252423 ], [ 11.376907789670687, 44.523445591726556 ], [ 11.376849600014161, 44.523448324802629 ], [ 11.37676598828644, 44.523451578171866 ], [ 11.37665674937835, 44.523450062553835 ], [ 11.376565505198775, 44.523448172189141 ], [ 11.37647847128461, 44.523441881880743 ], [ 11.376417079111837, 44.523435490713119 ], [ 11.376360161326055, 44.523433605764495 ], [ 11.376295688992531, 44.523430347620433 ], [ 11.376218384148599, 44.523428121785642 ], [ 11.376012068870896, 44.523404796575953 ], [ 11.375901840702936, 44.523382603980252 ], [ 11.375796398384589, 44.523348501234921 ], [ 11.375679337961616, 44.523301936698537 ], [ 11.375596116345649, 44.523262789017053 ], [ 11.375529437865644, 44.523229128851568 ], [ 11.375417190118867, 44.52317213887391 ], [ 11.375018235252002, 44.522893810073477 ], [ 11.374639632310137, 44.522626634660895 ], [ 11.374606214965493, 44.522607867228302 ], [ 11.374289469621985, 44.522447036451211 ], [ 11.374203047350132, 44.522396269016639 ], [ 11.374133022951561, 44.522347113121612 ], [ 11.374082113102258, 44.522299505093443 ], [ 11.373825911339177, 44.521954420903775 ], [ 11.373741817998692, 44.521882743086458 ], [ 11.373766757156313, 44.521851769768887 ], [ 11.373800494935251, 44.521807206885711 ], [ 11.373846332521133, 44.521728194400517 ], [ 11.373926810737357, 44.521596713968925 ], [ 11.373969389275315, 44.521513375066334 ], [ 11.374006344076811, 44.521396834684104 ], [ 11.374016982238073, 44.521296623067194 ], [ 11.374006283192054, 44.521214383159524 ], [ 11.373985914382333, 44.521135871549525 ], [ 11.373948338761862, 44.521055955081657 ], [ 11.373903991749224, 44.520990212588906 ], [ 11.373837888111977, 44.520909566881052 ], [ 11.37241675525811, 44.519497968380669 ], [ 11.3722181090354, 44.519322541785911 ], [ 11.372077768176256, 44.51920024263972 ], [ 11.37199492485753, 44.519115343389572 ], [ 11.371884427320419, 44.519008067597184 ], [ 11.371838489081066, 44.519023053489249 ], [ 11.371794479354694, 44.519055450733568 ], [ 11.371674935206192, 44.519118586498891 ], [ 11.371515534652488, 44.519196608553727 ], [ 11.371276068722619, 44.519310819300379 ], [ 11.37109184941654, 44.519398662257757 ], [ 11.370785231155798, 44.519544868273464 ], [ 11.370468821400088, 44.519698911855386 ], [ 11.370215314135596, 44.519822313671369 ], [ 11.369658159525216, 44.520089574972793 ], [ 11.368734798626088, 44.520528048243165 ], [ 11.368697301328066, 44.520546128335646 ], [ 11.368086023691816, 44.52084086536604 ], [ 11.367401701233167, 44.521168023370954 ], [ 11.367337793281122, 44.521198527808373 ], [ 11.366969229731883, 44.521374458030451 ], [ 11.366539240110288, 44.521579704371014 ], [ 11.366497275845857, 44.521599840701327 ], [ 11.365438847982094, 44.522107752902926 ], [ 11.364309887535692, 44.522648517933625 ], [ 11.363891947234118, 44.522841731170558 ], [ 11.363717707691951, 44.522931416201104 ], [ 11.362894708207767, 44.523322688099682 ], [ 11.362171677656544, 44.523668854132744 ], [ 11.361029074525176, 44.524216977319981 ], [ 11.36098897535058, 44.524236712039666 ], [ 11.360802497349942, 44.524324291565868 ], [ 11.360710891716282, 44.524368412488492 ], [ 11.358447616344762, 44.525449643828551 ], [ 11.358363691715203, 44.525489851005517 ], [ 11.358308538284714, 44.525516276801795 ], [ 11.35813315068132, 44.525598222204195 ], [ 11.357977572050627, 44.525672105090855 ], [ 11.357829123804668, 44.525744940230403 ], [ 11.357680174575854, 44.525814725559655 ], [ 11.357503711566659, 44.525898131709383 ], [ 11.357343552915154, 44.525977060615453 ], [ 11.357162717089235, 44.526061276742695 ], [ 11.357093354744865, 44.526094999332528 ], [ 11.357168387846668, 44.526181980048626 ], [ 11.356153874242167, 44.526636905748433 ], [ 11.356010635859828, 44.526786207488072 ], [ 11.355929071064915, 44.526816617111784 ], [ 11.355323264771719, 44.527042691199846 ], [ 11.354869114433519, 44.527199723303042 ], [ 11.354558025714136, 44.527301436830157 ], [ 11.354066844529921, 44.527479295311785 ], [ 11.353757183338026, 44.527582808329434 ], [ 11.352720213467713, 44.527939659774532 ], [ 11.352563100524915, 44.527984955010247 ], [ 11.351603949779481, 44.528309758496626 ], [ 11.35110619803446, 44.528460815676212 ], [ 11.351073914892302, 44.528474940283246 ], [ 11.351000795918873, 44.528504973470142 ], [ 11.350899148191818, 44.528536040676869 ], [ 11.350339756344523, 44.528713207348225 ], [ 11.348762750658492, 44.529215626866481 ], [ 11.348401606343019, 44.529326361264324 ], [ 11.347466151533173, 44.529600502787268 ], [ 11.347110234588685, 44.529701353339341 ], [ 11.346431140544436, 44.529868387252449 ], [ 11.345504735504317, 44.530070756481628 ], [ 11.344055129878715, 44.530341162424648 ], [ 11.343282759002403, 44.530486783574368 ], [ 11.341872858658403, 44.530752576440328 ], [ 11.341958883510527, 44.530881546409148 ], [ 11.34200266735923, 44.530979014338762 ], [ 11.342038559863393, 44.531096151752052 ], [ 11.342060983760474, 44.531167282550463 ], [ 11.342100065269083, 44.531311589884169 ], [ 11.342148367798963, 44.531458831886056 ], [ 11.342172803054043, 44.531544742264273 ], [ 11.342215337139562, 44.531644290123459 ], [ 11.342257424815591, 44.531723350152333 ], [ 11.34229067336371, 44.531776698443736 ], [ 11.342326834902298, 44.531827676901599 ], [ 11.342408255867678, 44.531962478293835 ], [ 11.342439629444495, 44.532013975382277 ], [ 11.342554990032237, 44.532189550382434 ], [ 11.34259160194264, 44.532269191683433 ], [ 11.342627196491021, 44.532335169997459 ], [ 11.342706320533891, 44.532499146903668 ], [ 11.342750430371519, 44.532592691728674 ], [ 11.342775215614324, 44.532696516124389 ], [ 11.342798303407752, 44.532798057198264 ], [ 11.342835188831893, 44.532887980895687 ], [ 11.342859151285277, 44.532927111042397 ], [ 11.342901336412822, 44.532992427349875 ], [ 11.34295910171539, 44.533071924240332 ], [ 11.343004642600155, 44.533131659379926 ], [ 11.343032268045606, 44.533184035353109 ], [ 11.343077465410161, 44.533281194742763 ], [ 11.3431208151893, 44.53337948044355 ], [ 11.343367262341328, 44.533849306013309 ], [ 11.343416831374356, 44.533934562391025 ], [ 11.343475267383777, 44.534031641588498 ], [ 11.343539604397806, 44.534145103948759 ], [ 11.343619836051644, 44.534261215279237 ], [ 11.343670241239941, 44.534363055042881 ], [ 11.343712988024723, 44.534456335770955 ], [ 11.343754277840471, 44.534574056760363 ], [ 11.343805381557983, 44.534693320020345 ], [ 11.343871172372667, 44.5348140245762 ], [ 11.343929374645061, 44.534927910650531 ], [ 11.343971982463003, 44.53501770744645 ], [ 11.344015976123815, 44.535081318914663 ], [ 11.34406018342416, 44.535150156448573 ], [ 11.344106336098157, 44.535206750185665 ], [ 11.344167661622079, 44.535276980841978 ], [ 11.344228846193273, 44.535343727679056 ], [ 11.344310150632724, 44.535425752696128 ], [ 11.344424026063365, 44.535529777091881 ], [ 11.344497115107794, 44.535589304128948 ], [ 11.344533174857805, 44.535637386031695 ], [ 11.344578218820125, 44.535727130754701 ], [ 11.344595981153187, 44.535805231079273 ], [ 11.344613603595423, 44.535879845793183 ], [ 11.344626494027949, 44.535958046177534 ], [ 11.344604877928413, 44.536087520716912 ], [ 11.344578668238702, 44.536224063858022 ], [ 11.344599777352402, 44.536324762904073 ], [ 11.344641841116273, 44.536461647529116 ], [ 11.344709297354429, 44.536563138372685 ], [ 11.344806490789589, 44.536737251210063 ], [ 11.344855220160452, 44.536797278380256 ], [ 11.344929846587606, 44.536895133320449 ], [ 11.345011713984652, 44.53699109656965 ], [ 11.34512378746431, 44.537110850463982 ], [ 11.345258696759185, 44.537252802546938 ], [ 11.345339094516952, 44.537312178868063 ], [ 11.345477208096165, 44.537473244737576 ], [ 11.345583715288727, 44.537575675545732 ], [ 11.345655118969324, 44.53763072078322 ], [ 11.345695124802928, 44.537724433348046 ], [ 11.345717823720474, 44.53786912545231 ], [ 11.345717901894025, 44.537928036382112 ], [ 11.345710083588632, 44.53801820160438 ], [ 11.345732707552397, 44.538125741812294 ], [ 11.345747960588794, 44.538277616982533 ], [ 11.345785169857482, 44.538463407196566 ], [ 11.345868299120845, 44.538653162799235 ], [ 11.345889544157687, 44.538726365061386 ], [ 11.346010900618214, 44.538863060884069 ], [ 11.346236902967275, 44.538905884423833 ], [ 11.346470418381175, 44.538964919669439 ], [ 11.346576789866809, 44.538992195631387 ], [ 11.34670283468988, 44.539053440496069 ], [ 11.346804336870195, 44.539105687624037 ], [ 11.346876323206564, 44.539156268354922 ], [ 11.347022698274612, 44.539267835816652 ], [ 11.347140648860059, 44.53935543586185 ], [ 11.347302001858774, 44.539469303019686 ], [ 11.347526222636386, 44.539577906069219 ], [ 11.347719817495996, 44.539690284038358 ], [ 11.347851779201743, 44.539800785678885 ], [ 11.347957533146124, 44.540025039272201 ], [ 11.347983600144891, 44.54005417541903 ], [ 11.348060608529654, 44.540143099172617 ], [ 11.348211056301141, 44.540315440174034 ], [ 11.348348548382257, 44.540454129594529 ], [ 11.34852245557701, 44.540623519067317 ], [ 11.348656064106208, 44.540774869034841 ], [ 11.348794317971326, 44.540932409720121 ], [ 11.348964972470325, 44.541130170262775 ], [ 11.34916274737393, 44.541346240809432 ], [ 11.34930877911197, 44.541478464144227 ], [ 11.349480667788939, 44.541597574974261 ], [ 11.349675286094991, 44.541735088764661 ], [ 11.349855964124307, 44.541854019003658 ], [ 11.350011165938925, 44.541995486397482 ], [ 11.350153973106037, 44.542164156906097 ], [ 11.35021334204378, 44.542297517777264 ], [ 11.350165394352272, 44.542310735771331 ], [ 11.34961070301574, 44.542463644465862 ], [ 11.349024544076894, 44.542625223760091 ], [ 11.348134146715678, 44.542870662290298 ], [ 11.347491711246265, 44.543054850627044 ], [ 11.347138465153456, 44.543146562658897 ], [ 11.347079709878237, 44.543161832689215 ], [ 11.347033536099252, 44.543138330324162 ], [ 11.346824290903259, 44.542934464409129 ], [ 11.346709362405903, 44.542827895766514 ], [ 11.346678444775927, 44.542791623732846 ], [ 11.346564741245837, 44.542671922089468 ], [ 11.346312535231744, 44.542801828148662 ], [ 11.347026629807454, 44.543432632354232 ], [ 11.347423715174122, 44.5438085471718 ], [ 11.347713297353643, 44.544081929124069 ], [ 11.347925471354099, 44.544287070000799 ], [ 11.348001331297819, 44.544388204066102 ], [ 11.348051237591042, 44.544485789300055 ], [ 11.348117299064969, 44.544700092930732 ], [ 11.348222090639599, 44.545020395759451 ], [ 11.348263691783529, 44.545150711141297 ], [ 11.348285709863971, 44.545228843863875 ], [ 11.348295248215141, 44.54526270596461 ], [ 11.348305023394255, 44.54529757327473 ], [ 11.348313326042435, 44.545327190900686 ], [ 11.34835313688049, 44.545550089845058 ], [ 11.348396706557386, 44.545706321625772 ], [ 11.348381460777645, 44.54577279746583 ], [ 11.348414823312567, 44.5459343364464 ], [ 11.348464027194403, 44.54604432428895 ], [ 11.348524296252293, 44.546132739490233 ], [ 11.348608509440993, 44.546222785712494 ], [ 11.348692898678124, 44.546317107144546 ], [ 11.348733464537379, 44.54636109510362 ], [ 11.348774290694186, 44.546411488383271 ], [ 11.348801326945681, 44.54648991024623 ], [ 11.348823367549359, 44.546666625327198 ], [ 11.348836687574636, 44.546775217759702 ], [ 11.348844280220844, 44.546815616957467 ], [ 11.348901936264875, 44.546987322965919 ], [ 11.348930799867684, 44.54706108889949 ], [ 11.349023419387544, 44.547289285452251 ], [ 11.349110470983288, 44.547495413409905 ], [ 11.349217315500876, 44.547780708975992 ], [ 11.349333425727849, 44.54808828220424 ], [ 11.349380690840411, 44.548213190669784 ], [ 11.349400486371211, 44.548258678058531 ], [ 11.349438687520863, 44.548314804797087 ], [ 11.349528508453071, 44.548441466041353 ], [ 11.349640748672652, 44.548594241158931 ], [ 11.349709471209781, 44.548704960966489 ], [ 11.349770263711923, 44.548810325429585 ], [ 11.349894312570072, 44.549146002507662 ], [ 11.350017336723523, 44.549455971351854 ], [ 11.350056414665055, 44.549544127861495 ], [ 11.350080867772149, 44.549568782851267 ], [ 11.350132442411471, 44.54959071795696 ], [ 11.350177776840262, 44.549594213836571 ], [ 11.35023681517553, 44.549589649380437 ], [ 11.350304526349447, 44.549580143995904 ], [ 11.350410403742975, 44.549560102997631 ], [ 11.350884534293098, 44.549462016704098 ], [ 11.35169271894129, 44.549263387413937 ], [ 11.351880221373026, 44.549227354814043 ], [ 11.351923732507235, 44.549222785305545 ], [ 11.351966037035684, 44.549220077153812 ], [ 11.352015921644172, 44.549227429752619 ], [ 11.352072335898887, 44.549239331792727 ], [ 11.352111058097597, 44.549256133823064 ], [ 11.352142471205994, 44.549276817089719 ], [ 11.352165464868522, 44.54930300692552 ], [ 11.352200165153324, 44.549352807681835 ], [ 11.352402886675021, 44.549686161328992 ], [ 11.352580855096221, 44.549998602376505 ], [ 11.352630983314659, 44.550099844064661 ], [ 11.352641880960716, 44.550150977883852 ], [ 11.352646816432049, 44.550196589108737 ], [ 11.35263929696829, 44.550245853677296 ], [ 11.352620745376564, 44.550323764739225 ], [ 11.35259870054224, 44.550404341414982 ], [ 11.352550572103642, 44.550555222400384 ], [ 11.352528618243177, 44.550638372803 ], [ 11.352532261087871, 44.550728754040982 ], [ 11.352549836957595, 44.550805921426409 ], [ 11.352599996605734, 44.550884999191005 ], [ 11.352650792495384, 44.550979576942915 ], [ 11.352708811211778, 44.551073995901142 ], [ 11.352770554886218, 44.551170930775179 ], [ 11.35285342721574, 44.551254503412189 ], [ 11.352345779016183, 44.551578816731784 ], [ 11.3523862657576, 44.551621584243279 ], [ 11.352595783502828, 44.552037008274525 ], [ 11.352837571187351, 44.552536154456405 ], [ 11.352994902488621, 44.552860939404347 ], [ 11.353132214378979, 44.553143937561046 ], [ 11.353160393430713, 44.553198510517049 ], [ 11.353221929152932, 44.553319342951973 ], [ 11.353249958565261, 44.553362519096162 ], [ 11.35327058457573, 44.553394289541828 ], [ 11.354185617302841, 44.55289116273152 ], [ 11.354393029313274, 44.552818040992094 ], [ 11.354523865292274, 44.552771640601883 ], [ 11.354563324787327, 44.552757676719679 ], [ 11.354691780708707, 44.552712175066404 ], [ 11.354864907998236, 44.552680790413092 ], [ 11.355132786794853, 44.55261117683164 ], [ 11.355088373363669, 44.552499308854159 ], [ 11.355583622224804, 44.552370378484341 ], [ 11.35667717995006, 44.552092928653288 ], [ 11.356920142377641, 44.552028248208714 ], [ 11.357302138891166, 44.551926465913859 ], [ 11.35736001609097, 44.551911780423794 ], [ 11.357523528361785, 44.552064228837715 ], [ 11.35765344163684, 44.552144255312733 ], [ 11.357869833232936, 44.552241628409845 ], [ 11.358315752087078, 44.552391650310504 ], [ 11.358552503849303, 44.552486342738838 ], [ 11.358761130727192, 44.552605817279733 ], [ 11.358955392806768, 44.552739114557234 ], [ 11.359079774905446, 44.552837828571107 ], [ 11.359173751221443, 44.552942811828927 ], [ 11.359251280807952, 44.553057376002187 ], [ 11.359297195750576, 44.553110407844308 ], [ 11.359267694036483, 44.553183934287603 ], [ 11.359355258886803, 44.553325600974276 ], [ 11.359475097012874, 44.55348685884303 ], [ 11.359608285638725, 44.553647843312568 ], [ 11.359688611686039, 44.55372773834025 ], [ 11.359861479952002, 44.553877198270101 ], [ 11.360016151638598, 44.553986512073507 ], [ 11.360153903345532, 44.554065246500194 ], [ 11.360319497071707, 44.554111085172082 ], [ 11.360375139610616, 44.554126502822768 ], [ 11.360601475594647, 44.554236039911281 ], [ 11.360778254529846, 44.554307220017954 ], [ 11.361091385591829, 44.55444142750946 ], [ 11.361209473383843, 44.55453970310549 ], [ 11.361270005451253, 44.554615551108718 ], [ 11.361430733992391, 44.55481478702432 ], [ 11.361544340091966, 44.55499698898717 ], [ 11.361669161479558, 44.555203708475645 ], [ 11.361720954371961, 44.555278031063814 ], [ 11.361793077082492, 44.555350193714837 ], [ 11.361872799191383, 44.555395246488921 ], [ 11.361983003540379, 44.555435165420278 ], [ 11.362087822833912, 44.555458314185756 ], [ 11.362182183990651, 44.555473055776773 ], [ 11.362281845394136, 44.555488624763505 ], [ 11.362535598627089, 44.555517130730813 ], [ 11.362723476509148, 44.55553180975263 ], [ 11.362936181193557, 44.555557223169238 ], [ 11.363022587912056, 44.555571467940261 ], [ 11.363112051892271, 44.555586214711674 ], [ 11.363231931592727, 44.555631559598943 ], [ 11.363417393263216, 44.555741947181097 ], [ 11.363717228748367, 44.555917473207963 ], [ 11.363841868019916, 44.555984149347331 ], [ 11.363947254522046, 44.556039875508844 ], [ 11.364011018411897, 44.556080032211611 ], [ 11.364226655054324, 44.556215822476815 ], [ 11.36431477394339, 44.556186149914566 ], [ 11.364453379495529, 44.556138791307475 ], [ 11.364631038143663, 44.556078014640917 ], [ 11.365506869088977, 44.555786414549608 ], [ 11.365891233489693, 44.55565917370577 ], [ 11.365939408167568, 44.555644107904179 ], [ 11.36598915908224, 44.555629008511062 ], [ 11.365961690892172, 44.555569595078381 ], [ 11.365920737285576, 44.555481000459132 ], [ 11.365872002842387, 44.555377283543628 ], [ 11.365368831598181, 44.554324477870892 ], [ 11.365103752677257, 44.553781754893272 ], [ 11.364596908977777, 44.552744740014845 ], [ 11.364535982766498, 44.552625284784241 ], [ 11.364847368999193, 44.552573917983779 ], [ 11.365035383135396, 44.552543183548266 ], [ 11.365335019061614, 44.552494541758243 ], [ 11.365980314074628, 44.552396895165884 ], [ 11.366320094068893, 44.552345140177721 ], [ 11.367680334697413, 44.552135851532789 ], [ 11.36860237378548, 44.551995641005171 ], [ 11.37059522056755, 44.551674098642181 ] ] ] } },
{ "type": "Feature", "properties": { "MapCommunity": "C5", "CITY": "Bologna", "COM_ASC2": "37006006", "DEN_ASC2": "Costa Saragozza", "is_member": 0, "is_incoming": 0, "CommunityInitial": "", "CommunityPrev": "", "CommunityFinal": "", "Transition": "" }, "geometry": { "type": "Polygon", "coordinates": [ [ [ 11.319039693002523, 44.496966282925627 ], [ 11.3191303585211, 44.496962505477249 ], [ 11.319176638123475, 44.496967380936994 ], [ 11.319317372165617, 44.496995572502115 ], [ 11.320028779571253, 44.497135219941818 ], [ 11.320234173483527, 44.497161439050338 ], [ 11.320417172774528, 44.497178893459015 ], [ 11.320551875612031, 44.497191684740173 ], [ 11.320604777068029, 44.497192544896372 ], [ 11.320715684416344, 44.497186410139854 ], [ 11.320855186202758, 44.497180288102456 ], [ 11.32102330175589, 44.497172035671305 ], [ 11.321785976320951, 44.497138449042147 ], [ 11.322137349507939, 44.497121147028622 ], [ 11.322220557327302, 44.497118031074621 ], [ 11.32301748286527, 44.497088169616333 ], [ 11.32329184932137, 44.497072605736534 ], [ 11.323613601152688, 44.497056310745947 ], [ 11.323666747552302, 44.497053619278482 ], [ 11.324280057110778, 44.497035309676676 ], [ 11.324574930871124, 44.497023776940146 ], [ 11.325366832498398, 44.496992803123661 ], [ 11.325819938704855, 44.496968051841911 ], [ 11.325952172807007, 44.496959235829458 ], [ 11.326495351228608, 44.496943610810554 ], [ 11.326603246830208, 44.49695617425742 ], [ 11.32666557843682, 44.496963431995482 ], [ 11.327271055432238, 44.49704206892298 ], [ 11.32756346948535, 44.497074269939993 ], [ 11.327598552837664, 44.496966677734392 ], [ 11.327847760111698, 44.496171278244098 ], [ 11.328007924246412, 44.495648336065713 ], [ 11.328307292423256, 44.49473276503624 ], [ 11.328611885321257, 44.4937968514121 ], [ 11.329072265307671, 44.492332750904538 ], [ 11.329188436968476, 44.491938174716807 ], [ 11.329428154244308, 44.491154219888472 ], [ 11.329439299767939, 44.491118343095259 ], [ 11.329488201240963, 44.490981262041409 ], [ 11.329541750710487, 44.490762609963987 ], [ 11.329547331640718, 44.490558629697155 ], [ 11.329533872319931, 44.490487996349522 ], [ 11.329538616625033, 44.490356323057981 ], [ 11.329592767960317, 44.490244754386801 ], [ 11.329639602263008, 44.490209261971401 ], [ 11.329710351575029, 44.490168573117444 ], [ 11.329849834253617, 44.490089762549246 ], [ 11.330172329657426, 44.489954707707426 ], [ 11.330047399728162, 44.489811462581464 ], [ 11.32980911367005, 44.489307234856234 ], [ 11.330129860493193, 44.489242171358605 ], [ 11.330061798834052, 44.489055318194268 ], [ 11.329923546230662, 44.488672291588756 ], [ 11.329316890384099, 44.488780279498094 ], [ 11.328532841398257, 44.488921320368007 ], [ 11.328363861228416, 44.48896798675549 ], [ 11.328278755994685, 44.488742590738624 ], [ 11.328227123783021, 44.488615411759291 ], [ 11.328201337833047, 44.488528089456409 ], [ 11.328184305924028, 44.48845058418889 ], [ 11.328190087679028, 44.488370873433738 ], [ 11.328185277589954, 44.488299154239023 ], [ 11.328100348117037, 44.488258688480357 ], [ 11.327907287705282, 44.488226615256103 ], [ 11.327595902610767, 44.488184014053076 ], [ 11.327485640903276, 44.488146664301127 ], [ 11.327426808957314, 44.488105595718004 ], [ 11.327381633787445, 44.488053847973973 ], [ 11.327183241879535, 44.487826596127697 ], [ 11.327042097115219, 44.487664383849896 ], [ 11.326907220606657, 44.487520528652098 ], [ 11.326782616553, 44.487402875727291 ], [ 11.326737213793377, 44.487380979566865 ], [ 11.32668124843071, 44.487369264546899 ], [ 11.326513054633745, 44.487350536221427 ], [ 11.326368585346637, 44.487334171688843 ], [ 11.326264465465083, 44.487315380472857 ], [ 11.32616432930797, 44.487283643274758 ], [ 11.326080096022983, 44.487256406436018 ], [ 11.326019091961763, 44.487219174173553 ], [ 11.325953599220938, 44.487155617018878 ], [ 11.325904989220012, 44.487093212973754 ], [ 11.325857805330351, 44.48702020990244 ], [ 11.325824367583968, 44.486968063940488 ], [ 11.325677648919543, 44.486758404594561 ], [ 11.325638995968415, 44.486714286210002 ], [ 11.325651445287443, 44.486523768098891 ], [ 11.325646076941716, 44.486388731378099 ], [ 11.325577939601402, 44.486259215430714 ], [ 11.325439624395587, 44.486069299204757 ], [ 11.325323492999937, 44.48589739885584 ], [ 11.325258591849144, 44.485812693837801 ], [ 11.325227234682474, 44.485734300547868 ], [ 11.325229007497283, 44.485649718336589 ], [ 11.325150882535342, 44.485501012158466 ], [ 11.325163373009394, 44.485419735260997 ], [ 11.324915639718849, 44.484842428009372 ], [ 11.324893795851517, 44.484787171101672 ], [ 11.324805956096464, 44.484772079243932 ], [ 11.324795008491963, 44.484615319363975 ], [ 11.323898764049874, 44.48246715687177 ], [ 11.323755470063734, 44.482149194988416 ], [ 11.323591085341102, 44.481829351236271 ], [ 11.323212824330117, 44.481053596543063 ], [ 11.323321997929254, 44.480733144290653 ], [ 11.324614284799917, 44.479421597928763 ], [ 11.324456858845178, 44.479341636592309 ], [ 11.324335151244716, 44.479274858605528 ], [ 11.324268950336121, 44.47923181465589 ], [ 11.324214936332746, 44.479183193898969 ], [ 11.324126861613644, 44.479089090400691 ], [ 11.324053948833715, 44.479001783915251 ], [ 11.323993436107889, 44.478931076921569 ], [ 11.323920244073809, 44.478854522445886 ], [ 11.323839963973137, 44.478789710271826 ], [ 11.323764388012998, 44.478734839289864 ], [ 11.323681676151192, 44.478690159521342 ], [ 11.323559090491504, 44.478647064626628 ], [ 11.323376945011148, 44.478598999727623 ], [ 11.322932376540802, 44.478490104763331 ], [ 11.322388604897606, 44.478350223636632 ], [ 11.322048441076205, 44.478264066364623 ], [ 11.321495417855731, 44.478124089175715 ], [ 11.321359193512516, 44.478093548826635 ], [ 11.321280241201629, 44.478063917042604 ], [ 11.321211653447721, 44.478027905866732 ], [ 11.321160495499722, 44.477997114661413 ], [ 11.320552312831824, 44.477810129199113 ], [ 11.319849314591107, 44.477816990372531 ], [ 11.319803162502687, 44.477768639868778 ], [ 11.319243952615579, 44.478038681572187 ], [ 11.31895001110597, 44.477643949598466 ], [ 11.318811763077578, 44.477703960448437 ], [ 11.318549091684199, 44.477392577584354 ], [ 11.317195344942254, 44.477428770142559 ], [ 11.317102781461283, 44.477430820052383 ], [ 11.316974297846423, 44.477408157570792 ], [ 11.316972619813264, 44.47734799207462 ], [ 11.316924830474852, 44.477151194476939 ], [ 11.316818501839339, 44.477219025627754 ], [ 11.316689331020369, 44.47713582611248 ], [ 11.316435566333137, 44.477277139324286 ], [ 11.316211974577081, 44.476571465612423 ], [ 11.316167131742024, 44.476479847517389 ], [ 11.316003396366185, 44.47645661179665 ], [ 11.315882606178562, 44.476492939153189 ], [ 11.315687404878371, 44.476478434670007 ], [ 11.315688290107886, 44.4764493292748 ], [ 11.315595902098384, 44.47638650248151 ], [ 11.315608377857101, 44.476141507111123 ], [ 11.315609982531786, 44.476109991526364 ], [ 11.315530674773173, 44.475931855866925 ], [ 11.315464003142369, 44.475812204992458 ], [ 11.315181310955433, 44.475681531880177 ], [ 11.315275032585919, 44.475257205084461 ], [ 11.314832482591108, 44.475190332836881 ], [ 11.314844775997518, 44.475102988670159 ], [ 11.314852515594385, 44.474842662493842 ], [ 11.314817288672529, 44.474636129440185 ], [ 11.315010914198476, 44.474630348477433 ], [ 11.315291348905902, 44.47404245753539 ], [ 11.315386648125688, 44.474022294365945 ], [ 11.315347196167151, 44.473949265001856 ], [ 11.315346166707844, 44.473799294211922 ], [ 11.315322546863353, 44.473742850636647 ], [ 11.315370655487536, 44.473748986052442 ], [ 11.315274909801781, 44.473689837120993 ], [ 11.315304770715301, 44.473635800967834 ], [ 11.315329834075493, 44.47361721178077 ], [ 11.315359393363405, 44.47359528055587 ], [ 11.315347614436826, 44.473556241048087 ], [ 11.315256107336205, 44.473202775439539 ], [ 11.315328875957558, 44.473174102661901 ], [ 11.315417481485783, 44.473173556888007 ], [ 11.315489207537963, 44.473155717296116 ], [ 11.315564164077403, 44.473154034845592 ], [ 11.315537706685015, 44.47312470172794 ], [ 11.315474523524706, 44.473073119949369 ], [ 11.315426937566775, 44.472998473068614 ], [ 11.315324862587261, 44.472875281898588 ], [ 11.315257966793158, 44.472739052573431 ], [ 11.315174229833813, 44.47277013538924 ], [ 11.315204042614258, 44.472738093624024 ], [ 11.315191654909354, 44.472593070532483 ], [ 11.315298765235745, 44.47255532975435 ], [ 11.315115737147645, 44.472158491002816 ], [ 11.315003672142316, 44.471910771760257 ], [ 11.314897427714579, 44.471703671213348 ], [ 11.314819127447199, 44.471594374633277 ], [ 11.314292775111742, 44.471188282949484 ], [ 11.314345521327263, 44.471173763703042 ], [ 11.314069963378238, 44.47088295034478 ], [ 11.314007644685143, 44.470817171084441 ], [ 11.314256985666725, 44.470684397296466 ], [ 11.314239032669489, 44.47060745665631 ], [ 11.314312222366809, 44.470560883275994 ], [ 11.314327418605536, 44.470534075988951 ], [ 11.314332312898188, 44.470503323745938 ], [ 11.314331535665048, 44.470476988835166 ], [ 11.314318249953558, 44.470438916022012 ], [ 11.314243177316001, 44.470290950355228 ], [ 11.31420029292283, 44.470203820011072 ], [ 11.314179256268295, 44.470118200323959 ], [ 11.314175681557819, 44.470074529058508 ], [ 11.314124950488429, 44.469453733849328 ], [ 11.31410782441033, 44.469297202242053 ], [ 11.314101332541426, 44.46908830827519 ], [ 11.314197794033008, 44.469048636355559 ], [ 11.314437636350553, 44.46901954794064 ], [ 11.314592831051977, 44.468985324335961 ], [ 11.314733383478542, 44.46894838244139 ], [ 11.314845220616926, 44.468865649254475 ], [ 11.314880212859721, 44.468766884027332 ], [ 11.314614380631671, 44.468581906640026 ], [ 11.314322180816733, 44.468520447108794 ], [ 11.314129320688982, 44.46849133521642 ], [ 11.314054275233993, 44.468554541543305 ], [ 11.313937312086701, 44.468477717255745 ], [ 11.313865157245719, 44.468424147667164 ], [ 11.314262298451254, 44.468298118781711 ], [ 11.314173056543375, 44.468134505625308 ], [ 11.314213183942764, 44.468040002764432 ], [ 11.314196856192572, 44.467963442359988 ], [ 11.314115881058166, 44.4678314417256 ], [ 11.314030078897019, 44.467664175672574 ], [ 11.314042290864919, 44.46761484132314 ], [ 11.314114124436863, 44.467550111142558 ], [ 11.314303936928702, 44.467361341235083 ], [ 11.314572146504911, 44.467097909005524 ], [ 11.314531302694316, 44.467089365389569 ], [ 11.314680252904276, 44.466937118726463 ], [ 11.314696107679033, 44.466792819176419 ], [ 11.314940287823019, 44.466178385600081 ], [ 11.314972249778489, 44.465945804612652 ], [ 11.314884264080566, 44.465970968647134 ], [ 11.314472364775428, 44.466111217000879 ], [ 11.314445336512666, 44.465984351722227 ], [ 11.31439095225776, 44.465670806232872 ], [ 11.314344258476291, 44.465519663415392 ], [ 11.31430295444253, 44.465273344473033 ], [ 11.31424782340803, 44.465082671970627 ], [ 11.314224528145838, 44.465020639883008 ], [ 11.314204984272775, 44.46496859577821 ], [ 11.314195353549184, 44.464943124523302 ], [ 11.314149077092329, 44.464854667444826 ], [ 11.313962845146211, 44.46438449379054 ], [ 11.31386734770366, 44.464255172067972 ], [ 11.31374178277192, 44.464264559090893 ], [ 11.313397860660507, 44.464295935327925 ], [ 11.313225153204916, 44.463551250969694 ], [ 11.313160361156326, 44.463271854684599 ], [ 11.313076097237914, 44.463283275925491 ], [ 11.313060198997624, 44.462894543115091 ], [ 11.313056962208075, 44.462815476481872 ], [ 11.313047499659039, 44.462730918352626 ], [ 11.313046350841354, 44.462702475313336 ], [ 11.312890502132957, 44.462217883085799 ], [ 11.312874543134987, 44.462179523018413 ], [ 11.310428891361823, 44.461168546607006 ], [ 11.310414631237986, 44.461125247170166 ], [ 11.310351626718717, 44.46106442213118 ], [ 11.310287747810897, 44.461030686569309 ], [ 11.31021306196047, 44.460992038172144 ], [ 11.310162530258919, 44.460968429571203 ], [ 11.310081770664834, 44.460937653465862 ], [ 11.310024906613689, 44.460917721782273 ], [ 11.309942804406329, 44.460887576823183 ], [ 11.309818002071104, 44.460830729727903 ], [ 11.309748399688871, 44.460781615236797 ], [ 11.309688108157104, 44.460742026162904 ], [ 11.309598596715878, 44.460688471870682 ], [ 11.309494959499913, 44.460623012817983 ], [ 11.309416794081123, 44.460580797226477 ], [ 11.309346964731139, 44.460545704179957 ], [ 11.309306548846656, 44.460524607554255 ], [ 11.309256620787822, 44.460488555501989 ], [ 11.309223123132632, 44.460450935006705 ], [ 11.309200923038597, 44.460413617128062 ], [ 11.30916516658511, 44.46034370754694 ], [ 11.309116525765075, 44.460270547545164 ], [ 11.309096707877915, 44.460238808105373 ], [ 11.309071309385619, 44.460199719257979 ], [ 11.309037575713003, 44.460163501589342 ], [ 11.308989076731663, 44.460124213773774 ], [ 11.308927270449106, 44.460086059341549 ], [ 11.308873511385181, 44.460054846997245 ], [ 11.308811892098468, 44.460023917835237 ], [ 11.308724234222048, 44.459982575246052 ], [ 11.308635244855088, 44.45990975389676 ], [ 11.308573352434394, 44.459856936621811 ], [ 11.308539929629131, 44.459823744604464 ], [ 11.308505334729771, 44.459785722958991 ], [ 11.308471296189156, 44.459744307762378 ], [ 11.308435412265551, 44.459698488871965 ], [ 11.308405764114942, 44.459651418545874 ], [ 11.308389234482187, 44.459605823151406 ], [ 11.308372820205026, 44.459562834385224 ], [ 11.308357259186879, 44.459509603170005 ], [ 11.308328128169622, 44.459443058668413 ], [ 11.308310365755016, 44.459391059406734 ], [ 11.308288383915466, 44.459321625431016 ], [ 11.308263759648396, 44.459260060968106 ], [ 11.308249994176924, 44.459197176814683 ], [ 11.308258567193734, 44.459143325255432 ], [ 11.308271392069216, 44.459089842355631 ], [ 11.308280526595201, 44.459054030624856 ], [ 11.308296225910857, 44.458992505162485 ], [ 11.308315215330479, 44.458926115665605 ], [ 11.308324408079933, 44.45883052705161 ], [ 11.308319543035518, 44.458732078970712 ], [ 11.308332238743489, 44.458652906049529 ], [ 11.308352971222071, 44.458593716716273 ], [ 11.308369797175798, 44.458547032711074 ], [ 11.308396023520524, 44.458475143891789 ], [ 11.308408528282591, 44.458423463470517 ], [ 11.308419291679714, 44.458385260096748 ], [ 11.308425422103042, 44.458333831006151 ], [ 11.308413512389688, 44.458283742596372 ], [ 11.308384811316504, 44.458220436653839 ], [ 11.308354419378428, 44.458166944458327 ], [ 11.308280215199472, 44.458060891295389 ], [ 11.308240817278142, 44.458003063646366 ], [ 11.308196457110158, 44.457931624400153 ], [ 11.308133792044373, 44.457848934636274 ], [ 11.308078095931345, 44.457783820226567 ], [ 11.308012687795669, 44.457713805751446 ], [ 11.307907011493102, 44.457631094180606 ], [ 11.307826049496438, 44.457582881540461 ], [ 11.307804476849173, 44.457558562200255 ], [ 11.30775520565534, 44.457506873915655 ], [ 11.307707171468319, 44.457411680563204 ], [ 11.307674397713434, 44.457372677459269 ], [ 11.307647581897989, 44.457347355853095 ], [ 11.307606171820662, 44.45731087699653 ], [ 11.307562093676646, 44.457271346146307 ], [ 11.307513143273228, 44.457232635775149 ], [ 11.307443861492763, 44.457184223673991 ], [ 11.30735676947319, 44.457122048172955 ], [ 11.30727791896795, 44.457062315898213 ], [ 11.307205948290711, 44.456990309866285 ], [ 11.307167247483473, 44.456957755258031 ], [ 11.307124341727473, 44.456925347736522 ], [ 11.307080384206934, 44.45689406337732 ], [ 11.307004197535896, 44.456844503173222 ], [ 11.306939394696775, 44.456799621108864 ], [ 11.306890768854521, 44.456757003965222 ], [ 11.306862924735686, 44.456728217129772 ], [ 11.306841941212742, 44.456699051281923 ], [ 11.306827923882746, 44.45667209165002 ], [ 11.306816295587232, 44.456643653221192 ], [ 11.306808859797817, 44.456616984616083 ], [ 11.306804084688878, 44.456590532324881 ], [ 11.30679766905514, 44.456559766709411 ], [ 11.306790766734917, 44.456523984754476 ], [ 11.306778908890768, 44.45648496295572 ], [ 11.306758814160968, 44.456443256460453 ], [ 11.306729345629412, 44.456398433604029 ], [ 11.306687228302792, 44.456351338382028 ], [ 11.306624432579675, 44.45629519738975 ], [ 11.306558498091841, 44.456241633317951 ], [ 11.306520547222297, 44.456217948938757 ], [ 11.306476555966967, 44.456193126218906 ], [ 11.306430702346088, 44.456165919398856 ], [ 11.306356187837284, 44.456126544767748 ], [ 11.306278519360765, 44.456074169174883 ], [ 11.30620856132423, 44.456010629335239 ], [ 11.306170123315567, 44.455957299083181 ], [ 11.30614622325372, 44.455923987789191 ], [ 11.306118697828543, 44.455888272199871 ], [ 11.306091162326098, 44.455852331741241 ], [ 11.306058932901513, 44.455816791285343 ], [ 11.306020245904625, 44.455779475405905 ], [ 11.305981512491119, 44.455748640551178 ], [ 11.305951300578934, 44.455726763129739 ], [ 11.305918948320835, 44.455708305824224 ], [ 11.305875111727657, 44.45569186390486 ], [ 11.30583400248106, 44.455678162199852 ], [ 11.305772614811305, 44.455660330035279 ], [ 11.305693574165927, 44.455653173209285 ], [ 11.305515335025788, 44.455652955914012 ], [ 11.305388610219758, 44.455646494508755 ], [ 11.305322937819811, 44.4556394536705 ], [ 11.305265744181483, 44.455623396483453 ], [ 11.305204931580109, 44.455587820799323 ], [ 11.305153777141319, 44.455542822352399 ], [ 11.305096807528235, 44.455457728307429 ], [ 11.305078632471302, 44.455427710486354 ], [ 11.305057792360964, 44.45539228547257 ], [ 11.305030907943063, 44.455355268396112 ], [ 11.305006372704025, 44.455323264264493 ], [ 11.304980881726628, 44.455289075578357 ], [ 11.304951831665774, 44.455254866920441 ], [ 11.30491799147944, 44.455220592922856 ], [ 11.304882254900646, 44.455190860324812 ], [ 11.304833519883468, 44.455156286555116 ], [ 11.304797503804949, 44.455128264673483 ], [ 11.304692398542953, 44.4550376918532 ], [ 11.304655393377352, 44.455005484760513 ], [ 11.304622320223601, 44.454976001698896 ], [ 11.304587559411717, 44.454941288852908 ], [ 11.304557002851549, 44.454908360971949 ], [ 11.304510822180251, 44.454850210694026 ], [ 11.304492026401116, 44.454819098882226 ], [ 11.304471989172399, 44.454786462773249 ], [ 11.304447741399647, 44.454751879760302 ], [ 11.304395767516604, 44.454696275291219 ], [ 11.304335419018145, 44.454642524238004 ], [ 11.304297646774424, 44.454609657312645 ], [ 11.304261211640792, 44.454578284831783 ], [ 11.304228377702779, 44.454554838498282 ], [ 11.304197419670448, 44.454529266578767 ], [ 11.304174548808126, 44.454507023544124 ], [ 11.304136485903173, 44.454467946106853 ], [ 11.304065260449848, 44.454389684186808 ], [ 11.304040515727895, 44.454354631274043 ], [ 11.303969605141353, 44.454272033567037 ], [ 11.303914325219797, 44.454217034855382 ], [ 11.303858213757701, 44.45417374102891 ], [ 11.30379768930386, 44.454130156320488 ], [ 11.303754629035502, 44.454101451618939 ], [ 11.303722985504015, 44.45407825209459 ], [ 11.303691227660261, 44.454047256778928 ], [ 11.303646302961424, 44.453974887230117 ], [ 11.30359190607845, 44.453879084065761 ], [ 11.303576072224505, 44.453845700379951 ], [ 11.303526681410544, 44.453800859158278 ], [ 11.303511304540862, 44.453749405138971 ], [ 11.303490785706281, 44.453707056615116 ], [ 11.303471543431488, 44.453679300821321 ], [ 11.303381324998403, 44.453668800183927 ], [ 11.303333004960326, 44.453640056504867 ], [ 11.303293891431387, 44.453606833691474 ], [ 11.303247218609947, 44.453561006634402 ], [ 11.303170986858696, 44.453510168173302 ], [ 11.303090982656657, 44.453460782272472 ], [ 11.302994301371601, 44.453411850689122 ], [ 11.302946337190429, 44.453382013947 ], [ 11.302899154112534, 44.453346852568394 ], [ 11.302878323290033, 44.453316692602776 ], [ 11.30286973561712, 44.453285635666923 ], [ 11.30286586711806, 44.453249550083662 ], [ 11.302864716867209, 44.45322029578854 ], [ 11.302861731372742, 44.45319167539008 ], [ 11.302854703135477, 44.453162846658415 ], [ 11.302824725036967, 44.453119679630291 ], [ 11.302749599461679, 44.453019493981628 ], [ 11.302728809077191, 44.45297788991013 ], [ 11.302700591251453, 44.452946850813831 ], [ 11.302671142043071, 44.45292700883018 ], [ 11.302641416976464, 44.452897943792202 ], [ 11.302624296759513, 44.45286688969216 ], [ 11.302612276547466, 44.452836082023325 ], [ 11.302582942357743, 44.452776643165159 ], [ 11.302536595687087, 44.452726867874269 ], [ 11.302464282152124, 44.452655729963645 ], [ 11.302424681965409, 44.452620040934391 ], [ 11.302370484629485, 44.45257773225908 ], [ 11.3023265948126, 44.452545110485076 ], [ 11.30228121889758, 44.452509852981564 ], [ 11.302244716043774, 44.452478134608626 ], [ 11.30221435916576, 44.452445103029703 ], [ 11.302153310649727, 44.452363421606798 ], [ 11.302108986751234, 44.45228745176162 ], [ 11.302083820123347, 44.452246727150815 ], [ 11.302055917191923, 44.452206445726986 ], [ 11.302033631419123, 44.452168984987026 ], [ 11.302018559133233, 44.452135339945961 ], [ 11.302012180423523, 44.452103100461187 ], [ 11.30200987700508, 44.452066654685567 ], [ 11.302014497168916, 44.452034548111598 ], [ 11.302017051971863, 44.452006813458148 ], [ 11.302010952648235, 44.451976661453955 ], [ 11.301994488998139, 44.45190249654862 ], [ 11.301984831688934, 44.45181667190505 ], [ 11.301980000467967, 44.451761222099236 ], [ 11.301972082469602, 44.451727326553879 ], [ 11.301961070305573, 44.451684416932565 ], [ 11.301952002801087, 44.451645896498505 ], [ 11.301942228319165, 44.451604737239407 ], [ 11.301929488654039, 44.451567759181685 ], [ 11.301921479844353, 44.451536284474031 ], [ 11.301880487584608, 44.451480144098959 ], [ 11.301832579428988, 44.451435430675573 ], [ 11.301810262513378, 44.451389842025641 ], [ 11.301800841733158, 44.451359918126109 ], [ 11.301785529705475, 44.451322721838487 ], [ 11.301766538141266, 44.451291677425537 ], [ 11.301741399463266, 44.451256443783606 ], [ 11.301715700659054, 44.451209770062682 ], [ 11.301674665086933, 44.451142601341061 ], [ 11.301658184570877, 44.451105410588873 ], [ 11.301648734818283, 44.451062272273973 ], [ 11.301632884123723, 44.450998889121443 ], [ 11.301611386480502, 44.450953959110002 ], [ 11.301566102284474, 44.450896075810498 ], [ 11.301539127951434, 44.450864335246855 ], [ 11.301506659739569, 44.450835048825873 ], [ 11.301471878939049, 44.450811902009768 ], [ 11.30141576429566, 44.450780614750848 ], [ 11.301311746297246, 44.450734746481103 ], [ 11.301265469381919, 44.450711372215025 ], [ 11.301236257631389, 44.450685376257823 ], [ 11.301217597142388, 44.450647742340266 ], [ 11.301208712837717, 44.450621545473211 ], [ 11.301203933073989, 44.450594894957199 ], [ 11.30119660792726, 44.450558158769049 ], [ 11.301184395099707, 44.450519856515548 ], [ 11.30116485643717, 44.45044479917798 ], [ 11.301131857719216, 44.450332319968446 ], [ 11.301116360043075, 44.450290059736268 ], [ 11.301107199999116, 44.450246923633522 ], [ 11.301105733690271, 44.450212157954624 ], [ 11.301109726960505, 44.450181359525686 ], [ 11.301119939550341, 44.450156272149407 ], [ 11.301134432887126, 44.450132978236709 ], [ 11.3011562759234, 44.450104179594788 ], [ 11.30120004398815, 44.450048319056663 ], [ 11.301217935018455, 44.450011380648661 ], [ 11.301234672982252, 44.449955073776415 ], [ 11.301257744192483, 44.449892599356232 ], [ 11.301273045873565, 44.449814706971225 ], [ 11.301280760818143, 44.449766324259279 ], [ 11.301280841853503, 44.449708245637638 ], [ 11.301268109284123, 44.449649032609528 ], [ 11.301265910199092, 44.44960297437418 ], [ 11.30120571666157, 44.449537920169114 ], [ 11.301165623182198, 44.44949718113876 ], [ 11.301101838643987, 44.449445613210997 ], [ 11.301045066064182, 44.449407488008028 ], [ 11.300939796868196, 44.44935238088101 ], [ 11.300884903868049, 44.449319547281974 ], [ 11.300841653422642, 44.449293519075916 ], [ 11.300806979112309, 44.44926530951517 ], [ 11.300784320464498, 44.449238462950035 ], [ 11.300755178524014, 44.449196620792833 ], [ 11.300718163603724, 44.4491466377549 ], [ 11.300686591991269, 44.449095121684557 ], [ 11.300673833519101, 44.44904914930332 ], [ 11.300663116266444, 44.44898507016562 ], [ 11.300648516297993, 44.448925648923066 ], [ 11.300635145097148, 44.448850153890447 ], [ 11.300610787854012, 44.448767411656043 ], [ 11.300574358496455, 44.448699943523231 ], [ 11.300531803425944, 44.448633652133879 ], [ 11.300505765412682, 44.448600750008794 ], [ 11.30044495261836, 44.448542279805025 ], [ 11.300379839177523, 44.448486847298206 ], [ 11.300319115789168, 44.448428375224559 ], [ 11.300277992338213, 44.44839123158102 ], [ 11.300235456911404, 44.448355510883559 ], [ 11.300172898770729, 44.448297642866883 ], [ 11.300134975414165, 44.448259703677266 ], [ 11.300070751226935, 44.448204273780092 ], [ 11.299986148296517, 44.448135100455417 ], [ 11.299944879892205, 44.448089132510709 ], [ 11.299919627128968, 44.448061171288089 ], [ 11.299845239490182, 44.44799702259305 ], [ 11.299764836401319, 44.447942329881279 ], [ 11.29969258469797, 44.447887762790941 ], [ 11.299620552012289, 44.447835954156155 ], [ 11.299588799505676, 44.447814970306467 ], [ 11.299551909020325, 44.447790551002143 ], [ 11.299524632107506, 44.447773447149892 ], [ 11.299439468827622, 44.447732580035968 ], [ 11.299333052113766, 44.447677961759759 ], [ 11.29924869310112, 44.447621108499121 ], [ 11.299171717068122, 44.447577240450791 ], [ 11.299141796900591, 44.447553014627978 ], [ 11.299092574310691, 44.447513353576525 ], [ 11.299007325106867, 44.447453723640244 ], [ 11.298932624061012, 44.447404344103717 ], [ 11.2988161156419, 44.447325069543879 ], [ 11.298782515371492, 44.447304350443119 ], [ 11.298727868877751, 44.447268045708455 ], [ 11.298685750030531, 44.44723812364834 ], [ 11.298601307109063, 44.447182814648286 ], [ 11.298550000847889, 44.447146275122272 ], [ 11.298485768369122, 44.447090851690099 ], [ 11.298417147433772, 44.447036003619687 ], [ 11.298351179942546, 44.446981164204239 ], [ 11.298288582927867, 44.446931092219458 ], [ 11.297926148869294, 44.446646880580296 ], [ 11.297666158295643, 44.446132457094663 ], [ 11.297451112842595, 44.445999356868228 ], [ 11.296473769441555, 44.44595913064942 ], [ 11.29634974113857, 44.445920036024411 ], [ 11.296240300881029, 44.445893861031848 ], [ 11.296166736240194, 44.445878910870057 ], [ 11.296097519983983, 44.44586835652327 ], [ 11.296036860470011, 44.445863599696814 ], [ 11.295949245816418, 44.44586237293931 ], [ 11.295838594962589, 44.445858628615419 ], [ 11.295740266509961, 44.445850145857264 ], [ 11.295673306633864, 44.445844029199122 ], [ 11.295568490986486, 44.445829707085814 ], [ 11.29550907336457, 44.445814499031442 ], [ 11.295471847908026, 44.445810737223283 ], [ 11.295367683521404, 44.445784231140841 ], [ 11.2951995328926, 44.445751255652858 ], [ 11.295138995151836, 44.445723330268521 ], [ 11.294995860556611, 44.445688870247331 ], [ 11.294861124902978, 44.445655730247772 ], [ 11.294797479953253, 44.445633236326991 ], [ 11.294719244884245, 44.445600320687731 ], [ 11.294600353900449, 44.44554654289108 ], [ 11.294525231389715, 44.445503281722765 ], [ 11.294473643303224, 44.44546290818279 ], [ 11.294398612912616, 44.445399146932523 ], [ 11.294325671299458, 44.445314783387936 ], [ 11.294270191840546, 44.445261325178713 ], [ 11.294212432929262, 44.445223658396209 ], [ 11.294159295046068, 44.445197835340878 ], [ 11.294096919313546, 44.445178369221438 ], [ 11.293980694541329, 44.445162798482691 ], [ 11.293863483177971, 44.445161795741448 ], [ 11.293699870731217, 44.445178704192806 ], [ 11.293434264481931, 44.445212948895936 ], [ 11.293083564517771, 44.445253815912402 ], [ 11.292830858716478, 44.445284396178131 ], [ 11.292701732913482, 44.445298179829408 ], [ 11.292577040901866, 44.445310298829313 ], [ 11.292402733553081, 44.445331714463826 ], [ 11.292249005241263, 44.445354913267764 ], [ 11.292023705710026, 44.445396085828854 ], [ 11.29186839361342, 44.445423106936353 ], [ 11.291686156506087, 44.445455140859224 ], [ 11.29148501026415, 44.445483080629586 ], [ 11.291279693215762, 44.44551109475433 ], [ 11.291071999824659, 44.445531692998763 ], [ 11.290945084686742, 44.445538723316673 ], [ 11.290849364784629, 44.445543633058989 ], [ 11.290745435851738, 44.445551687324247 ], [ 11.290622574099269, 44.44555564706549 ], [ 11.290513777469926, 44.445545883505353 ], [ 11.290383666372179, 44.445524592849104 ], [ 11.290126465817043, 44.445466554132224 ], [ 11.289851857188303, 44.445414284512054 ], [ 11.289649586144934, 44.445360085367653 ], [ 11.289565901139611, 44.445332208951299 ], [ 11.289431023694581, 44.445261220908328 ], [ 11.289383453333016, 44.445235031896701 ], [ 11.289314011700956, 44.445175918521045 ], [ 11.289265641560608, 44.445129580448018 ], [ 11.289213320885853, 44.445065468404877 ], [ 11.289155651932274, 44.444949899065115 ], [ 11.289119438894684, 44.444867558597437 ], [ 11.289090751256133, 44.44481040789951 ], [ 11.289054860709012, 44.44477854784374 ], [ 11.289014251323108, 44.444752798869708 ], [ 11.288965638295938, 44.444739245110902 ], [ 11.28889602520619, 44.444731332124228 ], [ 11.288832943147543, 44.44472406238043 ], [ 11.288737071721828, 44.444708915467174 ], [ 11.288681470979922, 44.44469917386435 ], [ 11.28863006983328, 44.444686240325282 ], [ 11.288573042909213, 44.444667976537268 ], [ 11.288511244257476, 44.44463819224891 ], [ 11.288455695242218, 44.444602071712957 ], [ 11.288411901747779, 44.444561843459603 ], [ 11.288385529027472, 44.444524363797136 ], [ 11.288360230553746, 44.444486105471277 ], [ 11.288350088983039, 44.444448297740642 ], [ 11.288337723532035, 44.444381061686201 ], [ 11.28833635135596, 44.444318260543874 ], [ 11.288337502249187, 44.444264716673821 ], [ 11.288344259432849, 44.444215715699109 ], [ 11.288378991980432, 44.444079278299803 ], [ 11.288396488867514, 44.444000586435429 ], [ 11.288404556660254, 44.443957762014875 ], [ 11.288405655485443, 44.44393058797106 ], [ 11.288405396256003, 44.44384062150084 ], [ 11.288400511683879, 44.443770903799297 ], [ 11.288397666072505, 44.443698049210433 ], [ 11.288391471942573, 44.443484091952293 ], [ 11.28837958812497, 44.443207501105249 ], [ 11.288374774030849, 44.442948790054501 ], [ 11.288375655228842, 44.442801823777863 ], [ 11.288375419689199, 44.442762009735233 ], [ 11.288364132712374, 44.442727620759328 ], [ 11.288330607089829, 44.44269938254299 ], [ 11.288296977626537, 44.442684894360056 ], [ 11.288229209409005, 44.442677723612256 ], [ 11.288101098352822, 44.442678436861513 ], [ 11.287773166091736, 44.442690653792241 ], [ 11.285536415916537, 44.442902513489187 ], [ 11.283266627700042, 44.443117451431654 ], [ 11.281069210650173, 44.443325494758369 ], [ 11.28194045960878, 44.445462517031018 ], [ 11.282155389692653, 44.445999709687037 ], [ 11.282508196195952, 44.446950873688685 ], [ 11.283780792766954, 44.450440365754993 ], [ 11.283770858089282, 44.450469227136892 ], [ 11.283652234018648, 44.45081416629192 ], [ 11.283599595294941, 44.450935041832274 ], [ 11.283732823888453, 44.451712788436794 ], [ 11.28438325220006, 44.452903901542051 ], [ 11.284618786892921, 44.453335655344155 ], [ 11.284800429436723, 44.453668611896454 ], [ 11.285027802576272, 44.454221091568371 ], [ 11.285128946282434, 44.454608788804236 ], [ 11.285158113352088, 44.454661860722823 ], [ 11.285582691575712, 44.455014015050835 ], [ 11.285864816711621, 44.455740965371845 ], [ 11.285898764200304, 44.455886014097814 ], [ 11.286262427932295, 44.457293259054104 ], [ 11.28631962202228, 44.458536719573218 ], [ 11.286561222806974, 44.458989883596153 ], [ 11.2865410493844, 44.459157376627623 ], [ 11.287636375504224, 44.459279590011974 ], [ 11.288084411229839, 44.459329577289033 ], [ 11.288171930634016, 44.459618683919409 ], [ 11.288212630820802, 44.459578879504853 ], [ 11.288339892197872, 44.459454413073047 ], [ 11.288605486505185, 44.459515494116012 ], [ 11.288797919095535, 44.45963486424737 ], [ 11.288922563541908, 44.459708873162207 ], [ 11.289168992167911, 44.459762449055511 ], [ 11.289339885337464, 44.459752830075509 ], [ 11.28963495743257, 44.459825121821794 ], [ 11.289794340682937, 44.459862445892277 ], [ 11.28990190131946, 44.459961553649535 ], [ 11.29001261626485, 44.460020100568038 ], [ 11.290163326057284, 44.460036770509973 ], [ 11.29028733750298, 44.460033724455755 ], [ 11.290916909278994, 44.460201702934135 ], [ 11.291110773334616, 44.460236651507792 ], [ 11.291334802101899, 44.460380681521258 ], [ 11.291604834734056, 44.46047542186318 ], [ 11.29196916039068, 44.460571923544002 ], [ 11.292151827920177, 44.460620307405335 ], [ 11.292186933314742, 44.460693880574489 ], [ 11.29208597078483, 44.460768376269819 ], [ 11.291899995533488, 44.460960080671896 ], [ 11.291830893619293, 44.461031313117836 ], [ 11.291768054215426, 44.461312781666358 ], [ 11.291812150708061, 44.46135576714525 ], [ 11.291942597156174, 44.462098687904252 ], [ 11.291605017254231, 44.462406489605776 ], [ 11.29132296261467, 44.462571957837135 ], [ 11.291293198372905, 44.462589418976528 ], [ 11.291234058994243, 44.462614787030311 ], [ 11.290960167672763, 44.462732273933291 ], [ 11.290907776821042, 44.462778899342609 ], [ 11.290834567301767, 44.46299586719239 ], [ 11.290746670895791, 44.463098907904246 ], [ 11.290695541895227, 44.463134100657633 ], [ 11.290641134362469, 44.463177936881387 ], [ 11.290577611318271, 44.463214214617707 ], [ 11.290501858454791, 44.463247644396759 ], [ 11.290427324752434, 44.463280396073593 ], [ 11.290353485961733, 44.463320052282448 ], [ 11.290318858722053, 44.463329738830524 ], [ 11.290093154910794, 44.463585216089086 ], [ 11.289956695222127, 44.463772510130745 ], [ 11.289932853337232, 44.463865820819649 ], [ 11.289774352975098, 44.464031611939788 ], [ 11.289626804341877, 44.464196616917036 ], [ 11.289547710541223, 44.464343932429912 ], [ 11.289393346020526, 44.464716137901348 ], [ 11.28923396228655, 44.46508055929273 ], [ 11.289181555000221, 44.465287539067241 ], [ 11.289164217196436, 44.465668246929461 ], [ 11.289054833760726, 44.466206088606846 ], [ 11.289142100533478, 44.466248214846622 ], [ 11.289186413865453, 44.466296278043387 ], [ 11.289206215944578, 44.466460738884706 ], [ 11.289297325240252, 44.466480847644959 ], [ 11.290334744400186, 44.466286742728464 ], [ 11.290454193146866, 44.466307412722401 ], [ 11.290647021258684, 44.467620731586663 ], [ 11.291631457717033, 44.46785980226884 ], [ 11.291627604585937, 44.467941473116809 ], [ 11.290604344495064, 44.468297352025189 ], [ 11.290740780288006, 44.468490975096103 ], [ 11.291204593852807, 44.468778183846155 ], [ 11.292310529867873, 44.468867315492396 ], [ 11.292375903162268, 44.468856360956316 ], [ 11.292705155886926, 44.468792515558341 ], [ 11.292730902145586, 44.46884772292281 ], [ 11.292700802213723, 44.469031139233913 ], [ 11.292677130814571, 44.469159937143218 ], [ 11.292642723732389, 44.469344614775274 ], [ 11.292623100565159, 44.469389669983919 ], [ 11.292436539552035, 44.469818017157003 ], [ 11.292291376406325, 44.470064004751094 ], [ 11.292128745070793, 44.470266676569189 ], [ 11.292015469847922, 44.470407839779973 ], [ 11.291997686440439, 44.470430001178343 ], [ 11.291823993782881, 44.470614772356328 ], [ 11.291780434021454, 44.470661109192271 ], [ 11.291621724312844, 44.470842100652057 ], [ 11.291092895947328, 44.470842011085111 ], [ 11.291127154154127, 44.470792080992247 ], [ 11.291492812306895, 44.470259510718506 ], [ 11.290247498343042, 44.469755593397309 ], [ 11.290105986164299, 44.469999273222456 ], [ 11.289837786701707, 44.470374319824366 ], [ 11.289655392454542, 44.470592907747886 ], [ 11.289525486257316, 44.470626463305436 ], [ 11.289478967928206, 44.470783251456822 ], [ 11.289526369366129, 44.471412481628441 ], [ 11.289576496725649, 44.472091147155737 ], [ 11.290094222470207, 44.472068946418382 ], [ 11.290316858468985, 44.472055480033475 ], [ 11.29068288487958, 44.472151673300026 ], [ 11.290350378445888, 44.47285097403423 ], [ 11.290440111972318, 44.472875627870984 ], [ 11.29042098617772, 44.472948596124773 ], [ 11.290370083760553, 44.473033461495369 ], [ 11.290233489405901, 44.473257890527613 ], [ 11.290096790463174, 44.473419295054342 ], [ 11.290045446586717, 44.47353284157095 ], [ 11.290464410971655, 44.47351540120119 ], [ 11.290541240629432, 44.473512203181421 ], [ 11.290715939815184, 44.473518273846679 ], [ 11.291005587596613, 44.473751024425077 ], [ 11.291017614252695, 44.473796934986346 ], [ 11.290980705738535, 44.473816109453743 ], [ 11.290700603009384, 44.473961614846594 ], [ 11.290478275988828, 44.473979239494 ], [ 11.290421359334621, 44.473942250875545 ], [ 11.29022339092861, 44.473968983991803 ], [ 11.290045470278269, 44.474212101240283 ], [ 11.289828239601613, 44.474508931295787 ], [ 11.289639240291901, 44.47463931697763 ], [ 11.289349672916162, 44.474790742637069 ], [ 11.288653555457209, 44.474916270967171 ], [ 11.288372305927465, 44.475076588517602 ], [ 11.288342330585172, 44.47509841485973 ], [ 11.287974216206507, 44.475366456838813 ], [ 11.287947827068619, 44.475535791090181 ], [ 11.287971255051238, 44.47575306691914 ], [ 11.288139559474068, 44.476062588517763 ], [ 11.288184623652436, 44.476145467197824 ], [ 11.288391033156071, 44.476540793763206 ], [ 11.288866735452002, 44.476471840545464 ], [ 11.289251583001763, 44.476392349438406 ], [ 11.289769224630975, 44.476375314847047 ], [ 11.29029063895708, 44.476464712151575 ], [ 11.290488269387319, 44.476395205277832 ], [ 11.291289667129684, 44.476029716217489 ], [ 11.291420964459041, 44.475925729393587 ], [ 11.291542356873727, 44.475959942333994 ], [ 11.29179417852518, 44.476149566863597 ], [ 11.291803267093051, 44.476220853462522 ], [ 11.291715814668621, 44.476335703553445 ], [ 11.291419016534768, 44.476683193583725 ], [ 11.291112552507496, 44.476824381161308 ], [ 11.290969099980998, 44.476913912087205 ], [ 11.291067818790117, 44.477147127795277 ], [ 11.290450817892514, 44.477345179738649 ], [ 11.290366234548395, 44.477412711994809 ], [ 11.290130548231863, 44.477474832934497 ], [ 11.290137879007764, 44.477556704179122 ], [ 11.290145888035868, 44.47764613841489 ], [ 11.290592804189991, 44.477961254192088 ], [ 11.290800097024562, 44.478217598728037 ], [ 11.291038467568088, 44.478424935540616 ], [ 11.29120277479244, 44.478566808640245 ], [ 11.291242401491212, 44.478695435749643 ], [ 11.291320406164038, 44.478801327070691 ], [ 11.291705353565822, 44.47901866519814 ], [ 11.292095489726075, 44.479328171894217 ], [ 11.29163640299204, 44.479425032707255 ], [ 11.29163791806546, 44.47926365570369 ], [ 11.290908179388778, 44.479207947912244 ], [ 11.29031898475011, 44.479692082401066 ], [ 11.290289779406864, 44.479716080527204 ], [ 11.290644897450932, 44.480034728349167 ], [ 11.290175268977453, 44.480565180425501 ], [ 11.289912090267396, 44.480728570922004 ], [ 11.289550457078905, 44.480986772164997 ], [ 11.289402357490005, 44.481138273706819 ], [ 11.289758406413227, 44.481280222162376 ], [ 11.290195731653673, 44.481349659651201 ], [ 11.290471372037119, 44.481344139392704 ], [ 11.290509791298424, 44.481401884588394 ], [ 11.29027678004252, 44.481632756432496 ], [ 11.290290535877316, 44.481674814318602 ], [ 11.290589806320911, 44.481779512153082 ], [ 11.290889942963776, 44.481958045606675 ], [ 11.290919210059164, 44.482042711165555 ], [ 11.290873652604681, 44.48222395212909 ], [ 11.290850416264682, 44.482333013272523 ], [ 11.290841936620591, 44.482437835139841 ], [ 11.290857922476706, 44.482524724394516 ], [ 11.290875452048901, 44.482591334004532 ], [ 11.290964242787163, 44.482682051222 ], [ 11.291030600364724, 44.482700170536717 ], [ 11.291149739472257, 44.48269215463327 ], [ 11.291328769028263, 44.482667743719674 ], [ 11.291425569613196, 44.482653817357154 ], [ 11.291505017766612, 44.482632696849798 ], [ 11.291575425109992, 44.482604273904734 ], [ 11.291687247740388, 44.48254970418909 ], [ 11.291820050964111, 44.482468826163974 ], [ 11.291919898222371, 44.482389737667809 ], [ 11.292074087577683, 44.482252730848799 ], [ 11.292173224727298, 44.482175338973803 ], [ 11.292269100058792, 44.482114904100527 ], [ 11.292336190213609, 44.48208204689 ], [ 11.292458760546021, 44.482041319065992 ], [ 11.292894230094499, 44.481942554440465 ], [ 11.293354860429803, 44.481825629475402 ], [ 11.293603284639241, 44.481865858592919 ], [ 11.29388031415432, 44.482036397676573 ], [ 11.294459629259878, 44.481938114320052 ], [ 11.294502546346816, 44.482050351464757 ], [ 11.294560140076403, 44.482256257396735 ], [ 11.294605323307426, 44.482386442456772 ], [ 11.294702956747903, 44.482611234883493 ], [ 11.29475887568355, 44.482655102250696 ], [ 11.294893388747726, 44.482697973911847 ], [ 11.295172355942361, 44.482777334798783 ], [ 11.295318077041992, 44.48280534687963 ], [ 11.295456264665717, 44.482841951999866 ], [ 11.295593080480206, 44.48288365210481 ], [ 11.295817591764468, 44.482937087836468 ], [ 11.295905215416424, 44.482966833816441 ], [ 11.296003424852524, 44.483005935689874 ], [ 11.296120149139592, 44.483016528334936 ], [ 11.296510597512183, 44.483072260598369 ], [ 11.29669163139712, 44.483099001462001 ], [ 11.296739683552318, 44.483240977165345 ], [ 11.296763668930101, 44.483371597730681 ], [ 11.29678820154562, 44.48349600628417 ], [ 11.296796885772574, 44.48353690684425 ], [ 11.296769913861191, 44.483590901570501 ], [ 11.296736866363027, 44.48366977568763 ], [ 11.296709977568693, 44.483745719776444 ], [ 11.296689543881502, 44.483865974444711 ], [ 11.29668488657515, 44.483967346538527 ], [ 11.296681187717136, 44.484093454707875 ], [ 11.296679120807548, 44.484261167083766 ], [ 11.296672581484579, 44.484394651510179 ], [ 11.296670834824372, 44.484450937616941 ], [ 11.296667376072634, 44.484583771292392 ], [ 11.29666150494554, 44.48465422404778 ], [ 11.296659807612327, 44.484691393032698 ], [ 11.296661413428783, 44.484752128296002 ], [ 11.296656964065541, 44.484859119217681 ], [ 11.29665591519408, 44.484932283765609 ], [ 11.296657331926751, 44.484988522429823 ], [ 11.296642932448261, 44.485042264176528 ], [ 11.29662799797852, 44.48510220777375 ], [ 11.296618423544571, 44.485158668459228 ], [ 11.296608090624453, 44.485215701663769 ], [ 11.296603307417797, 44.485294008899558 ], [ 11.296608434040101, 44.485344548100059 ], [ 11.296634519722341, 44.485428415496919 ], [ 11.296658174484868, 44.485490400554639 ], [ 11.296670200579971, 44.485556550095495 ], [ 11.296665340622312, 44.485682616775776 ], [ 11.296621774109031, 44.485744878401015 ], [ 11.296408135340949, 44.485988873181199 ], [ 11.296203097677894, 44.48622052573154 ], [ 11.296138354899069, 44.486263845820027 ], [ 11.296111527118454, 44.48628179465819 ], [ 11.296038795139552, 44.486331083859866 ], [ 11.295815994228679, 44.48658200293859 ], [ 11.295763225715701, 44.48663933131224 ], [ 11.295687843254781, 44.486721308017401 ], [ 11.295375829597733, 44.487062364569333 ], [ 11.294817364562842, 44.487693080174338 ], [ 11.295019023466876, 44.487764419346455 ], [ 11.295015178767539, 44.487806696323759 ], [ 11.295674994079615, 44.488043894338674 ], [ 11.295911346568484, 44.488122630275463 ], [ 11.296656598774652, 44.488367810861249 ], [ 11.297067926734316, 44.488511210597203 ], [ 11.297378538773559, 44.488613485427457 ], [ 11.297885863198477, 44.488793704635079 ], [ 11.29805303097184, 44.488852707742332 ], [ 11.298556998328213, 44.489028393008105 ], [ 11.298914648504667, 44.489163196269665 ], [ 11.299027793587339, 44.489217461174796 ], [ 11.299303686329807, 44.489346379045422 ], [ 11.299500096117791, 44.489443897414766 ], [ 11.299767782769553, 44.489576954101281 ], [ 11.300310612609191, 44.4898853445589 ], [ 11.300353205678258, 44.489909550404199 ], [ 11.300753854380796, 44.490203986875386 ], [ 11.301192410188113, 44.490533408891487 ], [ 11.301574175029835, 44.490820599714581 ], [ 11.301674025383962, 44.49091493138792 ], [ 11.301760117390124, 44.491036215072164 ], [ 11.301808152625917, 44.491171796958398 ], [ 11.30185684012852, 44.491323659463241 ], [ 11.302171736364913, 44.492163060722547 ], [ 11.302249189712086, 44.492363172975146 ], [ 11.301807413761432, 44.492504358549425 ], [ 11.303443974183939, 44.493090608066012 ], [ 11.304463397475542, 44.493468160506474 ], [ 11.305749794439809, 44.493927833983598 ], [ 11.306248315449986, 44.494106233739423 ], [ 11.306855489605669, 44.494327143457596 ], [ 11.307190593355598, 44.49444127866564 ], [ 11.307527263287344, 44.494595106949951 ], [ 11.30788400309846, 44.494789074341462 ], [ 11.308653720850057, 44.495156194166853 ], [ 11.308951814828621, 44.49529774641578 ], [ 11.309233045523099, 44.495353505853181 ], [ 11.309884319882132, 44.495490901341917 ], [ 11.31043349258222, 44.495600685297696 ], [ 11.310586662473176, 44.495623085860636 ], [ 11.310577847607171, 44.495695725200136 ], [ 11.310584164221588, 44.495756912165064 ], [ 11.310612939063244, 44.495795347849445 ], [ 11.310657383063367, 44.495836256264269 ], [ 11.310705060261569, 44.495860372410291 ], [ 11.310846780716055, 44.495899310763242 ], [ 11.310898684293855, 44.495931704676053 ], [ 11.310924003347596, 44.495981352738816 ], [ 11.311267915917339, 44.49689968672412 ], [ 11.311673329893329, 44.498034346777608 ], [ 11.311827356007724, 44.498248288890892 ], [ 11.313008460965397, 44.497925848629983 ], [ 11.31349036555992, 44.497810303818412 ], [ 11.313731571139202, 44.497760556269803 ], [ 11.31441492793652, 44.497645713650954 ], [ 11.314666120900627, 44.497604843444137 ], [ 11.314829863121208, 44.497582591673229 ], [ 11.314990913852055, 44.497566704159851 ], [ 11.315284238117544, 44.497550231335751 ], [ 11.315941202213443, 44.497511661701694 ], [ 11.316087300489073, 44.497501612578695 ], [ 11.316401116084526, 44.497489318751576 ], [ 11.316691817095162, 44.497473959642718 ], [ 11.316936103263656, 44.497459178152582 ], [ 11.317028921615112, 44.497449109986619 ], [ 11.317106822154704, 44.49744066072418 ], [ 11.317321432959451, 44.497408407165643 ], [ 11.317801230648158, 44.497334279885706 ], [ 11.31789446153692, 44.497316191239847 ], [ 11.317997362082211, 44.497289524763417 ], [ 11.318230557336321, 44.497214245982178 ], [ 11.318534223413288, 44.497109393375986 ], [ 11.318779093725666, 44.497020605637005 ], [ 11.31885533454051, 44.497000106525356 ], [ 11.318964078420612, 44.496973643671616 ], [ 11.319039693002523, 44.496966282925627 ] ] ] } },
{ "type": "Feature", "properties": { "MapCommunity": "C5", "CITY": "Bologna", "COM_ASC2": "37006007", "DEN_ASC2": "Galvani", "is_member": 0, "is_incoming": 0, "CommunityInitial": "C4", "CommunityPrev": "C4", "CommunityFinal": "C4", "Transition": "stabile" }, "geometry": { "type": "Polygon", "coordinates": [ [ [ 11.356776929034414, 44.490263518623905 ], [ 11.356987972266884, 44.490195019643728 ], [ 11.357076088628721, 44.490215162034026 ], [ 11.357396835444284, 44.490190362461448 ], [ 11.357507799022194, 44.490197282327983 ], [ 11.357540067982828, 44.48992097194234 ], [ 11.357533840321794, 44.48973344609454 ], [ 11.357588407587819, 44.489134632727058 ], [ 11.357670841215921, 44.488532559173329 ], [ 11.357809171298408, 44.487386853723422 ], [ 11.357952703293586, 44.486157283037393 ], [ 11.357967106032522, 44.486082520579579 ], [ 11.357987473447793, 44.486003546833274 ], [ 11.358002836669717, 44.48585854879741 ], [ 11.35800570824987, 44.485807208004083 ], [ 11.357993982726606, 44.485761471262279 ], [ 11.357972243595295, 44.485712406043419 ], [ 11.357934376677923, 44.485666223488849 ], [ 11.35788470043631, 44.485622329337488 ], [ 11.356716967004532, 44.484825361683534 ], [ 11.356681003009315, 44.484790134289376 ], [ 11.35665053832369, 44.484753189990613 ], [ 11.356603647601538, 44.48466804459062 ], [ 11.35647947444224, 44.484562290540346 ], [ 11.356360941282126, 44.484484685382867 ], [ 11.356288317771281, 44.484460915069306 ], [ 11.356223362925432, 44.484441581347141 ], [ 11.356140019669457, 44.48441726608177 ], [ 11.356076277731356, 44.484412809238577 ], [ 11.356014552950269, 44.484415785583273 ], [ 11.355943669130042, 44.48442746557803 ], [ 11.35585166616508, 44.48444639184229 ], [ 11.355743376060294, 44.48447417150107 ], [ 11.354105996218191, 44.484671440463956 ], [ 11.353270110235979, 44.484785254203345 ], [ 11.35028606185303, 44.485143487264665 ], [ 11.349236183665823, 44.485270882222224 ], [ 11.348983200162216, 44.485301604286121 ], [ 11.34808026084221, 44.485411252854824 ], [ 11.347897511833274, 44.485434505069414 ], [ 11.347724254144214, 44.485456550798794 ], [ 11.34744245206736, 44.485496458710962 ], [ 11.34725595500273, 44.48548899539324 ], [ 11.346224658676787, 44.485615331452891 ], [ 11.344413466478434, 44.485839097254541 ], [ 11.344093134710306, 44.485877691473348 ], [ 11.342679044084974, 44.486048066438002 ], [ 11.341600037475946, 44.486171969205941 ], [ 11.340259570160345, 44.486341335993245 ], [ 11.339699890251675, 44.486411393817995 ], [ 11.339539912088854, 44.48643027320491 ], [ 11.339548645454355, 44.486503747152803 ], [ 11.33958279224551, 44.486638099756732 ], [ 11.339592200385233, 44.486716116983224 ], [ 11.339604333970902, 44.486921238203095 ], [ 11.33961746508923, 44.487249561083054 ], [ 11.33964035476067, 44.487546736623166 ], [ 11.339704515971015, 44.488148591767256 ], [ 11.339738413475532, 44.488347639333199 ], [ 11.339800225866117, 44.488517421656191 ], [ 11.339873440996417, 44.488663797541193 ], [ 11.340044676966418, 44.488733535300625 ], [ 11.340140899025007, 44.48878107706426 ], [ 11.340196081580549, 44.488824395217648 ], [ 11.340232461387508, 44.488869225037938 ], [ 11.340289514378112, 44.488939517978302 ], [ 11.340674472971244, 44.489484718371614 ], [ 11.340708322048229, 44.489529897011998 ], [ 11.340772454354585, 44.489615494789746 ], [ 11.340825018665171, 44.489691500713242 ], [ 11.341048303603889, 44.490007073787261 ], [ 11.341177934596269, 44.490241288727482 ], [ 11.341348152971971, 44.490546698075342 ], [ 11.341467400556215, 44.490737243411061 ], [ 11.34149776815155, 44.490788948074744 ], [ 11.341615422000352, 44.490998656440617 ], [ 11.341714010332446, 44.491242515491358 ], [ 11.341741222902449, 44.491333110271839 ], [ 11.341802036052552, 44.491816954617981 ], [ 11.341816204820409, 44.49192967974296 ], [ 11.34185298636311, 44.492121917257585 ], [ 11.341874271190322, 44.492221631687229 ], [ 11.341890319728721, 44.492269128695867 ], [ 11.341941618345457, 44.492450938639081 ], [ 11.341994730712086, 44.492619205661946 ], [ 11.342062136487375, 44.492908716124603 ], [ 11.342068042280662, 44.492938416025297 ], [ 11.34212899377818, 44.493125655335945 ], [ 11.342178714224474, 44.493248419857011 ], [ 11.34226294733144, 44.493506639424282 ], [ 11.342312353164846, 44.493600837028339 ], [ 11.342562377919378, 44.493622596340515 ], [ 11.342677689939618, 44.494009024607927 ], [ 11.342530867264857, 44.494111626923754 ], [ 11.342517223579939, 44.494281266231255 ], [ 11.342541167368802, 44.494440215161447 ], [ 11.34257491860637, 44.494917009717327 ], [ 11.342616073739627, 44.494904348364123 ], [ 11.342666160205253, 44.494879126054592 ], [ 11.342725043060218, 44.494857661829506 ], [ 11.342799703856041, 44.494837561745719 ], [ 11.342915139545795, 44.494814935862856 ], [ 11.343601059201211, 44.49470811751825 ], [ 11.343935441475347, 44.494656702795709 ], [ 11.344061652546912, 44.494636704717131 ], [ 11.344668291248063, 44.49454431317735 ], [ 11.345395621045238, 44.494431468700682 ], [ 11.345896900143204, 44.494346897916195 ], [ 11.346175209618671, 44.494308543848497 ], [ 11.346347777623381, 44.494279677193695 ], [ 11.346416896901477, 44.494268439155199 ], [ 11.346493907045055, 44.49420064308385 ], [ 11.346551250928924, 44.494159024722379 ], [ 11.346614662520647, 44.494132964102533 ], [ 11.346814018179211, 44.494066411313263 ], [ 11.347370176773646, 44.493860858894443 ], [ 11.347620151111803, 44.493762880073433 ], [ 11.347696128830451, 44.493736560422384 ], [ 11.347896154365175, 44.493667176854132 ], [ 11.347985660199365, 44.493633716994147 ], [ 11.348299516833752, 44.493513153182654 ], [ 11.348823285061258, 44.493303758686139 ], [ 11.349268039520714, 44.493123558322161 ], [ 11.349508022660524, 44.493031407590188 ], [ 11.350024519201199, 44.492836793637423 ], [ 11.350398383456588, 44.492701586526181 ], [ 11.350856972218548, 44.492535717109604 ], [ 11.350958159028384, 44.492499102019977 ], [ 11.351078552756753, 44.492455208783412 ], [ 11.351323348121106, 44.492363952600954 ], [ 11.351631574677711, 44.492258477677922 ], [ 11.352035709036066, 44.492104428472373 ], [ 11.35268732282967, 44.491849622392948 ], [ 11.35373289907127, 44.49142295017738 ], [ 11.353949481818201, 44.491340431809192 ], [ 11.354000104934165, 44.491321145958501 ], [ 11.354131785153932, 44.491275743784527 ], [ 11.354640456206388, 44.491082482025945 ], [ 11.355087478055275, 44.490920689972938 ], [ 11.355682081727041, 44.490689217187139 ], [ 11.355910141016041, 44.490600439127647 ], [ 11.355941056077892, 44.49058742253554 ], [ 11.356776929034414, 44.490263518623905 ] ] ] } },
{ "type": "Feature", "properties": { "MapCommunity": "C5", "CITY": "Bologna", "COM_ASC2": "37006008", "DEN_ASC2": "Irnerio", "is_member": 0, "is_incoming": 0, "CommunityInitial": "C4", "CommunityPrev": "C4", "CommunityFinal": "C4", "Transition": "stabile" }, "geometry": { "type": "Polygon", "coordinates": [ [ [ 11.357455051708589, 44.490460251551028 ], [ 11.357507799022194, 44.490197282327983 ], [ 11.357396835444284, 44.490190362461448 ], [ 11.357076088628721, 44.490215162034026 ], [ 11.356987972266884, 44.490195019643728 ], [ 11.356776929034414, 44.490263518623905 ], [ 11.355941056077892, 44.49058742253554 ], [ 11.355910141016041, 44.490600439127647 ], [ 11.355682081727041, 44.490689217187139 ], [ 11.355087478055275, 44.490920689972938 ], [ 11.354640456206388, 44.491082482025945 ], [ 11.354131785153932, 44.491275743784527 ], [ 11.354000104934165, 44.491321145958501 ], [ 11.353949481818201, 44.491340431809192 ], [ 11.35373289907127, 44.49142295017738 ], [ 11.35268732282967, 44.491849622392948 ], [ 11.352035709036066, 44.492104428472373 ], [ 11.351631574677711, 44.492258477677922 ], [ 11.351323348121106, 44.492363952600954 ], [ 11.351078552756753, 44.492455208783412 ], [ 11.350958159028384, 44.492499102019977 ], [ 11.350856972218548, 44.492535717109604 ], [ 11.350398383456588, 44.492701586526181 ], [ 11.350024519201199, 44.492836793637423 ], [ 11.349508022660524, 44.493031407590188 ], [ 11.349268039520714, 44.493123558322161 ], [ 11.348823285061258, 44.493303758686139 ], [ 11.348299516833752, 44.493513153182654 ], [ 11.347985660199365, 44.493633716994147 ], [ 11.347896154365175, 44.493667176854132 ], [ 11.347696128830451, 44.493736560422384 ], [ 11.347620151111803, 44.493762880073433 ], [ 11.347370176773646, 44.493860858894443 ], [ 11.346814018179211, 44.494066411313263 ], [ 11.346614662520647, 44.494132964102533 ], [ 11.346551250928924, 44.494159024722379 ], [ 11.346493907045055, 44.49420064308385 ], [ 11.346416896901477, 44.494268439155199 ], [ 11.346347777623381, 44.494279677193695 ], [ 11.346175209618671, 44.494308543848497 ], [ 11.345896900143204, 44.494346897916195 ], [ 11.345395621045238, 44.494431468700682 ], [ 11.344668291248063, 44.49454431317735 ], [ 11.344061652546912, 44.494636704717131 ], [ 11.343935441475347, 44.494656702795709 ], [ 11.343601059201211, 44.49470811751825 ], [ 11.342915139545795, 44.494814935862856 ], [ 11.342799703856041, 44.494837561745719 ], [ 11.342725043060218, 44.494857661829506 ], [ 11.342666160205253, 44.494879126054592 ], [ 11.342616073739627, 44.494904348364123 ], [ 11.34257491860637, 44.494917009717327 ], [ 11.342715566696235, 44.495425580839942 ], [ 11.342743681270591, 44.49553866056867 ], [ 11.342757807075346, 44.495581791926689 ], [ 11.342902217098921, 44.496147601402178 ], [ 11.342966423002505, 44.496369633176741 ], [ 11.343019972891007, 44.496548583006742 ], [ 11.343158485450017, 44.497003742661605 ], [ 11.343172765257501, 44.497046210908138 ], [ 11.34334332721364, 44.497614369114224 ], [ 11.343593497967806, 44.49848191460508 ], [ 11.343771386971621, 44.499075804931955 ], [ 11.343873662478506, 44.499430567185023 ], [ 11.34397950767725, 44.499797718296264 ], [ 11.344029248876309, 44.499970261207331 ], [ 11.344261049912937, 44.500759345663305 ], [ 11.344391288914426, 44.501211619757292 ], [ 11.344465131806302, 44.501441919519095 ], [ 11.344507773364828, 44.501574578039552 ], [ 11.344520243270717, 44.501613827928416 ], [ 11.344587859854938, 44.501826668944879 ], [ 11.344595275062613, 44.501852354933369 ], [ 11.344633189252939, 44.501983740302109 ], [ 11.344675394928593, 44.502128846558314 ], [ 11.344693214460419, 44.502190290422355 ], [ 11.344865006073366, 44.502782635765939 ], [ 11.345032979453961, 44.503403167966361 ], [ 11.345132679703342, 44.503752217409904 ], [ 11.345157611209837, 44.503844543343469 ], [ 11.345187260008416, 44.503956465482943 ], [ 11.345215827656498, 44.504061095235059 ], [ 11.345228952311643, 44.504123915616489 ], [ 11.345401734889185, 44.5047167077499 ], [ 11.345424488760669, 44.504782293905315 ], [ 11.345444394663124, 44.504839822753979 ], [ 11.345645256814562, 44.505503668258754 ], [ 11.345719806078357, 44.505750041932487 ], [ 11.345731422840361, 44.505790526342118 ], [ 11.345887531698605, 44.505762050839365 ], [ 11.345958987160365, 44.50574959834438 ], [ 11.346244959716794, 44.505703300322295 ], [ 11.346606564928477, 44.50564527304681 ], [ 11.34693226980767, 44.505589153959328 ], [ 11.347292684581165, 44.505529616745527 ], [ 11.347380414978876, 44.505515210940025 ], [ 11.347746687595924, 44.505451232400546 ], [ 11.348023693440494, 44.505400063891216 ], [ 11.348285262129755, 44.505351749198212 ], [ 11.349002110011037, 44.505212136528783 ], [ 11.349480395833986, 44.505115148628008 ], [ 11.350144176642781, 44.504975234590752 ], [ 11.35017943806707, 44.504970762663817 ], [ 11.350417991592058, 44.504940553847028 ], [ 11.350607530999891, 44.50491240172876 ], [ 11.350828353294384, 44.504881329219174 ], [ 11.3510108354988, 44.50485506556214 ], [ 11.351169780151622, 44.504828475280071 ], [ 11.351315825133803, 44.504803319018031 ], [ 11.351476550047156, 44.504774082693764 ], [ 11.351669848275327, 44.504735260756895 ], [ 11.351962230713458, 44.504657847504234 ], [ 11.352155489779275, 44.504604750175488 ], [ 11.352309734535538, 44.504562367411459 ], [ 11.352486949648117, 44.504511542887151 ], [ 11.352657344505813, 44.504456986645785 ], [ 11.352886011229327, 44.504381154247497 ], [ 11.353041108456766, 44.504324661199306 ], [ 11.353277303095727, 44.504235890091813 ], [ 11.353580866484206, 44.504115254013954 ], [ 11.353666908133647, 44.504082958572887 ], [ 11.354434379069449, 44.503773501265449 ], [ 11.355354901801773, 44.503405680742368 ], [ 11.356512505089556, 44.502943733451104 ], [ 11.357265268867042, 44.502643330072601 ], [ 11.357833452757415, 44.502416971556279 ], [ 11.358506250461398, 44.502149085975731 ], [ 11.358362550750659, 44.502075249420109 ], [ 11.358009896186154, 44.50189406667279 ], [ 11.35788026783826, 44.501822701726972 ], [ 11.357303574762655, 44.5015315135322 ], [ 11.356308745302401, 44.501002640204078 ], [ 11.356228348454493, 44.500956892149986 ], [ 11.35625999850849, 44.500779067289216 ], [ 11.356369587109125, 44.499986997564513 ], [ 11.356380844206866, 44.499798136022285 ], [ 11.356499149263133, 44.498866203048919 ], [ 11.356519807699218, 44.498666839435558 ], [ 11.356560901727443, 44.498607696711339 ], [ 11.356644104072325, 44.498372452195127 ], [ 11.356592014729149, 44.49816868469307 ], [ 11.356773055833878, 44.496510047099747 ], [ 11.356958321896121, 44.494823281247335 ], [ 11.35704910867808, 44.494285455945374 ], [ 11.357061869039494, 44.494041363801564 ], [ 11.357071080960681, 44.493936542865157 ], [ 11.357080583764439, 44.493775402058311 ], [ 11.357277716399961, 44.4920793180939 ], [ 11.357441562659437, 44.49058118640697 ], [ 11.357455051708589, 44.490460251551028 ] ] ] } },
{ "type": "Feature", "properties": { "MapCommunity": "C5", "CITY": "Bologna", "COM_ASC2": "37006009", "DEN_ASC2": "Lame", "is_member": 0, "is_incoming": 0, "CommunityInitial": "C14", "CommunityPrev": "C14", "CommunityFinal": "C3", "Transition": "ingresso" }, "geometry": { "type": "Polygon", "coordinates": [ [ [ 11.348055605061001, 44.55214584139771 ], [ 11.348258136024434, 44.552124070783549 ], [ 11.348916685201441, 44.552161722322033 ], [ 11.349687653749998, 44.552216189083012 ], [ 11.350024759388637, 44.55222444128087 ], [ 11.35035400637036, 44.552213152304219 ], [ 11.350613156662552, 44.552180817584755 ], [ 11.350690963842839, 44.552158956088405 ], [ 11.35150814639616, 44.552039291112123 ], [ 11.351674521430686, 44.552001970103653 ], [ 11.35178722877931, 44.551967582066212 ], [ 11.351925383520957, 44.551900592772157 ], [ 11.3523862657576, 44.551621584243279 ], [ 11.352345779016183, 44.551578816731784 ], [ 11.35285342721574, 44.551254503412189 ], [ 11.352770554886218, 44.551170930775179 ], [ 11.352708811211778, 44.551073995901142 ], [ 11.352650792495384, 44.550979576942915 ], [ 11.352599996605734, 44.550884999191005 ], [ 11.352549836957595, 44.550805921426409 ], [ 11.352532261087871, 44.550728754040982 ], [ 11.352528618243177, 44.550638372803 ], [ 11.352550572103642, 44.550555222400384 ], [ 11.35259870054224, 44.550404341414982 ], [ 11.352620745376564, 44.550323764739225 ], [ 11.35263929696829, 44.550245853677296 ], [ 11.352646816432049, 44.550196589108737 ], [ 11.352641880960716, 44.550150977883852 ], [ 11.352630983314659, 44.550099844064661 ], [ 11.352580855096221, 44.549998602376505 ], [ 11.352402886675021, 44.549686161328992 ], [ 11.352200165153324, 44.549352807681835 ], [ 11.352165464868522, 44.54930300692552 ], [ 11.352142471205994, 44.549276817089719 ], [ 11.352111058097597, 44.549256133823064 ], [ 11.352072335898887, 44.549239331792727 ], [ 11.352015921644172, 44.549227429752619 ], [ 11.351966037035684, 44.549220077153812 ], [ 11.351923732507235, 44.549222785305545 ], [ 11.351880221373026, 44.549227354814043 ], [ 11.35169271894129, 44.549263387413937 ], [ 11.350884534293098, 44.549462016704098 ], [ 11.350410403742975, 44.549560102997631 ], [ 11.350304526349447, 44.549580143995904 ], [ 11.35023681517553, 44.549589649380437 ], [ 11.350177776840262, 44.549594213836571 ], [ 11.350132442411471, 44.54959071795696 ], [ 11.350080867772149, 44.549568782851267 ], [ 11.350056414665055, 44.549544127861495 ], [ 11.350017336723523, 44.549455971351854 ], [ 11.349894312570072, 44.549146002507662 ], [ 11.349770263711923, 44.548810325429585 ], [ 11.349709471209781, 44.548704960966489 ], [ 11.349640748672652, 44.548594241158931 ], [ 11.349528508453071, 44.548441466041353 ], [ 11.349438687520863, 44.548314804797087 ], [ 11.349400486371211, 44.548258678058531 ], [ 11.349380690840411, 44.548213190669784 ], [ 11.349333425727849, 44.54808828220424 ], [ 11.349217315500876, 44.547780708975992 ], [ 11.349110470983288, 44.547495413409905 ], [ 11.349023419387544, 44.547289285452251 ], [ 11.348930799867684, 44.54706108889949 ], [ 11.348901936264875, 44.546987322965919 ], [ 11.348844280220844, 44.546815616957467 ], [ 11.348836687574636, 44.546775217759702 ], [ 11.348823367549359, 44.546666625327198 ], [ 11.348801326945681, 44.54648991024623 ], [ 11.348774290694186, 44.546411488383271 ], [ 11.348733464537379, 44.54636109510362 ], [ 11.348692898678124, 44.546317107144546 ], [ 11.348608509440993, 44.546222785712494 ], [ 11.348524296252293, 44.546132739490233 ], [ 11.348464027194403, 44.54604432428895 ], [ 11.348414823312567, 44.5459343364464 ], [ 11.348381460777645, 44.54577279746583 ], [ 11.348396706557386, 44.545706321625772 ], [ 11.34835313688049, 44.545550089845058 ], [ 11.348313326042435, 44.545327190900686 ], [ 11.348305023394255, 44.54529757327473 ], [ 11.348295248215141, 44.54526270596461 ], [ 11.348285709863971, 44.545228843863875 ], [ 11.348263691783529, 44.545150711141297 ], [ 11.348222090639599, 44.545020395759451 ], [ 11.348117299064969, 44.544700092930732 ], [ 11.348051237591042, 44.544485789300055 ], [ 11.348001331297819, 44.544388204066102 ], [ 11.347925471354099, 44.544287070000799 ], [ 11.347713297353643, 44.544081929124069 ], [ 11.347423715174122, 44.5438085471718 ], [ 11.347026629807454, 44.543432632354232 ], [ 11.346312535231744, 44.542801828148662 ], [ 11.346564741245837, 44.542671922089468 ], [ 11.346678444775927, 44.542791623732846 ], [ 11.346709362405903, 44.542827895766514 ], [ 11.346824290903259, 44.542934464409129 ], [ 11.347033536099252, 44.543138330324162 ], [ 11.347079709878237, 44.543161832689215 ], [ 11.347138465153456, 44.543146562658897 ], [ 11.347491711246265, 44.543054850627044 ], [ 11.348134146715678, 44.542870662290298 ], [ 11.349024544076894, 44.542625223760091 ], [ 11.34961070301574, 44.542463644465862 ], [ 11.350165394352272, 44.542310735771331 ], [ 11.35021334204378, 44.542297517777264 ], [ 11.350153973106037, 44.542164156906097 ], [ 11.350011165938925, 44.541995486397482 ], [ 11.349855964124307, 44.541854019003658 ], [ 11.349675286094991, 44.541735088764661 ], [ 11.349480667788939, 44.541597574974261 ], [ 11.34930877911197, 44.541478464144227 ], [ 11.34916274737393, 44.541346240809432 ], [ 11.348964972470325, 44.541130170262775 ], [ 11.348794317971326, 44.540932409720121 ], [ 11.348656064106208, 44.540774869034841 ], [ 11.34852245557701, 44.540623519067317 ], [ 11.348348548382257, 44.540454129594529 ], [ 11.348211056301141, 44.540315440174034 ], [ 11.348060608529654, 44.540143099172617 ], [ 11.347983600144891, 44.54005417541903 ], [ 11.347957533146124, 44.540025039272201 ], [ 11.347851779201743, 44.539800785678885 ], [ 11.347719817495996, 44.539690284038358 ], [ 11.347526222636386, 44.539577906069219 ], [ 11.347302001858774, 44.539469303019686 ], [ 11.347140648860059, 44.53935543586185 ], [ 11.347022698274612, 44.539267835816652 ], [ 11.346876323206564, 44.539156268354922 ], [ 11.346804336870195, 44.539105687624037 ], [ 11.34670283468988, 44.539053440496069 ], [ 11.346576789866809, 44.538992195631387 ], [ 11.346470418381175, 44.538964919669439 ], [ 11.346236902967275, 44.538905884423833 ], [ 11.346010900618214, 44.538863060884069 ], [ 11.345889544157687, 44.538726365061386 ], [ 11.345868299120845, 44.538653162799235 ], [ 11.345785169857482, 44.538463407196566 ], [ 11.345747960588794, 44.538277616982533 ], [ 11.345732707552397, 44.538125741812294 ], [ 11.345710083588632, 44.53801820160438 ], [ 11.345717901894025, 44.537928036382112 ], [ 11.345717823720474, 44.53786912545231 ], [ 11.345695124802928, 44.537724433348046 ], [ 11.345655118969324, 44.53763072078322 ], [ 11.345583715288727, 44.537575675545732 ], [ 11.345477208096165, 44.537473244737576 ], [ 11.345339094516952, 44.537312178868063 ], [ 11.345258696759185, 44.537252802546938 ], [ 11.34512378746431, 44.537110850463982 ], [ 11.345011713984652, 44.53699109656965 ], [ 11.344929846587606, 44.536895133320449 ], [ 11.344855220160452, 44.536797278380256 ], [ 11.344806490789589, 44.536737251210063 ], [ 11.344709297354429, 44.536563138372685 ], [ 11.344641841116273, 44.536461647529116 ], [ 11.344599777352402, 44.536324762904073 ], [ 11.344578668238702, 44.536224063858022 ], [ 11.344604877928413, 44.536087520716912 ], [ 11.344626494027949, 44.535958046177534 ], [ 11.344613603595423, 44.535879845793183 ], [ 11.344595981153187, 44.535805231079273 ], [ 11.344578218820125, 44.535727130754701 ], [ 11.344533174857805, 44.535637386031695 ], [ 11.344497115107794, 44.535589304128948 ], [ 11.344424026063365, 44.535529777091881 ], [ 11.344310150632724, 44.535425752696128 ], [ 11.344228846193273, 44.535343727679056 ], [ 11.344167661622079, 44.535276980841978 ], [ 11.344106336098157, 44.535206750185665 ], [ 11.34406018342416, 44.535150156448573 ], [ 11.344015976123815, 44.535081318914663 ], [ 11.343971982463003, 44.53501770744645 ], [ 11.343929374645061, 44.534927910650531 ], [ 11.343871172372667, 44.5348140245762 ], [ 11.343805381557983, 44.534693320020345 ], [ 11.343754277840471, 44.534574056760363 ], [ 11.343712988024723, 44.534456335770955 ], [ 11.343670241239941, 44.534363055042881 ], [ 11.343619836051644, 44.534261215279237 ], [ 11.343539604397806, 44.534145103948759 ], [ 11.343475267383777, 44.534031641588498 ], [ 11.343416831374356, 44.533934562391025 ], [ 11.343367262341328, 44.533849306013309 ], [ 11.3431208151893, 44.53337948044355 ], [ 11.343077465410161, 44.533281194742763 ], [ 11.343032268045606, 44.533184035353109 ], [ 11.343004642600155, 44.533131659379926 ], [ 11.34295910171539, 44.533071924240332 ], [ 11.342901336412822, 44.532992427349875 ], [ 11.342859151285277, 44.532927111042397 ], [ 11.342835188831893, 44.532887980895687 ], [ 11.342798303407752, 44.532798057198264 ], [ 11.342775215614324, 44.532696516124389 ], [ 11.342750430371519, 44.532592691728674 ], [ 11.342706320533891, 44.532499146903668 ], [ 11.342627196491021, 44.532335169997459 ], [ 11.34259160194264, 44.532269191683433 ], [ 11.342554990032237, 44.532189550382434 ], [ 11.342439629444495, 44.532013975382277 ], [ 11.342408255867678, 44.531962478293835 ], [ 11.342326834902298, 44.531827676901599 ], [ 11.34229067336371, 44.531776698443736 ], [ 11.342257424815591, 44.531723350152333 ], [ 11.342215337139562, 44.531644290123459 ], [ 11.342172803054043, 44.531544742264273 ], [ 11.342148367798963, 44.531458831886056 ], [ 11.342100065269083, 44.531311589884169 ], [ 11.342060983760474, 44.531167282550463 ], [ 11.342038559863393, 44.531096151752052 ], [ 11.34200266735923, 44.530979014338762 ], [ 11.341958883510527, 44.530881546409148 ], [ 11.341872858658403, 44.530752576440328 ], [ 11.341674975533673, 44.530582832047251 ], [ 11.341477841657181, 44.530413728222172 ], [ 11.341342854431382, 44.5303202103564 ], [ 11.340792908534763, 44.529858240739742 ], [ 11.340482568663258, 44.529575314763967 ], [ 11.339967084694671, 44.528955764371382 ], [ 11.33953751507592, 44.528376590799098 ], [ 11.339359776575352, 44.528149999729905 ], [ 11.339024268176072, 44.527758322547868 ], [ 11.338977400901106, 44.527682629831695 ], [ 11.338999570058384, 44.527524378140122 ], [ 11.339085296806287, 44.527360565000762 ], [ 11.33915774527339, 44.5271766124241 ], [ 11.339165084103307, 44.527115032295157 ], [ 11.339107762319916, 44.527045824125267 ], [ 11.33902660883866, 44.526989649292297 ], [ 11.338823368523517, 44.526909706442154 ], [ 11.338504972149989, 44.526807308649055 ], [ 11.338304238700646, 44.526732677229965 ], [ 11.338139822643468, 44.526640575761796 ], [ 11.338060266143186, 44.526557919856224 ], [ 11.338023485730506, 44.526508466904055 ], [ 11.337945740038528, 44.526356181470476 ], [ 11.33789683188296, 44.526251344747301 ], [ 11.337881219439323, 44.526213542327696 ], [ 11.337861059556765, 44.526151854764265 ], [ 11.337848950363576, 44.526115114012569 ], [ 11.337797849003923, 44.525995808259324 ], [ 11.337731293631283, 44.525855888051538 ], [ 11.33769662456109, 44.525781596043636 ], [ 11.337657154167262, 44.525709147040885 ], [ 11.337617751043453, 44.525638439538596 ], [ 11.337598395659345, 44.525581277232078 ], [ 11.337581058661346, 44.525513606331749 ], [ 11.337593723312146, 44.525464509085616 ], [ 11.337617523474652, 44.525389018809875 ], [ 11.337645565875913, 44.525297744818133 ], [ 11.337667208077333, 44.525229276593883 ], [ 11.337672146188254, 44.525169871206352 ], [ 11.337663651419264, 44.525140392584923 ], [ 11.33763230037013, 44.52508868840539 ], [ 11.337564599698165, 44.525041253971736 ], [ 11.337470556525224, 44.525006552856681 ], [ 11.337351947369145, 44.524967119692839 ], [ 11.337198743758252, 44.524916185458949 ], [ 11.337114587604894, 44.524884768304069 ], [ 11.337047464449718, 44.52485298076455 ], [ 11.33699184540871, 44.524803535941821 ], [ 11.336953930061064, 44.524769449803557 ], [ 11.336914949261399, 44.524709198860599 ], [ 11.336882230749303, 44.524622656507354 ], [ 11.336847763935271, 44.524431496241107 ], [ 11.336825622530153, 44.524304620195657 ], [ 11.33679485201235, 44.524205829581753 ], [ 11.336771110554769, 44.524099917195521 ], [ 11.336739293326408, 44.523974982989827 ], [ 11.33664257967105, 44.52381298312784 ], [ 11.336523339737907, 44.523696817095093 ], [ 11.336277631886247, 44.523527421742948 ], [ 11.336126658380586, 44.523410160059861 ], [ 11.336063733758222, 44.523360863380319 ], [ 11.335992808525122, 44.523294289753892 ], [ 11.335910250121549, 44.523180860907715 ], [ 11.335848300726706, 44.52309491638627 ], [ 11.335779043829598, 44.523009121355635 ], [ 11.335721683330169, 44.522916106791023 ], [ 11.33567033354714, 44.522850900516488 ], [ 11.335626974105383, 44.522741898081939 ], [ 11.335574556742378, 44.522589477113151 ], [ 11.335529866622114, 44.522447365282801 ], [ 11.335486847390488, 44.522347079297084 ], [ 11.335475258918279, 44.522296704960908 ], [ 11.335433732653804, 44.522116182899644 ], [ 11.335401502807596, 44.521980791259807 ], [ 11.335360713150633, 44.521875227323662 ], [ 11.335291872554707, 44.521738840839205 ], [ 11.335261524091898, 44.521650506601055 ], [ 11.335226509998442, 44.521567498280064 ], [ 11.335161360587712, 44.521462433492097 ], [ 11.335135298518445, 44.521421078663181 ], [ 11.335081347058821, 44.521352403530635 ], [ 11.335010487716229, 44.521226522724191 ], [ 11.334952438848925, 44.521116079385635 ], [ 11.334889518161051, 44.521005735664332 ], [ 11.334862859679133, 44.520948721329283 ], [ 11.334832721231665, 44.520865614952747 ], [ 11.33482561807385, 44.520809943523304 ], [ 11.3348036924938, 44.520749343879601 ], [ 11.334765133358919, 44.520699549903725 ], [ 11.334692469438908, 44.520589404443953 ], [ 11.334453804018729, 44.520229740655225 ], [ 11.334365066053396, 44.520144343116947 ], [ 11.334320935865781, 44.519730598810433 ], [ 11.334303311764126, 44.519596726650384 ], [ 11.334259742530444, 44.519387658256697 ], [ 11.334223102493423, 44.519156054299721 ], [ 11.334159989956683, 44.518947388178866 ], [ 11.334098551273703, 44.518780677500857 ], [ 11.334028735512065, 44.518600141797549 ], [ 11.334007008618078, 44.518441555021525 ], [ 11.333985663560741, 44.518340786536179 ], [ 11.333978300677156, 44.51825281287681 ], [ 11.333957255820222, 44.518087320682696 ], [ 11.333919930741178, 44.517996657478911 ], [ 11.333873577717002, 44.517919666467002 ], [ 11.333771936840654, 44.517808146648434 ], [ 11.333708928632921, 44.51774445254582 ], [ 11.3335697523591, 44.517590529947796 ], [ 11.333475142714944, 44.517474886992957 ], [ 11.333409687312395, 44.517305459118958 ], [ 11.333419278690341, 44.517074036920306 ], [ 11.333390520291047, 44.51695801376529 ], [ 11.333398399133024, 44.516544105133534 ], [ 11.33341930486948, 44.516221276437072 ], [ 11.333462290445603, 44.515840234169623 ], [ 11.333467596827255, 44.515596981023059 ], [ 11.333462371967864, 44.515282196355628 ], [ 11.333428044036303, 44.515076574733889 ], [ 11.33332352806033, 44.514810044161933 ], [ 11.333275186259566, 44.514727745099258 ], [ 11.33323209406041, 44.514635935542998 ], [ 11.33308775522393, 44.51440648819964 ], [ 11.332928093944899, 44.514075260279384 ], [ 11.332819189493026, 44.513886732446124 ], [ 11.33268422947204, 44.513639583819888 ], [ 11.332591464375685, 44.513449427782994 ], [ 11.33243036080083, 44.513175992619843 ], [ 11.332351952382552, 44.513045946616138 ], [ 11.332277591211692, 44.512863863183767 ], [ 11.332223219933246, 44.512736922500579 ], [ 11.332192183563349, 44.512628799341371 ], [ 11.33213297422955, 44.512451291934816 ], [ 11.332059406757875, 44.512327499923231 ], [ 11.331986022595625, 44.512250106924348 ], [ 11.331896881309858, 44.512177213850251 ], [ 11.331810017191698, 44.512120711968784 ], [ 11.331633692302084, 44.512030280053608 ], [ 11.331521144644167, 44.511985562950876 ], [ 11.331324079333243, 44.51189286779978 ], [ 11.331155794828383, 44.511815702758561 ], [ 11.331019133493616, 44.511731177613676 ], [ 11.330910127265536, 44.511633996271883 ], [ 11.33081655655584, 44.511500229230805 ], [ 11.330707288027858, 44.511302302656304 ], [ 11.330706003273905, 44.511223073016822 ], [ 11.330746636866108, 44.511065071218496 ], [ 11.330796645111715, 44.511000915174336 ], [ 11.330871728559636, 44.510936282215987 ], [ 11.331020086449536, 44.510813657370782 ], [ 11.331083761718158, 44.510715638049881 ], [ 11.331090626827782, 44.510605343380632 ], [ 11.331150690481865, 44.510512389693289 ], [ 11.331235983751581, 44.510390126934738 ], [ 11.331375280404231, 44.510211304502199 ], [ 11.331539387978721, 44.51004272330762 ], [ 11.331741761288923, 44.509892164808278 ], [ 11.331960481777241, 44.509727841075737 ], [ 11.332096504387083, 44.509608191876907 ], [ 11.33219977936635, 44.509514733840071 ], [ 11.332255364972443, 44.509431611822741 ], [ 11.332272537531866, 44.509329982102578 ], [ 11.332266905002355, 44.509267642778092 ], [ 11.332261990849595, 44.509203600794478 ], [ 11.332159778153894, 44.508859699710648 ], [ 11.332108527328685, 44.50880682768166 ], [ 11.332083578865422, 44.50873273039285 ], [ 11.332063542819668, 44.508664740911378 ], [ 11.332072898005732, 44.508570775452071 ], [ 11.332070366859258, 44.508472328272816 ], [ 11.332088242869588, 44.508380570814666 ], [ 11.332148944205287, 44.508259768507919 ], [ 11.332245186856893, 44.508126518692684 ], [ 11.33236125579355, 44.507997553146772 ], [ 11.332465259174883, 44.507894620969068 ], [ 11.332496589997763, 44.507836208611387 ], [ 11.332698198921239, 44.507409900015872 ], [ 11.332343625970765, 44.5074587369377 ], [ 11.33194025475381, 44.507514333067427 ], [ 11.331452228825034, 44.507579666359092 ], [ 11.33013207671881, 44.507767316207548 ], [ 11.329976511195413, 44.507784152939685 ], [ 11.329871315188651, 44.507798747885076 ], [ 11.329431917025779, 44.507859569928314 ], [ 11.329083777234551, 44.507912225668001 ], [ 11.328906855400829, 44.507939602956021 ], [ 11.328747111317151, 44.507968698333293 ], [ 11.328595440750624, 44.507998349903012 ], [ 11.328375375075447, 44.50804803165164 ], [ 11.328222898759361, 44.508085890597357 ], [ 11.32808103511403, 44.508124885087838 ], [ 11.327890687513145, 44.50818161110162 ], [ 11.327586621616806, 44.508279636680996 ], [ 11.32724306719688, 44.508397011794678 ], [ 11.327018401049401, 44.508477325924353 ], [ 11.326875749822621, 44.508524232921943 ], [ 11.326591616866368, 44.508623740976496 ], [ 11.326362718550191, 44.508704477665795 ], [ 11.326178411030057, 44.508767649601218 ], [ 11.325966845334966, 44.508841369496601 ], [ 11.325796721861446, 44.508900561650961 ], [ 11.325547614491203, 44.508985668673844 ], [ 11.325341133604027, 44.509054423332934 ], [ 11.325181323505733, 44.50910728183586 ], [ 11.324954283538109, 44.509184196764316 ], [ 11.324728470140576, 44.509260366055969 ], [ 11.324583363929888, 44.509306532453813 ], [ 11.324397670274932, 44.509366579736607 ], [ 11.324186572997705, 44.509433174759835 ], [ 11.323983539955465, 44.509496995373702 ], [ 11.323771518886272, 44.50956252902705 ], [ 11.323546419651828, 44.509631388458622 ], [ 11.323324809807376, 44.509699456222208 ], [ 11.323126884878267, 44.509762001012646 ], [ 11.322912985655551, 44.509827840467203 ], [ 11.322710543825208, 44.509890746525542 ], [ 11.322507681534271, 44.50995258047066 ], [ 11.32230175241598, 44.510016366983884 ], [ 11.322170905771458, 44.510057379732139 ], [ 11.321981587207421, 44.510114975197887 ], [ 11.321841702767262, 44.510159682404421 ], [ 11.321652017158586, 44.510217555765372 ], [ 11.321445495548469, 44.510282341262908 ], [ 11.32122182059576, 44.510349187473651 ], [ 11.320951245237136, 44.51042625856509 ], [ 11.320745084079313, 44.510484285340617 ], [ 11.320544083171816, 44.510539235998053 ], [ 11.320336674276913, 44.51059440657793 ], [ 11.320112071847449, 44.510653796432898 ], [ 11.319896163850261, 44.510710399309176 ], [ 11.319644911606865, 44.510773570755006 ], [ 11.319428612568384, 44.510829821489338 ], [ 11.319142177183679, 44.510903608608743 ], [ 11.318927801563753, 44.510957657800752 ], [ 11.3186835088788, 44.511021856984428 ], [ 11.318458274064723, 44.511078106427824 ], [ 11.31828070214585, 44.511124384016291 ], [ 11.318131249076952, 44.511159468194485 ], [ 11.317734788660506, 44.511260243960443 ], [ 11.317546340648541, 44.511308272564058 ], [ 11.317033000312835, 44.511440767076131 ], [ 11.316690612175943, 44.511528288207906 ], [ 11.316298030690941, 44.511628621053603 ], [ 11.315990773822165, 44.51170741494802 ], [ 11.315590351943131, 44.511809975013954 ], [ 11.315201023118084, 44.511909968024987 ], [ 11.314850287398205, 44.511999632592627 ], [ 11.314471589161522, 44.512094906259541 ], [ 11.314138428416664, 44.512183673950432 ], [ 11.313760246060871, 44.51227929399839 ], [ 11.3133711657413, 44.512379365748075 ], [ 11.312968229404039, 44.512482235835286 ], [ 11.312552364580418, 44.512589059257429 ], [ 11.312030960998833, 44.51272187463946 ], [ 11.311612288995704, 44.512827760304845 ], [ 11.311329190789312, 44.512900561757355 ], [ 11.311050766431659, 44.512972834861714 ], [ 11.31066971943044, 44.513070466109681 ], [ 11.310221826233539, 44.513185220506735 ], [ 11.309855005417132, 44.513278977204664 ], [ 11.309442259844454, 44.513385456986768 ], [ 11.309082678225062, 44.513477804385012 ], [ 11.308681371197837, 44.513580896437951 ], [ 11.308248078122157, 44.513692828885745 ], [ 11.307888823563045, 44.513783995571337 ], [ 11.30751927780805, 44.513878968375913 ], [ 11.30722924724968, 44.513952542558904 ], [ 11.307139838136044, 44.513975224754283 ], [ 11.306735442723561, 44.514079903710403 ], [ 11.306681138682713, 44.514093874690431 ], [ 11.306228509751474, 44.514210238624742 ], [ 11.305863669419111, 44.514303493239012 ], [ 11.305469914350637, 44.514403722471265 ], [ 11.305043002658948, 44.514511909230748 ], [ 11.30454225021723, 44.514636442933025 ], [ 11.304166409665072, 44.514731624672386 ], [ 11.303748714767517, 44.514837551758021 ], [ 11.30334350593388, 44.514940859504378 ], [ 11.302345000565232, 44.51520293270444 ], [ 11.302053322814778, 44.515279484280747 ], [ 11.301646515160435, 44.51538691620236 ], [ 11.30033379608818, 44.515733550649237 ], [ 11.300242739874895, 44.515758157464958 ], [ 11.299355474894691, 44.515997870089279 ], [ 11.29875599736971, 44.516158419978524 ], [ 11.298358322270129, 44.516278934136942 ], [ 11.297859527185343, 44.516430249209598 ], [ 11.298112364660215, 44.516647872030426 ], [ 11.299363930790552, 44.517724743658789 ], [ 11.299393159165641, 44.517749884235137 ], [ 11.299448275258177, 44.517778931702715 ], [ 11.299709281273538, 44.517916475179725 ], [ 11.299784659628818, 44.517920363553849 ], [ 11.299885860381213, 44.518072665458931 ], [ 11.299899210278394, 44.518097018493329 ], [ 11.299915369096651, 44.518130270678682 ], [ 11.299966211578599, 44.518242408481314 ], [ 11.300026833596851, 44.518379194477518 ], [ 11.300095536534156, 44.518535895120934 ], [ 11.300175392117433, 44.518732971631351 ], [ 11.300250798348214, 44.518922392835712 ], [ 11.300261520634214, 44.519010817754861 ], [ 11.300268815977235, 44.519070873549474 ], [ 11.30033149105139, 44.51958851255759 ], [ 11.300329506787751, 44.51974366388297 ], [ 11.300493091362394, 44.520493686810674 ], [ 11.300499658680053, 44.520523829155024 ], [ 11.300455758049862, 44.520609028181667 ], [ 11.300462835250311, 44.520648989241735 ], [ 11.300489077809599, 44.520747720761641 ], [ 11.300508977720293, 44.52082626583065 ], [ 11.300534960269697, 44.520925356377568 ], [ 11.300561503951128, 44.521019296950534 ], [ 11.300680399869263, 44.521181544885735 ], [ 11.300747437958513, 44.521272980397519 ], [ 11.300681535446072, 44.521297724264834 ], [ 11.300701361024464, 44.521360180527317 ], [ 11.300738891989356, 44.521478541401237 ], [ 11.300961032931307, 44.521967514673818 ], [ 11.301137115351871, 44.522176536300364 ], [ 11.301481400032118, 44.52248234522672 ], [ 11.301687639528931, 44.522791649578785 ], [ 11.301811783595372, 44.522840414134187 ], [ 11.301881154870038, 44.522890651244637 ], [ 11.301930008067092, 44.522929634755734 ], [ 11.301975567579873, 44.522965345617983 ], [ 11.302156940234068, 44.523030931135118 ], [ 11.302357578176714, 44.523313032573206 ], [ 11.302315244696169, 44.523326085738297 ], [ 11.302271342220065, 44.52331688651681 ], [ 11.302235271204319, 44.523321624629894 ], [ 11.302187966443453, 44.523339004704845 ], [ 11.302115960665999, 44.523343157611464 ], [ 11.302048012484519, 44.52335118976923 ], [ 11.301990487617097, 44.523366731382133 ], [ 11.302121161249588, 44.523506822637202 ], [ 11.302150724308097, 44.523535560354183 ], [ 11.302335492916828, 44.523728177803456 ], [ 11.302390258818903, 44.523700065585992 ], [ 11.302448123736774, 44.523689985962754 ], [ 11.302686938359718, 44.523791489034807 ], [ 11.302889536193831, 44.523868063160641 ], [ 11.302955341328431, 44.523794446044505 ], [ 11.303110395537539, 44.523705614486992 ], [ 11.303300412854595, 44.523767904381891 ], [ 11.303400939702744, 44.523772221896365 ], [ 11.303519012018173, 44.523782149463045 ], [ 11.303794229379495, 44.523805184917514 ], [ 11.303850795807097, 44.523809984095671 ], [ 11.303922244621379, 44.523850763159437 ], [ 11.303980504370179, 44.523879385755635 ], [ 11.304035067573743, 44.523890887160476 ], [ 11.304281142837489, 44.523933903818957 ], [ 11.304542946954989, 44.523983264299986 ], [ 11.304631458479736, 44.523997231858544 ], [ 11.304728869942894, 44.524003907648009 ], [ 11.304809960978686, 44.52400209037134 ], [ 11.304904839623548, 44.52401151701352 ], [ 11.305031029715328, 44.524042728581129 ], [ 11.305169010280473, 44.524079372624847 ], [ 11.305250458215113, 44.524115269411105 ], [ 11.305369254174213, 44.524172339402952 ], [ 11.305438977709724, 44.524225038421534 ], [ 11.305473939756508, 44.524253577109938 ], [ 11.305498066119929, 44.524228966616235 ], [ 11.305522087819119, 44.524209485183142 ], [ 11.305508522140258, 44.524168664324613 ], [ 11.305505572024012, 44.524132172655051 ], [ 11.30549064687535, 44.524099472542446 ], [ 11.30544487497583, 44.524089645211113 ], [ 11.305399620149116, 44.524084438330391 ], [ 11.305337526064394, 44.524063907064544 ], [ 11.305251585148236, 44.524033291042358 ], [ 11.305179044941001, 44.523980890954675 ], [ 11.305222328681465, 44.523985929768216 ], [ 11.305327767141044, 44.52401747183788 ], [ 11.305473942021726, 44.524067273802757 ], [ 11.305580488651309, 44.524110945799087 ], [ 11.305700762224694, 44.524180354204574 ], [ 11.305821028903029, 44.524253342935481 ], [ 11.305914281349526, 44.524314556340649 ], [ 11.306064028626089, 44.524399517759974 ], [ 11.30624326797777, 44.524486733366622 ], [ 11.306296423699344, 44.524517607700325 ], [ 11.306325908296602, 44.524547416316928 ], [ 11.306382088509777, 44.52459679005964 ], [ 11.306440108592398, 44.524659646628123 ], [ 11.306462798505988, 44.524693390667792 ], [ 11.306521258462578, 44.524779655735813 ], [ 11.306599927922484, 44.524896849391517 ], [ 11.30668653712331, 44.525019813433062 ], [ 11.306772358422291, 44.52514378450843 ], [ 11.306793976157632, 44.525175861267584 ], [ 11.306810186468981, 44.525205770550762 ], [ 11.306821310332628, 44.525230359483558 ], [ 11.306845170484046, 44.525270782192734 ], [ 11.306895405014275, 44.525357549976746 ], [ 11.306928812854322, 44.525423528808489 ], [ 11.306969249317939, 44.525512840629681 ], [ 11.306971545586693, 44.525547662890922 ], [ 11.306970853194196, 44.525579460377664 ], [ 11.30696361737248, 44.525633607488913 ], [ 11.306976890000961, 44.525679368383095 ], [ 11.307008970710935, 44.525721038322651 ], [ 11.307031167581556, 44.525753335595446 ], [ 11.307046458545521, 44.525784367134428 ], [ 11.307061005768709, 44.525813900374096 ], [ 11.307074878351157, 44.525842059953895 ], [ 11.307087133989274, 44.525866494547678 ], [ 11.307106055869109, 44.525902599452245 ], [ 11.307123524879998, 44.525926865659159 ], [ 11.307164479360726, 44.525976030879647 ], [ 11.307185401999819, 44.526021402166052 ], [ 11.307221609320747, 44.526106275585413 ], [ 11.307229911667577, 44.526160518274416 ], [ 11.307271375113318, 44.526197327975481 ], [ 11.307311157141816, 44.526238275007223 ], [ 11.307325085959791, 44.526276582888983 ], [ 11.307331632247864, 44.526335014838203 ], [ 11.307339703057501, 44.526389477358094 ], [ 11.307347597259247, 44.526423409538786 ], [ 11.307357287476894, 44.526462795169174 ], [ 11.30736433914327, 44.526491453581784 ], [ 11.307371692014019, 44.526520059092412 ], [ 11.307382681542755, 44.526567774620645 ], [ 11.307381942546336, 44.526607116280317 ], [ 11.307377658973612, 44.526644271747337 ], [ 11.307372727415759, 44.526678753951884 ], [ 11.30737352409678, 44.526719825468447 ], [ 11.307365920944063, 44.526768775649025 ], [ 11.307353319672066, 44.526817960992034 ], [ 11.307303911670859, 44.526813952432327 ], [ 11.307264490216031, 44.526791512749732 ], [ 11.307196050796, 44.526772022715562 ], [ 11.307159495629589, 44.526783122566357 ], [ 11.307139862523645, 44.526813459135283 ], [ 11.307157840486385, 44.526845155651259 ], [ 11.307188832726435, 44.526871481086182 ], [ 11.307241044494928, 44.526892437935501 ], [ 11.307286848050801, 44.526898382902679 ], [ 11.307332300741709, 44.526905002932168 ], [ 11.307367840702849, 44.526910957262963 ], [ 11.307405298460155, 44.526922675858984 ], [ 11.307449108346963, 44.526945626356422 ], [ 11.30749780873755, 44.526984891421847 ], [ 11.307524647556489, 44.527015435590791 ], [ 11.307519861773057, 44.527065330811929 ], [ 11.30752436534608, 44.527103868798264 ], [ 11.307543618364702, 44.527139768873468 ], [ 11.307552045522078, 44.527179541016935 ], [ 11.307562892263817, 44.527224016692522 ], [ 11.307582565593664, 44.527284859718279 ], [ 11.30758354493743, 44.527316947498413 ], [ 11.307586078956129, 44.527345351518534 ], [ 11.307590702120173, 44.527376688648097 ], [ 11.307621752218333, 44.527422338556669 ], [ 11.307635098797565, 44.527453603769274 ], [ 11.307642961990744, 44.527486264491202 ], [ 11.307648474213273, 44.527521406125786 ], [ 11.307655371207282, 44.527575864434567 ], [ 11.307661733236316, 44.527610185861938 ], [ 11.307678907264883, 44.527648787290666 ], [ 11.307699360290925, 44.527694763932764 ], [ 11.3077081755061, 44.527720621085614 ], [ 11.307724369617276, 44.527756555957325 ], [ 11.307727941265323, 44.527800201009413 ], [ 11.307738587315525, 44.52784306206371 ], [ 11.307748110928273, 44.527885193195395 ], [ 11.307755057179151, 44.527915919792598 ], [ 11.307758952397192, 44.527951858425205 ], [ 11.307764733705083, 44.52798797858987 ], [ 11.307774509658115, 44.52803315107797 ], [ 11.307785509883781, 44.52807363459636 ], [ 11.307796520335746, 44.528106062430304 ], [ 11.307807531331958, 44.528149620997397 ], [ 11.307809092626938, 44.52818324724435 ], [ 11.307808605289571, 44.528216623225212 ], [ 11.307811434289164, 44.528245959338015 ], [ 11.307817257128656, 44.528290041408766 ], [ 11.307821473019251, 44.528321958419738 ], [ 11.307827277437505, 44.528365892319933 ], [ 11.307828074213335, 44.528396189576725 ], [ 11.307829836632479, 44.528462842088508 ], [ 11.30783053732287, 44.528489528566645 ], [ 11.307833648473849, 44.528532535637559 ], [ 11.307837640950689, 44.528561982364309 ], [ 11.307841475172593, 44.52859025835857 ], [ 11.307855957982795, 44.528650558977915 ], [ 11.307859574285006, 44.528685232082879 ], [ 11.307860776706811, 44.528715634569039 ], [ 11.307857864236796, 44.528758469935049 ], [ 11.307856004806949, 44.528785688905863 ], [ 11.307851104221102, 44.528831335447897 ], [ 11.307845141887215, 44.528869316183311 ], [ 11.307830674583704, 44.528915387499111 ], [ 11.307824066340769, 44.528964605661706 ], [ 11.307819512035918, 44.529004428657608 ], [ 11.307827869780105, 44.529057179338167 ], [ 11.307825202121437, 44.529093884421826 ], [ 11.307822119485749, 44.529120372806752 ], [ 11.307809620207971, 44.529203294049907 ], [ 11.307799627949727, 44.529260543371414 ], [ 11.30781952781706, 44.529302439508001 ], [ 11.307841873516701, 44.529345559153043 ], [ 11.307839161356632, 44.529398880227305 ], [ 11.307849890714184, 44.529432085250306 ], [ 11.307871496383781, 44.529453574137321 ], [ 11.307901681952103, 44.529483965019281 ], [ 11.307923892114543, 44.529508393608445 ], [ 11.307948146884982, 44.529535071102238 ], [ 11.307997555359826, 44.529581712708513 ], [ 11.308247171493749, 44.529364500901117 ], [ 11.308580196568881, 44.529074704932889 ], [ 11.308994863430378, 44.529638189382361 ], [ 11.309150221572125, 44.529849270417763 ], [ 11.309531600373534, 44.53121893299511 ], [ 11.309439168525158, 44.5314278650321 ], [ 11.30931769255149, 44.531538348518325 ], [ 11.309033429082229, 44.531670134343145 ], [ 11.309009000869018, 44.531704592340134 ], [ 11.308508912881155, 44.532409944791688 ], [ 11.308185692696723, 44.53319120855641 ], [ 11.308118264241118, 44.533354062153144 ], [ 11.308009599279405, 44.533788410717769 ], [ 11.307558234930152, 44.534787807466842 ], [ 11.307469713745338, 44.53509567493446 ], [ 11.307492961551286, 44.535365284646417 ], [ 11.30791849041826, 44.535941817231929 ], [ 11.30852626795089, 44.536352632411301 ], [ 11.30909542591265, 44.537376441813528 ], [ 11.30957806891276, 44.538122877880021 ], [ 11.310583705714595, 44.539362839867913 ], [ 11.311341780307824, 44.53975261046596 ], [ 11.311857251490748, 44.540372372516828 ], [ 11.312340763875001, 44.540813153939581 ], [ 11.312587540653574, 44.54111068743596 ], [ 11.312605105468153, 44.541142024087904 ], [ 11.312642921503741, 44.541189287349951 ], [ 11.312681907599515, 44.541209743478809 ], [ 11.31272443985775, 44.541291093756172 ], [ 11.313123041750362, 44.542138252841909 ], [ 11.313306057085237, 44.542944761467446 ], [ 11.313232568516003, 44.544584696315212 ], [ 11.313145833124866, 44.544937549553794 ], [ 11.312444445581143, 44.545662960985389 ], [ 11.311635061931966, 44.546840668401202 ], [ 11.311358812842027, 44.547494435438232 ], [ 11.311149359660002, 44.548245786169488 ], [ 11.311857909388124, 44.548001283820348 ], [ 11.313643953137605, 44.54750428368763 ], [ 11.313973030373338, 44.547350194542609 ], [ 11.314297022109333, 44.547244331407953 ], [ 11.314943967912603, 44.547032875488171 ], [ 11.315548575007488, 44.546843377533932 ], [ 11.315887383584602, 44.546740443024774 ], [ 11.316108315815807, 44.546673341790743 ], [ 11.31675530088453, 44.546441342743798 ], [ 11.317947908957072, 44.546083298076823 ], [ 11.318005557871182, 44.546065991342907 ], [ 11.318675364068959, 44.545860952254145 ], [ 11.319728125860559, 44.545538675062502 ], [ 11.320363246789155, 44.545332006446706 ], [ 11.32049165836303, 44.545290220797277 ], [ 11.320528950481394, 44.545278213166455 ], [ 11.320527088107166, 44.545152215745674 ], [ 11.320525139050543, 44.545076799844146 ], [ 11.320524226466615, 44.545040317677341 ], [ 11.320587108828956, 44.545038489312702 ], [ 11.320730932357579, 44.545153158169143 ], [ 11.321575452208494, 44.545794294174485 ], [ 11.322082343315222, 44.546175031033201 ], [ 11.322382999564487, 44.54639564221155 ], [ 11.322442402074353, 44.546425382530373 ], [ 11.322538260010406, 44.546461691146384 ], [ 11.322802621804657, 44.546540713441281 ], [ 11.32322173738457, 44.546633459997352 ], [ 11.323439342840055, 44.546703865412709 ], [ 11.323645003830686, 44.546829663873176 ], [ 11.323766969695184, 44.546929024785094 ], [ 11.323895803325463, 44.547062003390621 ], [ 11.323968218758917, 44.547200638914795 ], [ 11.324011176261534, 44.547311698948718 ], [ 11.324157463894604, 44.547310969424096 ], [ 11.324242760197309, 44.547308905950075 ], [ 11.324302886409418, 44.547307451242403 ], [ 11.324481886405247, 44.547297614464775 ], [ 11.32467685878991, 44.54727395195912 ], [ 11.325020265797678, 44.547232577426847 ], [ 11.325268019486936, 44.547178037828772 ], [ 11.32550693913527, 44.547142302967302 ], [ 11.325552895851912, 44.547124436592448 ], [ 11.325732032612834, 44.547078585898809 ], [ 11.325957178831452, 44.547022239472199 ], [ 11.326118499339742, 44.546983502181092 ], [ 11.326337055355308, 44.546919973849782 ], [ 11.326549288884879, 44.546855437841536 ], [ 11.326685469978216, 44.546817778374503 ], [ 11.326767508258524, 44.546803164191033 ], [ 11.326855537871747, 44.546800812585097 ], [ 11.326925332078417, 44.546814588837542 ], [ 11.326987250793202, 44.546847663140554 ], [ 11.327065865614411, 44.546924839774832 ], [ 11.327140859117314, 44.547009950276987 ], [ 11.327196018586521, 44.547052135970553 ], [ 11.327294627481201, 44.547097950572713 ], [ 11.327394391714327, 44.54713361730316 ], [ 11.32749987121411, 44.547154532923571 ], [ 11.327634236360232, 44.547169802737741 ], [ 11.328002970905123, 44.547202233853376 ], [ 11.328291979563737, 44.547228405526738 ], [ 11.328636254935551, 44.547264919174111 ], [ 11.328856236822627, 44.54729447986076 ], [ 11.329086020824848, 44.54731123300251 ], [ 11.329432430756414, 44.547316539382734 ], [ 11.329733596689932, 44.547312085723611 ], [ 11.330054496493986, 44.54730891103469 ], [ 11.330373376447891, 44.547325053765213 ], [ 11.330796633268251, 44.547352834687644 ], [ 11.331212960042572, 44.547375282935292 ], [ 11.331388650394198, 44.547381262709962 ], [ 11.331479642721076, 44.547374336763852 ], [ 11.331566106695293, 44.547352311491984 ], [ 11.331668392913548, 44.547313089553413 ], [ 11.33183243611478, 44.547243913178363 ], [ 11.331989532736939, 44.547178244518861 ], [ 11.332110852463471, 44.547142573748928 ], [ 11.332320485596735, 44.547092148362637 ], [ 11.332449365661857, 44.547068697619629 ], [ 11.332659491439834, 44.547030646305387 ], [ 11.332817021456735, 44.546995360143612 ], [ 11.332930883830684, 44.546969957027777 ], [ 11.333046761560427, 44.546936079950989 ], [ 11.333167264994659, 44.546899857581529 ], [ 11.333337929187744, 44.546838987170474 ], [ 11.333579002457451, 44.546747441491902 ], [ 11.333707777650813, 44.54670203253157 ], [ 11.3337910376304, 44.546678947559826 ], [ 11.333886002510711, 44.546653371685615 ], [ 11.334181860096942, 44.546594995210022 ], [ 11.334482359281635, 44.546534275114162 ], [ 11.334965684030147, 44.546432113037206 ], [ 11.334927780836855, 44.546386233697014 ], [ 11.334710618111909, 44.546123369141263 ], [ 11.334259849698828, 44.545586729048892 ], [ 11.333943015416404, 44.545206186525029 ], [ 11.333740178499882, 44.544974022835433 ], [ 11.333419637816002, 44.544611471406931 ], [ 11.333089821058085, 44.544233357836021 ], [ 11.333724052893817, 44.543960448245734 ], [ 11.334540043201537, 44.54360898462847 ], [ 11.335132237134395, 44.543347619202969 ], [ 11.33587493655855, 44.543023838094115 ], [ 11.335938075814324, 44.542996468458831 ], [ 11.336020634195705, 44.543094304568946 ], [ 11.336179502220066, 44.543289672368466 ], [ 11.336379124508683, 44.543500523784097 ], [ 11.336423720863506, 44.543572752883712 ], [ 11.336461092330042, 44.543681139025921 ], [ 11.336476175509175, 44.54380236522443 ], [ 11.336508369846854, 44.544134802197014 ], [ 11.336556038952217, 44.544598573433106 ], [ 11.336597172405407, 44.54501691215016 ], [ 11.336613018961454, 44.545216322155639 ], [ 11.33663311221185, 44.545443231640775 ], [ 11.336655014196078, 44.545734793481124 ], [ 11.336675961611276, 44.545884591499302 ], [ 11.336694699228735, 44.545998992735228 ], [ 11.336736978273462, 44.546072394434553 ], [ 11.336819687042961, 44.546192803351502 ], [ 11.336980875740108, 44.546445506272349 ], [ 11.337169407435892, 44.546752791341191 ], [ 11.33728961513799, 44.546945007715422 ], [ 11.337317844764945, 44.547001263482585 ], [ 11.33734778440598, 44.547081109530218 ], [ 11.337357966570885, 44.547178236240136 ], [ 11.337383616499306, 44.547406146258069 ], [ 11.337401629177089, 44.547600454114828 ], [ 11.337425102397241, 44.547675933086524 ], [ 11.337484976404959, 44.547775982647714 ], [ 11.337531702546638, 44.547842550084411 ], [ 11.337621929632405, 44.547916044467783 ], [ 11.337730507040991, 44.547975146064339 ], [ 11.337820246111464, 44.548015508426673 ], [ 11.338072636250113, 44.548089672044398 ], [ 11.338174446720833, 44.548116846662843 ], [ 11.338252969523889, 44.5481523727126 ], [ 11.338342435007046, 44.548204588475429 ], [ 11.338401446726412, 44.54826357493782 ], [ 11.338509488829553, 44.548386865676051 ], [ 11.338686174989693, 44.54861393174351 ], [ 11.338756424450205, 44.548698018154852 ], [ 11.338844584401395, 44.548796922093743 ], [ 11.338928681606777, 44.548873946676494 ], [ 11.339065841798901, 44.549036581697642 ], [ 11.339146379986502, 44.5491418326027 ], [ 11.339198240402778, 44.549238113153805 ], [ 11.33923562626781, 44.549326805899476 ], [ 11.339263758097898, 44.549420187728053 ], [ 11.339271364118993, 44.549531442451396 ], [ 11.339259020991165, 44.549635788743672 ], [ 11.339253387975834, 44.549711295716598 ], [ 11.339270248027265, 44.54979815934275 ], [ 11.33933529305691, 44.549909361370261 ], [ 11.339516372586079, 44.550147586498753 ], [ 11.339577535081299, 44.550202546442684 ], [ 11.339648674001589, 44.550250038649835 ], [ 11.339716162476657, 44.550284664524398 ], [ 11.339837396010347, 44.550305813866714 ], [ 11.339978149504413, 44.550323186100336 ], [ 11.340067014460903, 44.550341614672753 ], [ 11.340109006589344, 44.550367789277338 ], [ 11.34025069380578, 44.550584346893544 ], [ 11.340320169380348, 44.550668449980201 ], [ 11.340385342650258, 44.550725567081393 ], [ 11.340496254876467, 44.550803194824944 ], [ 11.340813771240111, 44.550950853065125 ], [ 11.340956622214437, 44.551020507266422 ], [ 11.341106273068613, 44.551102397580578 ], [ 11.34133220382445, 44.551241824632577 ], [ 11.341682317606509, 44.551495711234196 ], [ 11.341827284435686, 44.551599056036054 ], [ 11.341994250778725, 44.551700847389689 ], [ 11.342227530800884, 44.551827720013229 ], [ 11.342623109641677, 44.552037913390329 ], [ 11.342944658992815, 44.55222711499551 ], [ 11.343106256000604, 44.552312700569082 ], [ 11.343299689878922, 44.55240718852739 ], [ 11.343380064052003, 44.552448338290844 ], [ 11.343423557527016, 44.55249301520697 ], [ 11.343463173776321, 44.552558053453978 ], [ 11.343589754041149, 44.552849157955919 ], [ 11.343665844885503, 44.553000081103043 ], [ 11.343843013542067, 44.553316827373664 ], [ 11.344485681453238, 44.553142095040336 ], [ 11.345089466183172, 44.552967373780753 ], [ 11.345590295347858, 44.552819789192249 ], [ 11.345980676020787, 44.552704866620068 ], [ 11.346755310635885, 44.552478507656616 ], [ 11.347340899675451, 44.552306114688335 ], [ 11.347878436403164, 44.552171833417127 ], [ 11.347937388244112, 44.552154784551739 ], [ 11.347993065914306, 44.552150266975488 ], [ 11.348055605061001, 44.55214584139771 ] ] ] } },
{ "type": "Feature", "properties": { "MapCommunity": "C5", "CITY": "Bologna", "COM_ASC2": "37006010", "DEN_ASC2": "Malpighi", "is_member": 0, "is_incoming": 0, "CommunityInitial": "C4", "CommunityPrev": "C4", "CommunityFinal": "C4", "Transition": "stabile" }, "geometry": { "type": "Polygon", "coordinates": [ [ [ 11.327703687532763, 44.49906923225538 ], [ 11.329337548324954, 44.498498215710086 ], [ 11.329536640669014, 44.498428672749768 ], [ 11.329876412933102, 44.498305733979834 ], [ 11.331008153644435, 44.497896111926757 ], [ 11.331624164704763, 44.497682267013353 ], [ 11.332180714633729, 44.497489064753822 ], [ 11.332618022674511, 44.497337120953574 ], [ 11.332944539887828, 44.497223672430223 ], [ 11.333681073561053, 44.496967761678043 ], [ 11.334000407876836, 44.496853765571359 ], [ 11.33491196990887, 44.49653016339758 ], [ 11.335868451164773, 44.496209572510899 ], [ 11.336599630937441, 44.495956042698793 ], [ 11.336765004279313, 44.495904269593268 ], [ 11.337004704090164, 44.495843659132099 ], [ 11.337121892805557, 44.495805812266411 ], [ 11.337319313618567, 44.495749443600431 ], [ 11.337680176112785, 44.495671721632249 ], [ 11.338535717839271, 44.495540541654037 ], [ 11.338588860016893, 44.495532701043125 ], [ 11.338991306979711, 44.49547269083547 ], [ 11.339693746958204, 44.495366020228047 ], [ 11.340344032977329, 44.495272229539694 ], [ 11.340548004404221, 44.495242165173849 ], [ 11.340970710389772, 44.495177794868376 ], [ 11.341055135379852, 44.495165935613045 ], [ 11.342427301239082, 44.494940858287727 ], [ 11.34257491860637, 44.494917009717327 ], [ 11.342541167368802, 44.494440215161447 ], [ 11.342517223579939, 44.494281266231255 ], [ 11.342530867264857, 44.494111626923754 ], [ 11.342677689939618, 44.494009024607927 ], [ 11.342562377919378, 44.493622596340515 ], [ 11.342312353164846, 44.493600837028339 ], [ 11.34226294733144, 44.493506639424282 ], [ 11.342178714224474, 44.493248419857011 ], [ 11.34212899377818, 44.493125655335945 ], [ 11.342068042280662, 44.492938416025297 ], [ 11.342062136487375, 44.492908716124603 ], [ 11.341994730712086, 44.492619205661946 ], [ 11.341941618345457, 44.492450938639081 ], [ 11.341890319728721, 44.492269128695867 ], [ 11.341874271190322, 44.492221631687229 ], [ 11.34185298636311, 44.492121917257585 ], [ 11.341816204820409, 44.49192967974296 ], [ 11.341802036052552, 44.491816954617981 ], [ 11.341741222902449, 44.491333110271839 ], [ 11.341714010332446, 44.491242515491358 ], [ 11.341615422000352, 44.490998656440617 ], [ 11.34149776815155, 44.490788948074744 ], [ 11.341467400556215, 44.490737243411061 ], [ 11.341348152971971, 44.490546698075342 ], [ 11.341177934596269, 44.490241288727482 ], [ 11.341048303603889, 44.490007073787261 ], [ 11.340825018665171, 44.489691500713242 ], [ 11.340772454354585, 44.489615494789746 ], [ 11.340708322048229, 44.489529897011998 ], [ 11.340674472971244, 44.489484718371614 ], [ 11.340289514378112, 44.488939517978302 ], [ 11.340232461387508, 44.488869225037938 ], [ 11.340196081580549, 44.488824395217648 ], [ 11.340140899025007, 44.48878107706426 ], [ 11.340044676966418, 44.488733535300625 ], [ 11.339873440996417, 44.488663797541193 ], [ 11.339800225866117, 44.488517421656191 ], [ 11.339738413475532, 44.488347639333199 ], [ 11.339704515971015, 44.488148591767256 ], [ 11.33964035476067, 44.487546736623166 ], [ 11.33961746508923, 44.487249561083054 ], [ 11.339604333970902, 44.486921238203095 ], [ 11.339592200385233, 44.486716116983224 ], [ 11.33958279224551, 44.486638099756732 ], [ 11.339548645454355, 44.486503747152803 ], [ 11.339539912088854, 44.48643027320491 ], [ 11.339387674030872, 44.486455593550986 ], [ 11.339064123472252, 44.486581210080082 ], [ 11.338110623767605, 44.486952404818901 ], [ 11.337415367794975, 44.487223396037905 ], [ 11.337325062767603, 44.487258261195123 ], [ 11.337132319659039, 44.487332540240011 ], [ 11.336962752537644, 44.487396778346692 ], [ 11.336410785845871, 44.487608383665005 ], [ 11.335864967060175, 44.487816483634646 ], [ 11.335549971212705, 44.487939398904288 ], [ 11.334578789840007, 44.488313762544678 ], [ 11.334453518522499, 44.488363857198571 ], [ 11.333578404979335, 44.488702780543377 ], [ 11.333471914708531, 44.488737930294512 ], [ 11.332339586768827, 44.489176519031879 ], [ 11.332076486749221, 44.489276717641943 ], [ 11.331633145865954, 44.489441121675164 ], [ 11.331256846801676, 44.489569900015702 ], [ 11.330722341653439, 44.489754320445542 ], [ 11.330532322499893, 44.489823549769355 ], [ 11.330172329657426, 44.489954707707426 ], [ 11.329849834253617, 44.490089762549246 ], [ 11.329710351575029, 44.490168573117444 ], [ 11.329639602263008, 44.490209261971401 ], [ 11.329592767960317, 44.490244754386801 ], [ 11.329538616625033, 44.490356323057981 ], [ 11.329533872319931, 44.490487996349522 ], [ 11.329547331640718, 44.490558629697155 ], [ 11.329541750710487, 44.490762609963987 ], [ 11.329488201240963, 44.490981262041409 ], [ 11.329439299767939, 44.491118343095259 ], [ 11.329428154244308, 44.491154219888472 ], [ 11.329188436968476, 44.491938174716807 ], [ 11.329072265307671, 44.492332750904538 ], [ 11.328611885321257, 44.4937968514121 ], [ 11.328307292423256, 44.49473276503624 ], [ 11.328007924246412, 44.495648336065713 ], [ 11.327847760111698, 44.496171278244098 ], [ 11.327598552837664, 44.496966677734392 ], [ 11.32756346948535, 44.497074269939993 ], [ 11.327435195522902, 44.497461358620988 ], [ 11.326973481400389, 44.498913001097343 ], [ 11.326920014779812, 44.499123448680564 ], [ 11.327044376285434, 44.499047325638216 ], [ 11.327447753852823, 44.499099383320896 ], [ 11.32756180758151, 44.499121976108476 ], [ 11.327703687532763, 44.49906923225538 ] ] ] } },
{ "type": "Feature", "properties": { "MapCommunity": "C5", "CITY": "Bologna", "COM_ASC2": "37006011", "DEN_ASC2": "Marconi", "is_member": 0, "is_incoming": 0, "CommunityInitial": "C4", "CommunityPrev": "C4", "CommunityFinal": "C4", "Transition": "stabile" }, "geometry": { "type": "Polygon", "coordinates": [ [ [ 11.343771386971621, 44.499075804931955 ], [ 11.343593497967806, 44.49848191460508 ], [ 11.34334332721364, 44.497614369114224 ], [ 11.343172765257501, 44.497046210908138 ], [ 11.343158485450017, 44.497003742661605 ], [ 11.343019972891007, 44.496548583006742 ], [ 11.342966423002505, 44.496369633176741 ], [ 11.342902217098921, 44.496147601402178 ], [ 11.342757807075346, 44.495581791926689 ], [ 11.342743681270591, 44.49553866056867 ], [ 11.342715566696235, 44.495425580839942 ], [ 11.34257491860637, 44.494917009717327 ], [ 11.342427301239082, 44.494940858287727 ], [ 11.341055135379852, 44.495165935613045 ], [ 11.340970710389772, 44.495177794868376 ], [ 11.340548004404221, 44.495242165173849 ], [ 11.340344032977329, 44.495272229539694 ], [ 11.339693746958204, 44.495366020228047 ], [ 11.338991306979711, 44.49547269083547 ], [ 11.338588860016893, 44.495532701043125 ], [ 11.338535717839271, 44.495540541654037 ], [ 11.337680176112785, 44.495671721632249 ], [ 11.337319313618567, 44.495749443600431 ], [ 11.337121892805557, 44.495805812266411 ], [ 11.337004704090164, 44.495843659132099 ], [ 11.336765004279313, 44.495904269593268 ], [ 11.336599630937441, 44.495956042698793 ], [ 11.335868451164773, 44.496209572510899 ], [ 11.33491196990887, 44.49653016339758 ], [ 11.334000407876836, 44.496853765571359 ], [ 11.333681073561053, 44.496967761678043 ], [ 11.332944539887828, 44.497223672430223 ], [ 11.332618022674511, 44.497337120953574 ], [ 11.332180714633729, 44.497489064753822 ], [ 11.331624164704763, 44.497682267013353 ], [ 11.331008153644435, 44.497896111926757 ], [ 11.329876412933102, 44.498305733979834 ], [ 11.329536640669014, 44.498428672749768 ], [ 11.329337548324954, 44.498498215710086 ], [ 11.327703687532763, 44.49906923225538 ], [ 11.32756180758151, 44.499121976108476 ], [ 11.327447753852823, 44.499099383320896 ], [ 11.327044376285434, 44.499047325638216 ], [ 11.326920014779812, 44.499123448680564 ], [ 11.326791104597699, 44.499202355173011 ], [ 11.326795590911878, 44.499303213260823 ], [ 11.326879055255898, 44.499411004963946 ], [ 11.326935352192882, 44.49947956258945 ], [ 11.327162148274899, 44.499491673320215 ], [ 11.330111610430453, 44.500993192499664 ], [ 11.331176894726859, 44.50152155711762 ], [ 11.332141227904501, 44.502006597600293 ], [ 11.33270506927836, 44.502293378281514 ], [ 11.333212685307956, 44.502589424795786 ], [ 11.333635600486497, 44.502773868986395 ], [ 11.334640408586379, 44.503269411224792 ], [ 11.336311190761435, 44.504127589753224 ], [ 11.336626493206165, 44.50427503518921 ], [ 11.337668526908459, 44.504798214231528 ], [ 11.337769916653876, 44.504841634191941 ], [ 11.338384338367863, 44.505167639078053 ], [ 11.338433271278502, 44.505193513872698 ], [ 11.338996422249037, 44.505476008386552 ], [ 11.339408975359198, 44.505647363682343 ], [ 11.339607096930758, 44.505715620036426 ], [ 11.339640645015375, 44.505846595939225 ], [ 11.33981822620599, 44.506558380454337 ], [ 11.340453157437958, 44.506472983736955 ], [ 11.341833609349196, 44.506291809612613 ], [ 11.343370325067157, 44.506086344138474 ], [ 11.3445057497358, 44.505934654388561 ], [ 11.34486940025578, 44.505886673492263 ], [ 11.345126474814334, 44.505860146450985 ], [ 11.345324116350907, 44.505841591850903 ], [ 11.345429852577746, 44.505833747784614 ], [ 11.345572268563776, 44.505808946219723 ], [ 11.345731422840361, 44.505790526342118 ], [ 11.345719806078357, 44.505750041932487 ], [ 11.345645256814562, 44.505503668258754 ], [ 11.345444394663124, 44.504839822753979 ], [ 11.345424488760669, 44.504782293905315 ], [ 11.345401734889185, 44.5047167077499 ], [ 11.345228952311643, 44.504123915616489 ], [ 11.345215827656498, 44.504061095235059 ], [ 11.345187260008416, 44.503956465482943 ], [ 11.345157611209837, 44.503844543343469 ], [ 11.345132679703342, 44.503752217409904 ], [ 11.345032979453961, 44.503403167966361 ], [ 11.344865006073366, 44.502782635765939 ], [ 11.344693214460419, 44.502190290422355 ], [ 11.344675394928593, 44.502128846558314 ], [ 11.344633189252939, 44.501983740302109 ], [ 11.344595275062613, 44.501852354933369 ], [ 11.344587859854938, 44.501826668944879 ], [ 11.344520243270717, 44.501613827928416 ], [ 11.344507773364828, 44.501574578039552 ], [ 11.344465131806302, 44.501441919519095 ], [ 11.344391288914426, 44.501211619757292 ], [ 11.344261049912937, 44.500759345663305 ], [ 11.344029248876309, 44.499970261207331 ], [ 11.34397950767725, 44.499797718296264 ], [ 11.343873662478506, 44.499430567185023 ], [ 11.343771386971621, 44.499075804931955 ] ] ] } },
{ "type": "Feature", "properties": { "MapCommunity": "C5", "CITY": "Bologna", "COM_ASC2": "37006012", "DEN_ASC2": "Mazzini", "is_member": 0, "is_incoming": 0, "CommunityInitial": "C2", "CommunityPrev": "C2", "CommunityFinal": "C2", "Transition": "stabile" }, "geometry": { "type": "Polygon", "coordinates": [ [ [ 11.390988817931671, 44.489110670580935 ], [ 11.391128467603224, 44.489054889443537 ], [ 11.391546802627987, 44.488886870969793 ], [ 11.392493780268522, 44.488505215991296 ], [ 11.393088669842252, 44.488275207670405 ], [ 11.393714338605518, 44.488019656863379 ], [ 11.393773566897453, 44.487998316575379 ], [ 11.394162830680859, 44.487841906478323 ], [ 11.394499061893608, 44.487707381872916 ], [ 11.394680568674959, 44.487627618614994 ], [ 11.395184981825286, 44.487424651461069 ], [ 11.395826313543909, 44.487165694116051 ], [ 11.396297598969845, 44.486974797489644 ], [ 11.39668146427235, 44.48682167182168 ], [ 11.396785755581279, 44.486779600642322 ], [ 11.397102876126715, 44.486652758099794 ], [ 11.397590881698617, 44.486454896206041 ], [ 11.397882997764198, 44.486340932725774 ], [ 11.398159582152376, 44.486225449265824 ], [ 11.398668211377895, 44.486019771856142 ], [ 11.399008089729314, 44.485882628469589 ], [ 11.399190691080005, 44.485809111621542 ], [ 11.399724068324005, 44.485594452314203 ], [ 11.400123449913732, 44.485432732576854 ], [ 11.400555888857982, 44.485259081027131 ], [ 11.400603223071009, 44.485240073214534 ], [ 11.401021583789248, 44.485073999956313 ], [ 11.401391188199401, 44.484924165232968 ], [ 11.401937852776664, 44.484703895497852 ], [ 11.40202959937451, 44.484666952077774 ], [ 11.40238134619633, 44.48452531495932 ], [ 11.402841425804034, 44.484340351824905 ], [ 11.403424308068491, 44.484105088483126 ], [ 11.403954748987688, 44.483891272409977 ], [ 11.404372971885277, 44.483722308910352 ], [ 11.404813249973365, 44.483545407089913 ], [ 11.405146592402604, 44.483410229501501 ], [ 11.405385310899637, 44.483313422561629 ], [ 11.405863969657229, 44.483122023975753 ], [ 11.406103878672655, 44.483026672264266 ], [ 11.40639352767894, 44.482908574351718 ], [ 11.406777374081642, 44.482754101565028 ], [ 11.407201586516178, 44.482584371208681 ], [ 11.407574668060059, 44.482434263033902 ], [ 11.407926387015232, 44.482293696884923 ], [ 11.408235665018806, 44.482169959621608 ], [ 11.408616905044122, 44.482016525004653 ], [ 11.40893972880021, 44.48188592811568 ], [ 11.409300822947952, 44.481741108707588 ], [ 11.409599726260309, 44.481619027124637 ], [ 11.409864897363743, 44.481514490840169 ], [ 11.410224167380926, 44.48137235737682 ], [ 11.410579380452813, 44.481227358302576 ], [ 11.411038719362653, 44.481042698176857 ], [ 11.411069974605487, 44.481030116779095 ], [ 11.411470968052511, 44.480869715891338 ], [ 11.411655130628493, 44.480796238797581 ], [ 11.411809485642936, 44.480733463295053 ], [ 11.411867028989695, 44.480715023724748 ], [ 11.411902490559171, 44.480707090388798 ], [ 11.411855549582562, 44.480679484559573 ], [ 11.411796267997234, 44.480653191849385 ], [ 11.411722575562834, 44.480619780935825 ], [ 11.41123229289064, 44.480279608821483 ], [ 11.410991744027438, 44.480125451837338 ], [ 11.410686066696842, 44.479935546669125 ], [ 11.410380622448709, 44.479751250671661 ], [ 11.410219015181793, 44.479624695243103 ], [ 11.410033482883319, 44.479527892340819 ], [ 11.409961006393592, 44.479479798383124 ], [ 11.40992603530194, 44.4794589934776 ], [ 11.409888191396922, 44.479431664711782 ], [ 11.409857906278734, 44.479406786211335 ], [ 11.409830443709131, 44.479387576468056 ], [ 11.40979890088528, 44.479357652440385 ], [ 11.409774136279006, 44.479334155407663 ], [ 11.409626810881228, 44.479194378907003 ], [ 11.409550813307973, 44.47912451871354 ], [ 11.409391486771495, 44.478977074744108 ], [ 11.409169511329424, 44.478700996689291 ], [ 11.409049574307168, 44.478593808758134 ], [ 11.408915275426313, 44.478500423171099 ], [ 11.408772102590987, 44.478344216399478 ], [ 11.408689252628376, 44.478240744977555 ], [ 11.408537548309543, 44.47801100825464 ], [ 11.408445024041905, 44.47784415812211 ], [ 11.408288342474322, 44.477684292604231 ], [ 11.408215171594216, 44.477625069654358 ], [ 11.408038054035702, 44.477498641145282 ], [ 11.407849059150507, 44.477417295836183 ], [ 11.407757573788857, 44.477371392939112 ], [ 11.407576299119398, 44.477280642266848 ], [ 11.407487978014286, 44.477236426120747 ], [ 11.407158724165347, 44.477122390995042 ], [ 11.406957798785186, 44.47706133377131 ], [ 11.406616787212753, 44.476957706229499 ], [ 11.406130135932052, 44.476799737136076 ], [ 11.405676431111088, 44.476602236218739 ], [ 11.405567750874825, 44.476543283654536 ], [ 11.405227127494189, 44.476358507825665 ], [ 11.404982027132471, 44.47620781892843 ], [ 11.40468583837851, 44.476037380010226 ], [ 11.404589134880737, 44.475968839409724 ], [ 11.404475374100482, 44.475888206522853 ], [ 11.404431671481056, 44.475857068799286 ], [ 11.404213146988598, 44.475719050473899 ], [ 11.404167858832555, 44.475690446064647 ], [ 11.403968452218905, 44.475528121810349 ], [ 11.40387679835888, 44.475453512733417 ], [ 11.40381157611923, 44.475396368394314 ], [ 11.403437874309645, 44.475079579981127 ], [ 11.403294495807124, 44.47495600499979 ], [ 11.403077791159282, 44.474692737058341 ], [ 11.402878492590292, 44.474537968080462 ], [ 11.402781518419111, 44.474462659867442 ], [ 11.402706495259761, 44.474381297122392 ], [ 11.402597291209016, 44.474262858120724 ], [ 11.402421958021547, 44.474069052775917 ], [ 11.402343354486579, 44.473896277974347 ], [ 11.402140893320411, 44.4736732255693 ], [ 11.401915357904317, 44.473462476033319 ], [ 11.40169106419858, 44.473262948673607 ], [ 11.401679345199817, 44.473221410542934 ], [ 11.401669777964374, 44.473186410744468 ], [ 11.401492664691519, 44.472966654465722 ], [ 11.401339024451325, 44.472707689312436 ], [ 11.401193156541209, 44.472542519750363 ], [ 11.401081175375896, 44.472379455940697 ], [ 11.400889966637676, 44.472124088283998 ], [ 11.400777210138131, 44.471980731873813 ], [ 11.400646334769434, 44.471816938766416 ], [ 11.400578570748101, 44.471735654189963 ], [ 11.400194838273427, 44.471422716443982 ], [ 11.400047866591628, 44.471306812854102 ], [ 11.399998039820499, 44.471241466219212 ], [ 11.399948231133754, 44.471195813287018 ], [ 11.399717751964493, 44.470940711072451 ], [ 11.399569175700881, 44.470786657823488 ], [ 11.399528971800832, 44.470744376839171 ], [ 11.399466413826783, 44.470683902415352 ], [ 11.399370479591767, 44.470576403969361 ], [ 11.399328538856867, 44.470531954680546 ], [ 11.399220234790242, 44.470381752950885 ], [ 11.399093459459056, 44.470221814985649 ], [ 11.399021282433955, 44.470071411045723 ], [ 11.398926606796852, 44.469927672766509 ], [ 11.398854949118201, 44.469732249251038 ], [ 11.398837387504928, 44.469664007606717 ], [ 11.398805407591025, 44.469539736914228 ], [ 11.398747360823313, 44.469331075241449 ], [ 11.39866246435162, 44.469157881747321 ], [ 11.398516696524545, 44.46904920244512 ], [ 11.398390143013764, 44.468954848426421 ], [ 11.398263641396868, 44.468820787158023 ], [ 11.398041160230706, 44.468702799645691 ], [ 11.397664823359612, 44.468437878035225 ], [ 11.397365414552524, 44.468300058942724 ], [ 11.397087840111842, 44.468256379111359 ], [ 11.39698589041104, 44.468247411588152 ], [ 11.396550810462438, 44.46820913707225 ], [ 11.396364684849342, 44.46819222776174 ], [ 11.39627073013466, 44.468172702747417 ], [ 11.396018894607611, 44.468171353142466 ], [ 11.395785382459986, 44.468214844843104 ], [ 11.395549408465955, 44.468257724236175 ], [ 11.395421876200837, 44.468290226153975 ], [ 11.395316574805049, 44.468301008082371 ], [ 11.395233899777343, 44.468304862979373 ], [ 11.395112873267204, 44.468246634753399 ], [ 11.394840115641612, 44.468167397894739 ], [ 11.394540888220851, 44.468055513097688 ], [ 11.394394472573165, 44.468008467674821 ], [ 11.394436958807766, 44.467970193150364 ], [ 11.394960058139205, 44.46756508422645 ], [ 11.395365086902114, 44.46726737869384 ], [ 11.395968109376803, 44.466873239359678 ], [ 11.396150614122959, 44.466764173425616 ], [ 11.396414499338889, 44.46660619268858 ], [ 11.396729408333663, 44.46646791989604 ], [ 11.397248475216593, 44.46607721993761 ], [ 11.397348024696573, 44.465994669340645 ], [ 11.398836608553694, 44.465027700676757 ], [ 11.399237005231583, 44.464771146787157 ], [ 11.399826737204625, 44.464456600943365 ], [ 11.400030605842, 44.464350479925592 ], [ 11.400171380229812, 44.4642580511766 ], [ 11.40020778700438, 44.464257093024585 ], [ 11.40024670879389, 44.464255909128241 ], [ 11.400331193403943, 44.464208556015272 ], [ 11.400464234750601, 44.464119106428164 ], [ 11.400638034738128, 44.464007982780821 ], [ 11.40076006461619, 44.463918205356215 ], [ 11.400891050806017, 44.463816990657598 ], [ 11.401013810926472, 44.463726064171297 ], [ 11.401137225308632, 44.463631758611342 ], [ 11.401312816784776, 44.46350709592091 ], [ 11.401476590156172, 44.463400680516372 ], [ 11.401591039619431, 44.463336946896995 ], [ 11.401888900525396, 44.463186077214047 ], [ 11.402276257685147, 44.463014188318056 ], [ 11.402363224703896, 44.462970157434562 ], [ 11.402414652367959, 44.462940393672859 ], [ 11.402469124307011, 44.462908845417154 ], [ 11.402412060925386, 44.462878068167363 ], [ 11.402260204982394, 44.462796183828999 ], [ 11.401960721524455, 44.462448010446302 ], [ 11.40187623584398, 44.462341760307808 ], [ 11.401727623137264, 44.462147391300611 ], [ 11.401582129752196, 44.461952398305542 ], [ 11.401484639237657, 44.461797461618929 ], [ 11.401025818767787, 44.461222517175671 ], [ 11.400733360137052, 44.461332753830341 ], [ 11.400553199762665, 44.461211631263524 ], [ 11.400424502319623, 44.46094708220091 ], [ 11.40034284706331, 44.460911374438943 ], [ 11.400297399797024, 44.460815267408549 ], [ 11.400275899779842, 44.46076967828229 ], [ 11.400188349273089, 44.460817681008237 ], [ 11.399939652760079, 44.460939062589631 ], [ 11.399605902062078, 44.461136585135989 ], [ 11.399193978620106, 44.46128168267748 ], [ 11.399121761841748, 44.461307031304081 ], [ 11.398667681019591, 44.461518560130429 ], [ 11.398437135711001, 44.461616999151076 ], [ 11.397699951886374, 44.461930331890088 ], [ 11.397635409985124, 44.461958030999455 ], [ 11.397598911644486, 44.461974830363033 ], [ 11.397448531143217, 44.461905454660204 ], [ 11.397386602211789, 44.46195257772083 ], [ 11.395058343863777, 44.463725697588195 ], [ 11.394828091398654, 44.463647818568873 ], [ 11.394480774890644, 44.46341597329068 ], [ 11.394322599774773, 44.463256121311787 ], [ 11.394199902454565, 44.463137725694011 ], [ 11.394096402947504, 44.463142704326664 ], [ 11.393938240163635, 44.463059936477492 ], [ 11.393725741773435, 44.462916413900395 ], [ 11.393659559256639, 44.462854217092151 ], [ 11.393316480100328, 44.46220542114613 ], [ 11.393117272764808, 44.461828700242187 ], [ 11.392886078094971, 44.461727211444533 ], [ 11.391401268594084, 44.461940622402388 ], [ 11.390715325796073, 44.461554381661486 ], [ 11.389486493034381, 44.460570696014848 ], [ 11.387974671859828, 44.460333383884802 ], [ 11.38796757515329, 44.460486577843582 ], [ 11.386600787790893, 44.460569170865256 ], [ 11.387067920128716, 44.461871525945767 ], [ 11.386268162540315, 44.462103752603426 ], [ 11.385373353465033, 44.460716930584326 ], [ 11.385242702160516, 44.460634655153292 ], [ 11.384697094424558, 44.460589155974318 ], [ 11.384064329317951, 44.460368867296694 ], [ 11.383531166055024, 44.460240465743595 ], [ 11.382759780617352, 44.459722040648174 ], [ 11.38264210638838, 44.459475241144261 ], [ 11.382588209960534, 44.459386338914122 ], [ 11.381976385407503, 44.458984988136876 ], [ 11.379364183058788, 44.459945519464469 ], [ 11.379411584014877, 44.459958917648066 ], [ 11.379565701295759, 44.460006759024232 ], [ 11.379692463537575, 44.46006393900538 ], [ 11.379813210759911, 44.460140778138765 ], [ 11.379948325359207, 44.460235629843382 ], [ 11.380010118460291, 44.460288058387533 ], [ 11.380124615613742, 44.460336948309802 ], [ 11.380196627470323, 44.460389163688561 ], [ 11.380312217220238, 44.460464889970446 ], [ 11.380410422905488, 44.460532430647866 ], [ 11.380448077275096, 44.460578038671621 ], [ 11.380493849063033, 44.460613708659231 ], [ 11.380540216140778, 44.460664018885531 ], [ 11.380574361566627, 44.460707258529688 ], [ 11.380612014887387, 44.46075286561954 ], [ 11.380664402203712, 44.460783515451091 ], [ 11.380751844679738, 44.460837851081536 ], [ 11.38085377575063, 44.460871130713706 ], [ 11.380918083712, 44.460901531803522 ], [ 11.380997972635738, 44.460937711651702 ], [ 11.381047173033316, 44.460965469516253 ], [ 11.381146824749278, 44.461048588140386 ], [ 11.381182480899051, 44.461088466916785 ], [ 11.381218033672059, 44.461110781018689 ], [ 11.381250191205073, 44.461132507842585 ], [ 11.381290634664317, 44.461154500237583 ], [ 11.38134571244651, 44.461181896797839 ], [ 11.381385569759814, 44.461199335255813 ], [ 11.381463954686117, 44.461230075256324 ], [ 11.3815464659854, 44.461257432355019 ], [ 11.381659434740477, 44.461311160914022 ], [ 11.381760094575434, 44.461328267835114 ], [ 11.381861816537782, 44.461371543837274 ], [ 11.381979288794845, 44.461442427136362 ], [ 11.382124769592153, 44.46154241379201 ], [ 11.382256908814549, 44.461674105040409 ], [ 11.382362486906141, 44.461752223093555 ], [ 11.382409246511417, 44.46182283697464 ], [ 11.382449763748271, 44.461919772447239 ], [ 11.382487560570734, 44.462009781347405 ], [ 11.382603101837539, 44.462272777039175 ], [ 11.382689932842029, 44.462489226938374 ], [ 11.38273196797898, 44.46274328127727 ], [ 11.382867731481829, 44.46296394826836 ], [ 11.38293968540704, 44.463114357385621 ], [ 11.382972682685844, 44.463206211005826 ], [ 11.383003385451776, 44.463301605530944 ], [ 11.383055523219522, 44.463564178662224 ], [ 11.383115627863795, 44.463782932636001 ], [ 11.383169441720694, 44.463966895841452 ], [ 11.383214764223323, 44.464061984182209 ], [ 11.383263537436733, 44.464122080200113 ], [ 11.383439536174901, 44.464252856125633 ], [ 11.383530573758522, 44.464333021364823 ], [ 11.383642170912834, 44.464438949445828 ], [ 11.383664927252187, 44.464518794732449 ], [ 11.383679381511268, 44.464574368562154 ], [ 11.383803442204494, 44.464687020455706 ], [ 11.38393573331123, 44.464822197732801 ], [ 11.384007287431357, 44.464902772168386 ], [ 11.38409647953835, 44.464937576184646 ], [ 11.384133667944294, 44.464957954749039 ], [ 11.38421618923816, 44.465003175382442 ], [ 11.38425320681082, 44.465073991942667 ], [ 11.384305362036855, 44.465097348302876 ], [ 11.38442643926374, 44.465136723797151 ], [ 11.384555611256028, 44.465195140756762 ], [ 11.384721089817305, 44.465306926449948 ], [ 11.384792000851599, 44.465371796150357 ], [ 11.384896861865931, 44.465491833070843 ], [ 11.385031362011484, 44.465681092041976 ], [ 11.385205858014459, 44.465834596699821 ], [ 11.385290894653371, 44.465886949879042 ], [ 11.385449300407384, 44.465944752257691 ], [ 11.385392364262673, 44.466007101311241 ], [ 11.385267830614247, 44.466190318548094 ], [ 11.385331794121166, 44.466390976393591 ], [ 11.384959224818093, 44.466544940039348 ], [ 11.384933827454754, 44.466563385860503 ], [ 11.384902242984214, 44.466608878759892 ], [ 11.384890835381887, 44.466640535317993 ], [ 11.3848676448955, 44.466685380202179 ], [ 11.384778908011162, 44.466705586777501 ], [ 11.384792788517666, 44.466864207370122 ], [ 11.384910475706727, 44.467487687916396 ], [ 11.385072815328357, 44.468173260838206 ], [ 11.385359776813802, 44.469181058076082 ], [ 11.384774178691284, 44.469357735060441 ], [ 11.383612022967574, 44.469714832571277 ], [ 11.383397187266898, 44.469782083635124 ], [ 11.382589851004832, 44.470044194392436 ], [ 11.382335660967934, 44.470119493945219 ], [ 11.381337946376986, 44.470406102865027 ], [ 11.381157588177544, 44.470444156108897 ], [ 11.380932725886826, 44.470472442212312 ], [ 11.38029853208527, 44.470538081270696 ], [ 11.377548412178214, 44.47084980599611 ], [ 11.377352099098182, 44.470851140677901 ], [ 11.377131074657807, 44.470864359912838 ], [ 11.3764108159539, 44.470945666867593 ], [ 11.376184305388648, 44.470971300544413 ], [ 11.376133712468917, 44.470976972001679 ], [ 11.376059278233162, 44.470982333053399 ], [ 11.376001735979292, 44.470986351278299 ], [ 11.375931963786121, 44.470993203271092 ], [ 11.376053854163867, 44.471579555828527 ], [ 11.376186741717317, 44.472242048427752 ], [ 11.376219196882129, 44.472439459962523 ], [ 11.376304229328657, 44.473019389871787 ], [ 11.37635373256864, 44.473383286394906 ], [ 11.376394813212748, 44.473790487908147 ], [ 11.376446680031577, 44.474482526080678 ], [ 11.376467460734782, 44.474921632219065 ], [ 11.376477923881987, 44.475308437320948 ], [ 11.376479317135244, 44.475759034625625 ], [ 11.376474852322159, 44.476155258390378 ], [ 11.376472852989775, 44.476208262335277 ], [ 11.376462685933614, 44.476449828415248 ], [ 11.376452560027108, 44.476739873550827 ], [ 11.376440993899351, 44.477123876417323 ], [ 11.376426866905511, 44.477547120002633 ], [ 11.376411931760817, 44.477932693690995 ], [ 11.376395477796638, 44.478360442853351 ], [ 11.376378641365481, 44.47884652149915 ], [ 11.376360222591048, 44.479336863370428 ], [ 11.376344974017034, 44.47965627346553 ], [ 11.376338867113303, 44.479857753641753 ], [ 11.376329535556549, 44.480165573924239 ], [ 11.376318608580407, 44.480525944064404 ], [ 11.376313508818143, 44.480688907236505 ], [ 11.37629680002202, 44.481081943899774 ], [ 11.376290540964076, 44.481228872356532 ], [ 11.376238447084564, 44.482526287532245 ], [ 11.37623524939451, 44.482605800206755 ], [ 11.376224555894696, 44.482795014302432 ], [ 11.37622252435963, 44.48289361070799 ], [ 11.376218980486476, 44.482994726010354 ], [ 11.376208017129752, 44.483307491026586 ], [ 11.376200093257149, 44.483533566189415 ], [ 11.376178389509795, 44.484152763589691 ], [ 11.37617496516334, 44.484250476104485 ], [ 11.376149439015579, 44.48497873839279 ], [ 11.376137330592659, 44.485324157944618 ], [ 11.376129005499347, 44.485561692685401 ], [ 11.376115997041412, 44.4859327910277 ], [ 11.376103932865089, 44.486276981653816 ], [ 11.37609809765657, 44.486444295636957 ], [ 11.376090510081806, 44.486659926985929 ], [ 11.376145104900663, 44.486658789676959 ], [ 11.376193559981266, 44.486657802653163 ], [ 11.376282307237632, 44.48665595525695 ], [ 11.376392250463869, 44.486651118808524 ], [ 11.376515759566169, 44.486630749440707 ], [ 11.377101504209483, 44.48653208444464 ], [ 11.377232501381808, 44.486500132280746 ], [ 11.377292698308301, 44.486619521476676 ], [ 11.37768398326901, 44.487787295743011 ], [ 11.377696096990636, 44.487823442693021 ], [ 11.377899247265804, 44.488386405654424 ], [ 11.377936293800406, 44.488472670956455 ], [ 11.377982116577101, 44.488591211352563 ], [ 11.378001884619408, 44.48864236187174 ], [ 11.378190213265778, 44.489046576192273 ], [ 11.3782987836187, 44.489242387361976 ], [ 11.378492800273515, 44.489580458567374 ], [ 11.378552195882488, 44.489692643662245 ], [ 11.378685932200813, 44.490043520860212 ], [ 11.37880145606135, 44.490017606876847 ], [ 11.378932539227968, 44.489981386453415 ], [ 11.379119805901931, 44.489910324361738 ], [ 11.379190633408079, 44.489898325052224 ], [ 11.379610983742976, 44.489751184454548 ], [ 11.379870518492654, 44.489700671843018 ], [ 11.379934801544051, 44.489697810197619 ], [ 11.380101373368992, 44.489690187055956 ], [ 11.380161814046637, 44.489682715049618 ], [ 11.380247416960263, 44.489687861217668 ], [ 11.380324515440492, 44.48969723672235 ], [ 11.380469126359344, 44.489718267976016 ], [ 11.380747187536047, 44.489764674180535 ], [ 11.380810513886127, 44.489770966918471 ], [ 11.380914900982944, 44.48977873037559 ], [ 11.380982800136509, 44.489778224315188 ], [ 11.381059714960465, 44.489773999345296 ], [ 11.381102430345409, 44.489766716513905 ], [ 11.381144248956614, 44.489755941364116 ], [ 11.381379271476021, 44.489684225991212 ], [ 11.381477201964664, 44.489655392176175 ], [ 11.381513746762344, 44.489644794434248 ], [ 11.381613782645722, 44.48962137124466 ], [ 11.381764720367512, 44.489593924967352 ], [ 11.382336477650423, 44.489468112071691 ], [ 11.382856418256692, 44.489348679588041 ], [ 11.383476725603643, 44.489244370178398 ], [ 11.38420571620167, 44.491498144608421 ], [ 11.384161293052884, 44.491503663752852 ], [ 11.384176912221331, 44.491559782828858 ], [ 11.384197253002052, 44.491632999119965 ], [ 11.384223885362299, 44.491718630898085 ], [ 11.384253886824695, 44.491815052115278 ], [ 11.384283946253483, 44.491848782626107 ], [ 11.386319970396158, 44.490999460711194 ], [ 11.38696808178104, 44.490738212206359 ], [ 11.387387920360526, 44.490572275176142 ], [ 11.387717319575961, 44.490438305996982 ], [ 11.387791123319298, 44.490406632363673 ], [ 11.387838117783001, 44.490385230574176 ], [ 11.387948100772842, 44.490339140408921 ], [ 11.388331873515392, 44.490202791436516 ], [ 11.388668501591823, 44.490076958739863 ], [ 11.388930278921752, 44.489981034366707 ], [ 11.388900664730764, 44.489931825713434 ], [ 11.389152772078926, 44.48983491395456 ], [ 11.390135193369442, 44.489451996609169 ], [ 11.390896325623345, 44.489147616221437 ], [ 11.390988817931671, 44.489110670580935 ] ] ] } },
{ "type": "Feature", "properties": { "MapCommunity": "C5", "CITY": "Bologna", "COM_ASC2": "37006013", "DEN_ASC2": "Murri", "is_member": 0, "is_incoming": 0, "CommunityInitial": "C2", "CommunityPrev": "C2", "CommunityFinal": "C2", "Transition": "stabile" }, "geometry": { "type": "Polygon", "coordinates": [ [ [ 11.362931159219636, 44.489130464430971 ], [ 11.36302246080295, 44.489113945271875 ], [ 11.363069487275574, 44.48919960280535 ], [ 11.363485546323863, 44.489073173261758 ], [ 11.363509305499568, 44.489108837534474 ], [ 11.363562078398335, 44.489095757924247 ], [ 11.363691981811394, 44.489288101157904 ], [ 11.363777211300853, 44.489262209394418 ], [ 11.363918336238333, 44.489215983663406 ], [ 11.363993787421613, 44.489194077118022 ], [ 11.364112288983881, 44.489384636708699 ], [ 11.36437473655306, 44.489303218353193 ], [ 11.364539042724587, 44.489254893948875 ], [ 11.36457637598839, 44.489245779730474 ], [ 11.364941328716244, 44.489689574144407 ], [ 11.365005281479311, 44.489663222000658 ], [ 11.365148587112971, 44.489614879875141 ], [ 11.365198066585478, 44.489594498226836 ], [ 11.365563369973641, 44.489506783165396 ], [ 11.365678972420808, 44.489479024509812 ], [ 11.365870164631083, 44.489433109158334 ], [ 11.366164945953715, 44.489381925134374 ], [ 11.366267063687996, 44.488228141363543 ], [ 11.366359768702448, 44.486822222395091 ], [ 11.366336750043843, 44.486651427954008 ], [ 11.367171021023101, 44.486331132406889 ], [ 11.367548736573225, 44.486197344780209 ], [ 11.369112950628443, 44.485626864649689 ], [ 11.369863292893946, 44.485341780841132 ], [ 11.370489087895329, 44.485104354483447 ], [ 11.370927898561897, 44.484945177991214 ], [ 11.371414439835522, 44.484748808830439 ], [ 11.372303699170903, 44.484404302001657 ], [ 11.372454088729889, 44.484346039241046 ], [ 11.372569680294395, 44.484302962202634 ], [ 11.372785286727133, 44.484217389027364 ], [ 11.373138791947126, 44.48407519153357 ], [ 11.373412968356901, 44.483969675937509 ], [ 11.37448305553924, 44.483557851937725 ], [ 11.375594129920847, 44.483130287228342 ], [ 11.376095733636477, 44.482937333284035 ], [ 11.37622252435963, 44.48289361070799 ], [ 11.376224555894696, 44.482795014302432 ], [ 11.37623524939451, 44.482605800206755 ], [ 11.376238447084564, 44.482526287532245 ], [ 11.376290540964076, 44.481228872356532 ], [ 11.37629680002202, 44.481081943899774 ], [ 11.376313508818143, 44.480688907236505 ], [ 11.376318608580407, 44.480525944064404 ], [ 11.376329535556549, 44.480165573924239 ], [ 11.376338867113303, 44.479857753641753 ], [ 11.376344974017034, 44.47965627346553 ], [ 11.376360222591048, 44.479336863370428 ], [ 11.376378641365481, 44.47884652149915 ], [ 11.376395477796638, 44.478360442853351 ], [ 11.376411931760817, 44.477932693690995 ], [ 11.376426866905511, 44.477547120002633 ], [ 11.376440993899351, 44.477123876417323 ], [ 11.376452560027108, 44.476739873550827 ], [ 11.376462685933614, 44.476449828415248 ], [ 11.376472852989775, 44.476208262335277 ], [ 11.376474852322159, 44.476155258390378 ], [ 11.376479317135244, 44.475759034625625 ], [ 11.376477923881987, 44.475308437320948 ], [ 11.376467460734782, 44.474921632219065 ], [ 11.376446680031577, 44.474482526080678 ], [ 11.376394813212748, 44.473790487908147 ], [ 11.37635373256864, 44.473383286394906 ], [ 11.376304229328657, 44.473019389871787 ], [ 11.376219196882129, 44.472439459962523 ], [ 11.376186741717317, 44.472242048427752 ], [ 11.376053854163867, 44.471579555828527 ], [ 11.375931963786121, 44.470993203271092 ], [ 11.375830771099103, 44.471000601137483 ], [ 11.375744498148004, 44.471013232215391 ], [ 11.375698884945757, 44.471032280352553 ], [ 11.375612391951506, 44.471082393780762 ], [ 11.375543826827796, 44.471124070424509 ], [ 11.375450304564762, 44.471174315604834 ], [ 11.375168911648325, 44.471300193658983 ], [ 11.374907018350562, 44.471417102955179 ], [ 11.37484390474703, 44.471443154261664 ], [ 11.374792325248663, 44.471449529846957 ], [ 11.374733219644861, 44.471452524849035 ], [ 11.374673669341059, 44.471444931197766 ], [ 11.374618839427256, 44.471431929581961 ], [ 11.374565986569371, 44.471406516326176 ], [ 11.374499779984879, 44.47135664164184 ], [ 11.37440248680387, 44.471270296662027 ], [ 11.374118936908685, 44.471034070746938 ], [ 11.373895622690926, 44.470835534990123 ], [ 11.373847726989153, 44.470864251845157 ], [ 11.373821811740367, 44.470884009531709 ], [ 11.373870853062858, 44.47093543081963 ], [ 11.373792934893933, 44.470979543463159 ], [ 11.373603625472233, 44.471091960519971 ], [ 11.373517035864039, 44.471142373255354 ], [ 11.373547046261232, 44.471166238168514 ], [ 11.373443163484614, 44.471227454345616 ], [ 11.373411218546906, 44.471255035438304 ], [ 11.373262961170457, 44.471136584369447 ], [ 11.372992989651589, 44.47090606008544 ], [ 11.372925176671629, 44.470852518701669 ], [ 11.372849963869099, 44.470916550360357 ], [ 11.372430393373387, 44.471219886856431 ], [ 11.372165054944883, 44.471416361719605 ], [ 11.371859978029011, 44.471642723876037 ], [ 11.371581989322969, 44.47184851684429 ], [ 11.371480664424668, 44.471933130790141 ], [ 11.371437034722836, 44.471976546594028 ], [ 11.371389091262749, 44.472000040990963 ], [ 11.37104457157176, 44.472114713793964 ], [ 11.370817241051485, 44.472191942399711 ], [ 11.370689975585444, 44.47223958951372 ], [ 11.370645725146456, 44.472268010553329 ], [ 11.370622619456665, 44.472300990714452 ], [ 11.370628285949982, 44.472440888834463 ], [ 11.370604980454884, 44.472468875791741 ], [ 11.370553455542572, 44.472489949588308 ], [ 11.370164629153269, 44.472545530210901 ], [ 11.370092063895635, 44.472564537931213 ], [ 11.370037664497151, 44.472600668623564 ], [ 11.369997615139825, 44.472646503262062 ], [ 11.369566521938031, 44.472587923108833 ], [ 11.368999695152061, 44.472566856109552 ], [ 11.368667446364197, 44.472581438928273 ], [ 11.368596965104555, 44.472608522809118 ], [ 11.368573124111897, 44.472550077399482 ], [ 11.368246093388318, 44.472113163428681 ], [ 11.368211697147379, 44.472078432833058 ], [ 11.368177669395406, 44.472053150024649 ], [ 11.368129505361631, 44.472023684367279 ], [ 11.367997173793089, 44.472000574024001 ], [ 11.367891023850129, 44.471986570342956 ], [ 11.367762612110898, 44.471982031828212 ], [ 11.367691385446321, 44.471986642090052 ], [ 11.367609647194207, 44.472001148130886 ], [ 11.366914219733859, 44.472264257681012 ], [ 11.366393088615073, 44.472473135498028 ], [ 11.366025367385225, 44.47261413049776 ], [ 11.365741392610833, 44.472730306072251 ], [ 11.365220513959935, 44.47293316044702 ], [ 11.364948305910504, 44.473049063233098 ], [ 11.364819782598891, 44.473125581417868 ], [ 11.364740303586268, 44.473183270031612 ], [ 11.364674938070687, 44.473238106789893 ], [ 11.364623681658541, 44.473290106212247 ], [ 11.364556188027045, 44.473380655323858 ], [ 11.364286273881056, 44.473731760695962 ], [ 11.364134325967228, 44.473921237353032 ], [ 11.364057996465634, 44.473896638531137 ], [ 11.363963944429861, 44.473840520326995 ], [ 11.363650140440605, 44.473601248900572 ], [ 11.363489338479877, 44.473458196794994 ], [ 11.363323879820616, 44.473318122602038 ], [ 11.363258777763962, 44.473228724081345 ], [ 11.363001086983468, 44.472874858059512 ], [ 11.362946012862807, 44.472709630744106 ], [ 11.362735197658294, 44.472177893361021 ], [ 11.362712241364326, 44.472119941554851 ], [ 11.362262935551229, 44.472189557717229 ], [ 11.361950174083152, 44.472175143407938 ], [ 11.361349583198647, 44.472242259465595 ], [ 11.361271135139912, 44.472275166262499 ], [ 11.361009246622311, 44.472340629633507 ], [ 11.360594055265334, 44.472448694996949 ], [ 11.36042135307896, 44.472438024047442 ], [ 11.360403343489796, 44.4725464448804 ], [ 11.360361233237722, 44.472737115851245 ], [ 11.360331601062274, 44.472918239002318 ], [ 11.360323464894083, 44.473039788531167 ], [ 11.360313949302444, 44.473288968678332 ], [ 11.360296304642974, 44.473390485936385 ], [ 11.360289066186295, 44.473426428178961 ], [ 11.360198241760965, 44.473599481688012 ], [ 11.360123473276726, 44.473739531795879 ], [ 11.360046261585071, 44.473844009037521 ], [ 11.360016883905637, 44.473880413471221 ], [ 11.360060760079973, 44.473894684767458 ], [ 11.360225784599461, 44.473981496123116 ], [ 11.360260419391215, 44.473999689996496 ], [ 11.360320921027192, 44.474031476817473 ], [ 11.360088124608732, 44.474250750185057 ], [ 11.360141495455711, 44.474298981949055 ], [ 11.36017528224499, 44.474332403287654 ], [ 11.360249902517479, 44.474415033954159 ], [ 11.360541743411234, 44.474692848119062 ], [ 11.36035735321231, 44.474808103287742 ], [ 11.360395052997024, 44.474845009582552 ], [ 11.360387643266607, 44.474884189102156 ], [ 11.360344237522305, 44.474925620848133 ], [ 11.360301799020144, 44.474947360078978 ], [ 11.360263416189017, 44.474955806811792 ], [ 11.360224468224407, 44.474958097529459 ], [ 11.360183840522367, 44.474946828124637 ], [ 11.360161550058505, 44.474914768866455 ], [ 11.360098896307274, 44.474923108772529 ], [ 11.359860510885957, 44.475041739112491 ], [ 11.359597428347291, 44.47476449731505 ], [ 11.359513372885065, 44.474680260725336 ], [ 11.35947260877548, 44.474639060212262 ], [ 11.359438632660556, 44.474607174823909 ], [ 11.359406106303787, 44.474577192320865 ], [ 11.359367379995893, 44.474605559622034 ], [ 11.35927798049978, 44.474762638401174 ], [ 11.359219465554927, 44.474847508084089 ], [ 11.359107995955892, 44.47499297034804 ], [ 11.358933191194732, 44.475180486210121 ], [ 11.358688834366985, 44.475426443442153 ], [ 11.35861629237117, 44.475511504511026 ], [ 11.358539322871978, 44.475604236304996 ], [ 11.358463572478243, 44.475708286144034 ], [ 11.358418431271852, 44.475783984522657 ], [ 11.358378716576178, 44.475861489228677 ], [ 11.358351981599411, 44.475929137090844 ], [ 11.358331972287107, 44.476003901200293 ], [ 11.358308114575202, 44.476112903400825 ], [ 11.358309105913952, 44.476201152579861 ], [ 11.358323072559955, 44.476292815765824 ], [ 11.358361435070522, 44.476396780252827 ], [ 11.358435943314703, 44.47654426557061 ], [ 11.358458694447998, 44.476598962597322 ], [ 11.35847528622495, 44.476636574791861 ], [ 11.358304674601589, 44.476641260919592 ], [ 11.358045248850997, 44.476662311641093 ], [ 11.357952795425117, 44.476671488291409 ], [ 11.357911131711866, 44.476675624033589 ], [ 11.357698630506338, 44.476694979095093 ], [ 11.357634660305644, 44.47670346907222 ], [ 11.357360621451104, 44.476737270645721 ], [ 11.357213007929028, 44.476760119206432 ], [ 11.356965829854506, 44.476798383221244 ], [ 11.356740361226777, 44.476846197699381 ], [ 11.356499022648487, 44.476908058409968 ], [ 11.355970825709599, 44.477058239255946 ], [ 11.355648464346784, 44.477149236377954 ], [ 11.35555352363369, 44.47717277475266 ], [ 11.355447232803396, 44.477186732605652 ], [ 11.355367848269326, 44.477188370593446 ], [ 11.35529161043746, 44.477203647367986 ], [ 11.354880110406937, 44.477334625482662 ], [ 11.354684446666848, 44.477394837914225 ], [ 11.354475768537693, 44.477451644474499 ], [ 11.354369570513221, 44.477478835039427 ], [ 11.354275616381679, 44.477496293248535 ], [ 11.354102621250147, 44.477512752641985 ], [ 11.354024522198568, 44.477521727316727 ], [ 11.353965805744755, 44.477533075054588 ], [ 11.35388750327826, 44.477557968636063 ], [ 11.353843119090399, 44.477563296918191 ], [ 11.353767165580511, 44.477586883417551 ], [ 11.353611236947504, 44.477648461426348 ], [ 11.353412016866999, 44.47774286307115 ], [ 11.353123584657482, 44.477875438796758 ], [ 11.353039388839544, 44.477914895257193 ], [ 11.353007044331752, 44.477940871888336 ], [ 11.352965869159807, 44.477986895678107 ], [ 11.352903836763421, 44.47808469031196 ], [ 11.352874707090248, 44.478144842049502 ], [ 11.352862269350048, 44.478192326072673 ], [ 11.352867599754646, 44.478235769007306 ], [ 11.352903516092615, 44.478361910527646 ], [ 11.35294775714279, 44.478463672442125 ], [ 11.353026162234835, 44.478630441037552 ], [ 11.353052061097161, 44.478703825770538 ], [ 11.353060872837535, 44.478744719415452 ], [ 11.353029178654763, 44.478848042020523 ], [ 11.353019370614488, 44.478889314069569 ], [ 11.352992361357726, 44.478930938877099 ], [ 11.352863659547292, 44.479075895817623 ], [ 11.352757678168301, 44.47917971147394 ], [ 11.352711681881798, 44.479224756917652 ], [ 11.352649356606218, 44.479286035671777 ], [ 11.352598282973947, 44.479336249674617 ], [ 11.352497739127749, 44.479432716731552 ], [ 11.352427382680933, 44.479516496327989 ], [ 11.352349469449203, 44.479632100958156 ], [ 11.352257492950336, 44.479764884204613 ], [ 11.35218061636602, 44.479872760226456 ], [ 11.351997913829452, 44.480129127846745 ], [ 11.351907887311608, 44.480250115928285 ], [ 11.351804876851267, 44.480388551998828 ], [ 11.35156732135254, 44.480714331914577 ], [ 11.351518375979655, 44.480785609082425 ], [ 11.351399988969945, 44.480905435357471 ], [ 11.351290889141259, 44.480987023421925 ], [ 11.351222958956569, 44.481029474457166 ], [ 11.351158226002484, 44.481068347685749 ], [ 11.35110992701668, 44.481099339126075 ], [ 11.350637245803391, 44.481341554829172 ], [ 11.350212579007037, 44.481552343160423 ], [ 11.349675944541584, 44.48182949623726 ], [ 11.349301906820516, 44.482014589019371 ], [ 11.349129222715387, 44.482038848724024 ], [ 11.349075803214815, 44.482114235664547 ], [ 11.349007526068871, 44.482255955182133 ], [ 11.348917004897647, 44.482488137657974 ], [ 11.348894692232401, 44.482547316232932 ], [ 11.348875584596305, 44.482597998821113 ], [ 11.348959235711689, 44.48260995160318 ], [ 11.348996564654637, 44.482609543579876 ], [ 11.349053057868858, 44.482604059833449 ], [ 11.349098088050724, 44.482591789021683 ], [ 11.349152224933619, 44.48258086212978 ], [ 11.349214623269042, 44.482584709512345 ], [ 11.349244670266751, 44.482606418507991 ], [ 11.349266046618368, 44.482643969558602 ], [ 11.349283959513265, 44.482714270417887 ], [ 11.34928636220884, 44.482777239164982 ], [ 11.34929884265164, 44.482887623359822 ], [ 11.349307201576273, 44.482967393510762 ], [ 11.349297736199368, 44.483016652473154 ], [ 11.34945422671583, 44.483027474034046 ], [ 11.349486399176472, 44.48315536808353 ], [ 11.34943499568474, 44.48318978157257 ], [ 11.349431214392418, 44.483232621739553 ], [ 11.349448161998584, 44.483263217567455 ], [ 11.349468779440974, 44.483289689393231 ], [ 11.34944364477087, 44.483327657510991 ], [ 11.349675943968192, 44.48392505552237 ], [ 11.349693760517191, 44.483972581714767 ], [ 11.349755193715501, 44.484201307440536 ], [ 11.349767101630144, 44.484245649489466 ], [ 11.349881317280234, 44.484546953289623 ], [ 11.349927241641236, 44.484657189086953 ], [ 11.349514144925736, 44.484795058597051 ], [ 11.349119579571077, 44.484828093538027 ], [ 11.349049068598482, 44.484840618621895 ], [ 11.349069120078138, 44.484898334867616 ], [ 11.349125694364441, 44.485009126050841 ], [ 11.349142256922939, 44.48503951827869 ], [ 11.349205105052347, 44.485192295356583 ], [ 11.349236183665823, 44.485270882222224 ], [ 11.35028606185303, 44.485143487264665 ], [ 11.353270110235979, 44.484785254203345 ], [ 11.354105996218191, 44.484671440463956 ], [ 11.355743376060294, 44.48447417150107 ], [ 11.35585166616508, 44.48444639184229 ], [ 11.355943669130042, 44.48442746557803 ], [ 11.356014552950269, 44.484415785583273 ], [ 11.356076277731356, 44.484412809238577 ], [ 11.356140019669457, 44.48441726608177 ], [ 11.356223362925432, 44.484441581347141 ], [ 11.356288317771281, 44.484460915069306 ], [ 11.356360941282126, 44.484484685382867 ], [ 11.35647947444224, 44.484562290540346 ], [ 11.356603647601538, 44.48466804459062 ], [ 11.35665053832369, 44.484753189990613 ], [ 11.356681003009315, 44.484790134289376 ], [ 11.356716967004532, 44.484825361683534 ], [ 11.35788470043631, 44.485622329337488 ], [ 11.357934376677923, 44.485666223488849 ], [ 11.357972243595295, 44.485712406043419 ], [ 11.357993982726606, 44.485761471262279 ], [ 11.35800570824987, 44.485807208004083 ], [ 11.358002836669717, 44.48585854879741 ], [ 11.357987473447793, 44.486003546833274 ], [ 11.357967106032522, 44.486082520579579 ], [ 11.357952703293586, 44.486157283037393 ], [ 11.357809171298408, 44.487386853723422 ], [ 11.357670841215921, 44.488532559173329 ], [ 11.357588407587819, 44.489134632727058 ], [ 11.357533840321794, 44.48973344609454 ], [ 11.357540067982828, 44.48992097194234 ], [ 11.357507799022194, 44.490197282327983 ], [ 11.357455051708589, 44.490460251551028 ], [ 11.357441562659437, 44.49058118640697 ], [ 11.357650320825364, 44.490695927954242 ], [ 11.358506446844524, 44.490459636588668 ], [ 11.358657253818558, 44.490410067326401 ], [ 11.358799746320773, 44.49036327952097 ], [ 11.359249547196269, 44.490230739653242 ], [ 11.359383413152461, 44.49019151422911 ], [ 11.359491048506191, 44.490159851043451 ], [ 11.359668288600018, 44.490107753510188 ], [ 11.36025863653215, 44.489930171298347 ], [ 11.360561946155425, 44.48983891694963 ], [ 11.3607234744313, 44.48979020355771 ], [ 11.3609462608557, 44.489723118976052 ], [ 11.361218176216063, 44.48964283545012 ], [ 11.361291519930647, 44.489621179544386 ], [ 11.361536901024236, 44.489547733333161 ], [ 11.361594844402878, 44.489530372268675 ], [ 11.361838152092915, 44.489457548070021 ], [ 11.362580119898571, 44.489235497515928 ], [ 11.362931159219636, 44.489130464430971 ] ] ] } },
{ "type": "Feature", "properties": { "MapCommunity": "C5", "CITY": "Bologna", "COM_ASC2": "37006014", "DEN_ASC2": "Saffi", "is_member": 0, "is_incoming": 0, "CommunityInitial": "C5", "CommunityPrev": "C3", "CommunityFinal": "C3", "Transition": "stabile" }, "geometry": { "type": "Polygon", "coordinates": [ [ [ 11.318458274064723, 44.511078106427824 ], [ 11.3186835088788, 44.511021856984428 ], [ 11.318927801563753, 44.510957657800752 ], [ 11.319142177183679, 44.510903608608743 ], [ 11.319428612568384, 44.510829821489338 ], [ 11.319644911606865, 44.510773570755006 ], [ 11.319896163850261, 44.510710399309176 ], [ 11.320112071847449, 44.510653796432898 ], [ 11.320336674276913, 44.51059440657793 ], [ 11.320544083171816, 44.510539235998053 ], [ 11.320745084079313, 44.510484285340617 ], [ 11.320951245237136, 44.51042625856509 ], [ 11.32122182059576, 44.510349187473651 ], [ 11.321445495548469, 44.510282341262908 ], [ 11.321652017158586, 44.510217555765372 ], [ 11.321841702767262, 44.510159682404421 ], [ 11.321981587207421, 44.510114975197887 ], [ 11.322170905771458, 44.510057379732139 ], [ 11.32230175241598, 44.510016366983884 ], [ 11.322507681534271, 44.50995258047066 ], [ 11.322710543825208, 44.509890746525542 ], [ 11.322912985655551, 44.509827840467203 ], [ 11.323126884878267, 44.509762001012646 ], [ 11.323324809807376, 44.509699456222208 ], [ 11.323546419651828, 44.509631388458622 ], [ 11.323771518886272, 44.50956252902705 ], [ 11.323983539955465, 44.509496995373702 ], [ 11.324186572997705, 44.509433174759835 ], [ 11.324397670274932, 44.509366579736607 ], [ 11.324583363929888, 44.509306532453813 ], [ 11.324728470140576, 44.509260366055969 ], [ 11.324954283538109, 44.509184196764316 ], [ 11.325181323505733, 44.50910728183586 ], [ 11.325341133604027, 44.509054423332934 ], [ 11.325547614491203, 44.508985668673844 ], [ 11.325796721861446, 44.508900561650961 ], [ 11.325966845334966, 44.508841369496601 ], [ 11.326178411030057, 44.508767649601218 ], [ 11.326362718550191, 44.508704477665795 ], [ 11.326591616866368, 44.508623740976496 ], [ 11.326875749822621, 44.508524232921943 ], [ 11.327018401049401, 44.508477325924353 ], [ 11.32724306719688, 44.508397011794678 ], [ 11.327586621616806, 44.508279636680996 ], [ 11.327890687513145, 44.50818161110162 ], [ 11.32808103511403, 44.508124885087838 ], [ 11.328222898759361, 44.508085890597357 ], [ 11.328375375075447, 44.50804803165164 ], [ 11.328595440750624, 44.507998349903012 ], [ 11.328747111317151, 44.507968698333293 ], [ 11.328906855400829, 44.507939602956021 ], [ 11.329083777234551, 44.507912225668001 ], [ 11.329431917025779, 44.507859569928314 ], [ 11.329871315188651, 44.507798747885076 ], [ 11.329976511195413, 44.507784152939685 ], [ 11.33013207671881, 44.507767316207548 ], [ 11.331452228825034, 44.507579666359092 ], [ 11.33194025475381, 44.507514333067427 ], [ 11.332343625970765, 44.5074587369377 ], [ 11.332698198921239, 44.507409900015872 ], [ 11.333191241647489, 44.507344189676552 ], [ 11.333553962238927, 44.507300855181668 ], [ 11.334194216208992, 44.507229519437573 ], [ 11.334751424827939, 44.507170408939011 ], [ 11.334983006379048, 44.507149917730445 ], [ 11.335391930818329, 44.507105454039959 ], [ 11.336702512066429, 44.506947466738929 ], [ 11.337679570980484, 44.50684256897793 ], [ 11.337823038641435, 44.506825046735145 ], [ 11.33804668255863, 44.506795979373209 ], [ 11.338288797868355, 44.506763202260039 ], [ 11.338738144681011, 44.506703042521728 ], [ 11.33981822620599, 44.506558380454337 ], [ 11.339640645015375, 44.505846595939225 ], [ 11.339607096930758, 44.505715620036426 ], [ 11.339408975359198, 44.505647363682343 ], [ 11.338996422249037, 44.505476008386552 ], [ 11.338433271278502, 44.505193513872698 ], [ 11.338384338367863, 44.505167639078053 ], [ 11.337769916653876, 44.504841634191941 ], [ 11.337668526908459, 44.504798214231528 ], [ 11.336626493206165, 44.50427503518921 ], [ 11.336311190761435, 44.504127589753224 ], [ 11.334640408586379, 44.503269411224792 ], [ 11.333635600486497, 44.502773868986395 ], [ 11.333212685307956, 44.502589424795786 ], [ 11.33270506927836, 44.502293378281514 ], [ 11.332141227904501, 44.502006597600293 ], [ 11.331176894726859, 44.50152155711762 ], [ 11.330111610430453, 44.500993192499664 ], [ 11.327162148274899, 44.499491673320215 ], [ 11.326935352192882, 44.49947956258945 ], [ 11.326879055255898, 44.499411004963946 ], [ 11.326795590911878, 44.499303213260823 ], [ 11.326791104597699, 44.499202355173011 ], [ 11.326920014779812, 44.499123448680564 ], [ 11.326973481400389, 44.498913001097343 ], [ 11.327435195522902, 44.497461358620988 ], [ 11.32756346948535, 44.497074269939993 ], [ 11.327271055432238, 44.49704206892298 ], [ 11.32666557843682, 44.496963431995482 ], [ 11.326603246830208, 44.49695617425742 ], [ 11.326495351228608, 44.496943610810554 ], [ 11.325952172807007, 44.496959235829458 ], [ 11.325819938704855, 44.496968051841911 ], [ 11.325366832498398, 44.496992803123661 ], [ 11.324574930871124, 44.497023776940146 ], [ 11.324280057110778, 44.497035309676676 ], [ 11.323666747552302, 44.497053619278482 ], [ 11.323613601152688, 44.497056310745947 ], [ 11.32329184932137, 44.497072605736534 ], [ 11.32301748286527, 44.497088169616333 ], [ 11.322220557327302, 44.497118031074621 ], [ 11.322137349507939, 44.497121147028622 ], [ 11.321785976320951, 44.497138449042147 ], [ 11.32102330175589, 44.497172035671305 ], [ 11.320855186202758, 44.497180288102456 ], [ 11.320715684416344, 44.497186410139854 ], [ 11.320604777068029, 44.497192544896372 ], [ 11.320551875612031, 44.497191684740173 ], [ 11.320417172774528, 44.497178893459015 ], [ 11.320234173483527, 44.497161439050338 ], [ 11.320028779571253, 44.497135219941818 ], [ 11.319317372165617, 44.496995572502115 ], [ 11.319176638123475, 44.496967380936994 ], [ 11.3191303585211, 44.496962505477249 ], [ 11.319039693002523, 44.496966282925627 ], [ 11.318964078420612, 44.496973643671616 ], [ 11.31885533454051, 44.497000106525356 ], [ 11.318779093725666, 44.497020605637005 ], [ 11.318534223413288, 44.497109393375986 ], [ 11.318230557336321, 44.497214245982178 ], [ 11.317997362082211, 44.497289524763417 ], [ 11.31789446153692, 44.497316191239847 ], [ 11.317801230648158, 44.497334279885706 ], [ 11.317321432959451, 44.497408407165643 ], [ 11.317106822154704, 44.49744066072418 ], [ 11.317028921615112, 44.497449109986619 ], [ 11.316936103263656, 44.497459178152582 ], [ 11.316691817095162, 44.497473959642718 ], [ 11.316401116084526, 44.497489318751576 ], [ 11.316087300489073, 44.497501612578695 ], [ 11.315941202213443, 44.497511661701694 ], [ 11.315284238117544, 44.497550231335751 ], [ 11.314990913852055, 44.497566704159851 ], [ 11.314829863121208, 44.497582591673229 ], [ 11.314666120900627, 44.497604843444137 ], [ 11.31441492793652, 44.497645713650954 ], [ 11.313731571139202, 44.497760556269803 ], [ 11.31349036555992, 44.497810303818412 ], [ 11.313008460965397, 44.497925848629983 ], [ 11.311827356007724, 44.498248288890892 ], [ 11.310823167122013, 44.49852260899533 ], [ 11.309781293578451, 44.498808422839062 ], [ 11.309593052178695, 44.498856065074982 ], [ 11.308827145379245, 44.49906106991746 ], [ 11.307706824919586, 44.499369454409845 ], [ 11.306884610080875, 44.499593077397293 ], [ 11.306735437909332, 44.499644791280659 ], [ 11.306402362655621, 44.499760267026083 ], [ 11.306136255428568, 44.499872745976454 ], [ 11.306202409938242, 44.499942312954865 ], [ 11.306286622657582, 44.500068231327859 ], [ 11.306318916916393, 44.500183855321318 ], [ 11.306297417096332, 44.500442364879085 ], [ 11.306233097163327, 44.500820851750518 ], [ 11.305884788458512, 44.501089553352053 ], [ 11.305808660829436, 44.50114688816025 ], [ 11.305886627850219, 44.501210322718954 ], [ 11.305965701672125, 44.501269762027484 ], [ 11.30622213308984, 44.501478841358534 ], [ 11.306459398581001, 44.501673993245113 ], [ 11.306612460169747, 44.501800896940772 ], [ 11.306760049718239, 44.501922360913042 ], [ 11.306868064836575, 44.502011251865639 ], [ 11.307034557215486, 44.502150127081507 ], [ 11.307310236161934, 44.502378260514696 ], [ 11.307386171624913, 44.502423282511572 ], [ 11.307505184339119, 44.502530407646368 ], [ 11.307555449907797, 44.502587423997468 ], [ 11.307968902015647, 44.503164614892711 ], [ 11.308246079048846, 44.503557289138278 ], [ 11.308437665196605, 44.503835640422352 ], [ 11.308473307356687, 44.503898221276991 ], [ 11.308505322167473, 44.503977159333573 ], [ 11.308530665163932, 44.504068435294514 ], [ 11.30859249337373, 44.504312984965225 ], [ 11.308612633121452, 44.504382583498533 ], [ 11.308630599619057, 44.504452225978589 ], [ 11.308648321929311, 44.504515651713703 ], [ 11.30867002005022, 44.504569662268558 ], [ 11.308686879279097, 44.504611325521537 ], [ 11.308717572530282, 44.504672930571715 ], [ 11.308752425945835, 44.504729788141155 ], [ 11.308849734820464, 44.504881834305188 ], [ 11.308965830253419, 44.505069281128307 ], [ 11.309229271659257, 44.505473083288933 ], [ 11.309285594355131, 44.505576833816633 ], [ 11.309666000460682, 44.506295310560773 ], [ 11.30993321332326, 44.506799986850567 ], [ 11.310100779180457, 44.507089228216508 ], [ 11.310175870645583, 44.507202101574961 ], [ 11.310263055239135, 44.507338673380637 ], [ 11.310367129484046, 44.507432338233166 ], [ 11.310498471592798, 44.507557374206193 ], [ 11.310633635494998, 44.507644772141369 ], [ 11.310857012651194, 44.50786204502549 ], [ 11.310497085718895, 44.507960248391356 ], [ 11.310520501286929, 44.5079828021317 ], [ 11.310538648130487, 44.508006182714063 ], [ 11.310561237457645, 44.508028488493757 ], [ 11.310587206464026, 44.508049725675825 ], [ 11.310558971276956, 44.508103719328631 ], [ 11.310544978450993, 44.508166974629361 ], [ 11.310575165298593, 44.50823524139328 ], [ 11.310818704168922, 44.508743939839775 ], [ 11.31155058321743, 44.510161690057579 ], [ 11.311707649839581, 44.510447786250857 ], [ 11.311766340312786, 44.510541052645856 ], [ 11.311824412808599, 44.510618594137391 ], [ 11.311979720147653, 44.510790583823471 ], [ 11.312098285616539, 44.510906988415513 ], [ 11.312453251504259, 44.510870593116564 ], [ 11.312533823559079, 44.51102106828121 ], [ 11.312342681323239, 44.511099064697532 ], [ 11.312251375938692, 44.511145972910327 ], [ 11.31215219396516, 44.511152887342206 ], [ 11.312077548619651, 44.511178238023739 ], [ 11.311982279998022, 44.511179762433301 ], [ 11.311269914193213, 44.511180683977244 ], [ 11.311137673929853, 44.511177167584641 ], [ 11.310847689353288, 44.511163782566811 ], [ 11.31080647118625, 44.511164617845317 ], [ 11.310820667180536, 44.511351528936217 ], [ 11.310833454994665, 44.511512684277562 ], [ 11.310838925953314, 44.511647881189759 ], [ 11.311050766431659, 44.512972834861714 ], [ 11.311329190789312, 44.512900561757355 ], [ 11.311612288995704, 44.512827760304845 ], [ 11.312030960998833, 44.51272187463946 ], [ 11.312552364580418, 44.512589059257429 ], [ 11.312968229404039, 44.512482235835286 ], [ 11.3133711657413, 44.512379365748075 ], [ 11.313760246060871, 44.51227929399839 ], [ 11.314138428416664, 44.512183673950432 ], [ 11.314471589161522, 44.512094906259541 ], [ 11.314850287398205, 44.511999632592627 ], [ 11.315201023118084, 44.511909968024987 ], [ 11.315590351943131, 44.511809975013954 ], [ 11.315990773822165, 44.51170741494802 ], [ 11.316298030690941, 44.511628621053603 ], [ 11.316690612175943, 44.511528288207906 ], [ 11.317033000312835, 44.511440767076131 ], [ 11.317546340648541, 44.511308272564058 ], [ 11.317734788660506, 44.511260243960443 ], [ 11.318131249076952, 44.511159468194485 ], [ 11.31828070214585, 44.511124384016291 ], [ 11.318458274064723, 44.511078106427824 ] ] ] } },
{ "type": "Feature", "properties": { "MapCommunity": "C5", "CITY": "Bologna", "COM_ASC2": "37006015", "DEN_ASC2": "San Donato", "is_member": 1, "is_incoming": 0, "CommunityInitial": "C5", "CommunityPrev": "C5", "CommunityFinal": "C5", "Transition": "stabile" }, "geometry": { "type": "Polygon", "coordinates": [ [ [ 11.395482884700236, 44.543045095740759 ], [ 11.396020196035403, 44.542862209970686 ], [ 11.396745496193169, 44.542610691587491 ], [ 11.397120176797676, 44.542481285424635 ], [ 11.397746406324563, 44.542270080199351 ], [ 11.397839794676068, 44.542238790090764 ], [ 11.397934133639687, 44.542207416018037 ], [ 11.398684742131021, 44.541957778003002 ], [ 11.39929629969655, 44.541753623556012 ], [ 11.398738502124727, 44.540987763265157 ], [ 11.399196060636049, 44.540788536078885 ], [ 11.400053003443958, 44.540430118216079 ], [ 11.400567918411438, 44.54020999282973 ], [ 11.400884436032447, 44.540635133581915 ], [ 11.401294977063202, 44.541179343361868 ], [ 11.401345508892041, 44.541243185771421 ], [ 11.401367720592587, 44.541274574803367 ], [ 11.402059501944951, 44.541070401275007 ], [ 11.403732771665352, 44.540609814222265 ], [ 11.404360425135685, 44.540434007172777 ], [ 11.406009802528294, 44.542792756755574 ], [ 11.406074633161248, 44.542781545984852 ], [ 11.406349686730344, 44.54269782664452 ], [ 11.406681162334428, 44.542589551930526 ], [ 11.407254504991856, 44.542413168986414 ], [ 11.407292136306298, 44.542402813804394 ], [ 11.407454480363921, 44.542359443110705 ], [ 11.408020307731341, 44.542191647470744 ], [ 11.408534394085603, 44.542028323922594 ], [ 11.408970050478615, 44.541890288470114 ], [ 11.409397230393699, 44.541756362569807 ], [ 11.410176254670779, 44.541512604755674 ], [ 11.410806903277809, 44.541314734668724 ], [ 11.411129966913085, 44.541212282752298 ], [ 11.411431267003969, 44.541117001064684 ], [ 11.412106113634541, 44.540903565481564 ], [ 11.412633273514087, 44.540733756142714 ], [ 11.413142546099818, 44.540568821971242 ], [ 11.413743733408399, 44.540381692584397 ], [ 11.414242950795646, 44.540221465576572 ], [ 11.414786689098124, 44.540052978204329 ], [ 11.414888449620832, 44.540021575338024 ], [ 11.414820449300144, 44.53988009627421 ], [ 11.414570959731215, 44.539478024539875 ], [ 11.41432325570684, 44.539081514934054 ], [ 11.413913257105822, 44.538431320548398 ], [ 11.413638263544964, 44.537983071045424 ], [ 11.413425039057877, 44.537639302587849 ], [ 11.41337446913319, 44.537558759435335 ], [ 11.413071003953757, 44.53706835299063 ], [ 11.412819129131396, 44.536665188846676 ], [ 11.412699372296435, 44.536489359518896 ], [ 11.411283964716686, 44.534228477639473 ], [ 11.411253230668585, 44.534194612089877 ], [ 11.410123316090921, 44.532340195879293 ], [ 11.409479147718248, 44.531235806231571 ], [ 11.409259117074718, 44.530878662281935 ], [ 11.409095918230076, 44.530640728197604 ], [ 11.408844186198353, 44.530339428071436 ], [ 11.408592823848426, 44.530018919877698 ], [ 11.408406463907166, 44.529734206596693 ], [ 11.408262372092903, 44.52953976177502 ], [ 11.408134803207922, 44.52930725748633 ], [ 11.407895798557417, 44.529100179967493 ], [ 11.407464372495268, 44.528566358759662 ], [ 11.408294003209486, 44.528227542584588 ], [ 11.409239032181956, 44.527836255022294 ], [ 11.410099841924231, 44.527482178104385 ], [ 11.410539245685737, 44.527304095979829 ], [ 11.410798437552065, 44.527219288239934 ], [ 11.411418790788732, 44.526965931432834 ], [ 11.412499933851425, 44.526519972188943 ], [ 11.413041144830965, 44.526293596097162 ], [ 11.413961887960809, 44.525906155963632 ], [ 11.414020607597458, 44.525880723455103 ], [ 11.414403506762293, 44.525725205989652 ], [ 11.415670004937903, 44.526357844467661 ], [ 11.416032089380879, 44.526547886785849 ], [ 11.416416342663656, 44.526766192939952 ], [ 11.416462807052783, 44.526795118434954 ], [ 11.416502392116461, 44.526820164513175 ], [ 11.4169939450877, 44.527123719758528 ], [ 11.417149661797271, 44.527218419541178 ], [ 11.417412691186755, 44.527378172841892 ], [ 11.417622494962972, 44.527506514095919 ], [ 11.418519849891965, 44.528055228778207 ], [ 11.418646241244485, 44.528140441589713 ], [ 11.418917131729952, 44.528323073105589 ], [ 11.419123225831886, 44.528437432735188 ], [ 11.419276213689216, 44.528522532208044 ], [ 11.419466858168281, 44.528701989162592 ], [ 11.419479761887729, 44.528733048963325 ], [ 11.419531214434734, 44.528868222463501 ], [ 11.419577280258297, 44.528927580978248 ], [ 11.419657514606074, 44.529030963164409 ], [ 11.419755104761803, 44.529203322965742 ], [ 11.419861700923274, 44.529327097757793 ], [ 11.419922308899238, 44.529354545362018 ], [ 11.419955429406894, 44.529366399932641 ], [ 11.419978570066197, 44.529319540912667 ], [ 11.420023961249438, 44.529238118479526 ], [ 11.420065268529322, 44.529171976181104 ], [ 11.420101968539351, 44.529127313457614 ], [ 11.420134836576144, 44.529085541656571 ], [ 11.420175550217525, 44.529043044445139 ], [ 11.420214668574971, 44.529000013883582 ], [ 11.420239018541377, 44.528961239547719 ], [ 11.420251728513898, 44.528926077153777 ], [ 11.42025408995786, 44.528869201312304 ], [ 11.420254400174297, 44.528762851443446 ], [ 11.420265520111442, 44.528718170175075 ], [ 11.420311296668341, 44.528674435746694 ], [ 11.420356324450115, 44.528659981703015 ], [ 11.420410259836812, 44.528652087960289 ], [ 11.420479048271048, 44.52864162050178 ], [ 11.420530773300953, 44.528637148621009 ], [ 11.42056970813376, 44.528627602238842 ], [ 11.420640951606224, 44.528619619535164 ], [ 11.420669956408588, 44.528588621807629 ], [ 11.42070792330192, 44.528565316631308 ], [ 11.420755560041528, 44.528519288341627 ], [ 11.420792515182976, 44.528480803820116 ], [ 11.420841887013967, 44.52841955682868 ], [ 11.420896437038166, 44.528350314676977 ], [ 11.420909250976337, 44.528317976796806 ], [ 11.420909573983291, 44.528269018683588 ], [ 11.420901345024371, 44.528241059397978 ], [ 11.420877843535305, 44.528205549503355 ], [ 11.420836406830652, 44.52815466014318 ], [ 11.420782980452699, 44.528098968317124 ], [ 11.420725154973551, 44.52805124337123 ], [ 11.420677920986302, 44.528012295418137 ], [ 11.420616290560138, 44.527967467998195 ], [ 11.420551573922234, 44.527924389462548 ], [ 11.420500418409324, 44.527885524592733 ], [ 11.420452465072774, 44.527848282474345 ], [ 11.420427544572108, 44.527816176723007 ], [ 11.42041196929433, 44.527782182132718 ], [ 11.420410431923449, 44.527745080187984 ], [ 11.420412642584463, 44.527703399303498 ], [ 11.420419030984409, 44.527667813671989 ], [ 11.42043226419228, 44.527626457217828 ], [ 11.420447184453149, 44.527587881881004 ], [ 11.42048901245146, 44.5275155445336 ], [ 11.420568111078236, 44.52743114926102 ], [ 11.420588942939755, 44.527402582696084 ], [ 11.42062798956545, 44.527395571736143 ], [ 11.420678201359244, 44.5272785993238 ], [ 11.420826709784947, 44.52706614639412 ], [ 11.420864469145847, 44.527011409618638 ], [ 11.420891268051964, 44.526972512075638 ], [ 11.420976601381126, 44.526849167164194 ], [ 11.42098718126603, 44.526819684540961 ], [ 11.420991496626725, 44.526790901942604 ], [ 11.42097833808959, 44.526644328104084 ], [ 11.420970152935514, 44.526560668313991 ], [ 11.420959441824991, 44.526453985001133 ], [ 11.420946224403485, 44.526268029016457 ], [ 11.420936304430711, 44.526180462903099 ], [ 11.420937037447827, 44.526141063071613 ], [ 11.420941760613021, 44.52610326388784 ], [ 11.420965432189508, 44.52606731976234 ], [ 11.420989758246655, 44.526027977698199 ], [ 11.421011242714982, 44.525996014057199 ], [ 11.421045620398411, 44.525952525583534 ], [ 11.42110361428395, 44.525890526625865 ], [ 11.421258720126175, 44.525742636176616 ], [ 11.421330176495189, 44.525664035346644 ], [ 11.421379163044264, 44.52561235426338 ], [ 11.421423899799082, 44.525515194280466 ], [ 11.421517964681106, 44.525317955462924 ], [ 11.421539496433995, 44.525267989247574 ], [ 11.421594323730794, 44.525205492752406 ], [ 11.421639658924789, 44.524781416319563 ], [ 11.421507872319344, 44.524656498520372 ], [ 11.421434553834025, 44.524538764860246 ], [ 11.421372990500672, 44.524438794968077 ], [ 11.421323593429129, 44.524347565003495 ], [ 11.421297348595203, 44.524302547271738 ], [ 11.421271870131843, 44.52424766090185 ], [ 11.421278179396657, 44.524143722425443 ], [ 11.422939074863217, 44.523646533499161 ], [ 11.424215733832131, 44.523234014521051 ], [ 11.424444350067363, 44.523171199808111 ], [ 11.424675478170871, 44.523112281593882 ], [ 11.424977098159481, 44.523027098506546 ], [ 11.425207003051586, 44.522958292506488 ], [ 11.425251627401417, 44.522935678891287 ], [ 11.425325662895112, 44.522898165031712 ], [ 11.425370289792125, 44.522778526466119 ], [ 11.425028261570707, 44.522367978264185 ], [ 11.424676630961256, 44.521945881964456 ], [ 11.424480888929319, 44.521682776787166 ], [ 11.424456701932368, 44.521649532791209 ], [ 11.42443357536826, 44.52159832780702 ], [ 11.424405613505382, 44.521536399061752 ], [ 11.424346032546367, 44.521375255083143 ], [ 11.424305520231592, 44.521265653440814 ], [ 11.424263977331918, 44.521041474035755 ], [ 11.424278646050814, 44.520826225952469 ], [ 11.424307608850569, 44.520690575428198 ], [ 11.424390312886798, 44.520485141820991 ], [ 11.424679003020284, 44.520031694389615 ], [ 11.42471951263836, 44.519927865525851 ], [ 11.424727699344263, 44.519859616205338 ], [ 11.424715089602783, 44.519669705366937 ], [ 11.424716829164039, 44.519635941292513 ], [ 11.425227320415821, 44.519467521248565 ], [ 11.425964411346376, 44.519226228535686 ], [ 11.426350202843842, 44.519104377920385 ], [ 11.426460178348893, 44.519061833948129 ], [ 11.426788831585366, 44.519590800966618 ], [ 11.427276215577571, 44.520361964903699 ], [ 11.42731811150572, 44.520430455685855 ], [ 11.427555459930449, 44.52081846909936 ], [ 11.428054586546592, 44.520623307401713 ], [ 11.428708676201561, 44.52035282255904 ], [ 11.429183343572246, 44.520155361232959 ], [ 11.429959564918121, 44.519853009984018 ], [ 11.43029947015296, 44.519708790045428 ], [ 11.430369507899492, 44.519629973331988 ], [ 11.429500957969395, 44.518545040073299 ], [ 11.42866700694584, 44.517495988014026 ], [ 11.426975109811845, 44.515367428971672 ], [ 11.43259521370733, 44.513532265835529 ], [ 11.433703780174842, 44.51317043708351 ], [ 11.43367114366751, 44.513122764014334 ], [ 11.433501882059137, 44.512872058690476 ], [ 11.433399625632905, 44.512720580418758 ], [ 11.433202698617901, 44.51242886811869 ], [ 11.432970047656083, 44.512057642054017 ], [ 11.432874208762257, 44.511904729238566 ], [ 11.432584012466274, 44.511412397653686 ], [ 11.432453970019779, 44.511197424171577 ], [ 11.432193102792137, 44.510824309418659 ], [ 11.432004542669347, 44.510576172690399 ], [ 11.431758049671268, 44.510251795659798 ], [ 11.431723787983392, 44.510207285019995 ], [ 11.431219411198095, 44.509552075666527 ], [ 11.431045398891017, 44.50933242661943 ], [ 11.430442435849091, 44.508571323158357 ], [ 11.429281960895588, 44.509001296843195 ], [ 11.428297565382348, 44.50845869496473 ], [ 11.428207975645766, 44.508409310527625 ], [ 11.428030568862464, 44.508351237600166 ], [ 11.42771541522113, 44.508254053054671 ], [ 11.427615361128892, 44.50823879073252 ], [ 11.427405205215102, 44.508194032191177 ], [ 11.427170893026352, 44.508156072491957 ], [ 11.426750273504242, 44.508094165361911 ], [ 11.426366999675579, 44.508034794701182 ], [ 11.425315573922276, 44.507893293600702 ], [ 11.425297270575546, 44.507931224054445 ], [ 11.425206476212864, 44.507920008481769 ], [ 11.425218254972396, 44.507873395959848 ], [ 11.424933030796895, 44.507835033311267 ], [ 11.424709091614274, 44.508059955120537 ], [ 11.424035224523749, 44.508016476212937 ], [ 11.423899790601283, 44.508118262375739 ], [ 11.423235483394661, 44.508136964361263 ], [ 11.423261672134176, 44.508302408350154 ], [ 11.42307357763457, 44.508316880235043 ], [ 11.422430127902453, 44.508303287332623 ], [ 11.421680533521116, 44.508308634364674 ], [ 11.420561346850873, 44.508411211591792 ], [ 11.41921385640708, 44.508542458997006 ], [ 11.417952560187237, 44.508659268326625 ], [ 11.41689975896705, 44.508757509065028 ], [ 11.416435440022031, 44.508849810777811 ], [ 11.41592125106957, 44.50906009129919 ], [ 11.415449125892158, 44.509253868981595 ], [ 11.415086141475802, 44.509341392114777 ], [ 11.414494331395881, 44.509419594354092 ], [ 11.413775672446073, 44.509436683803628 ], [ 11.413376442103688, 44.50939597210759 ], [ 11.412889106294539, 44.509332365295293 ], [ 11.412651700552459, 44.509300020934852 ], [ 11.412138299802544, 44.509207410923104 ], [ 11.411829826464865, 44.50911375394989 ], [ 11.411408270143504, 44.508917517064155 ], [ 11.410749497791297, 44.508605499574344 ], [ 11.409791296587295, 44.508180848153479 ], [ 11.408806470981533, 44.507887087731056 ], [ 11.407858001047719, 44.507703235671961 ], [ 11.406936478040386, 44.507533683347368 ], [ 11.405297302230421, 44.507324062121072 ], [ 11.402266999964402, 44.506937039994959 ], [ 11.401692809344123, 44.506842274520913 ], [ 11.401348189372889, 44.506768453982552 ], [ 11.400772829132428, 44.506709060634691 ], [ 11.399624865911539, 44.506707402611035 ], [ 11.399211350903828, 44.506747041855391 ], [ 11.39860834485437, 44.506805854215152 ], [ 11.397839362448122, 44.506830649842051 ], [ 11.397792520503705, 44.506827290060151 ], [ 11.397745614281787, 44.506805433145203 ], [ 11.397698655259791, 44.506776982043114 ], [ 11.397657027445945, 44.506752786085372 ], [ 11.397616420787536, 44.50674729039163 ], [ 11.397576354175261, 44.506745698554582 ], [ 11.397476989800122, 44.506758501283478 ], [ 11.397366798434073, 44.506771079385025 ], [ 11.397232840108556, 44.506753094966477 ], [ 11.396968758086388, 44.506685002316786 ], [ 11.396851440666017, 44.506669306666936 ], [ 11.396734271017081, 44.506653746433109 ], [ 11.396759189114384, 44.506574627272656 ], [ 11.396715238778736, 44.506518041702499 ], [ 11.396671571474752, 44.506522023913071 ], [ 11.396264262930941, 44.506558996041335 ], [ 11.396209356083514, 44.506559010721027 ], [ 11.396116217984812, 44.5065606192152 ], [ 11.395996985604214, 44.506566820203332 ], [ 11.395833311550708, 44.506575332129259 ], [ 11.395667885031134, 44.506584642216012 ], [ 11.395586854269991, 44.50658631757203 ], [ 11.395515189725581, 44.50658621906571 ], [ 11.395471825903105, 44.506586159499641 ], [ 11.395322753258926, 44.506567954360222 ], [ 11.395109094656117, 44.506543223349354 ], [ 11.394858196979241, 44.506515159044532 ], [ 11.394367374273948, 44.50645815853828 ], [ 11.394124720780773, 44.506428182197006 ], [ 11.393935500606501, 44.506405029520472 ], [ 11.393774246727373, 44.506385298910487 ], [ 11.392916531496786, 44.506279920179807 ], [ 11.391040172825202, 44.506030671313724 ], [ 11.389531710377884, 44.50583409000992 ], [ 11.388789034685221, 44.505732893394111 ], [ 11.38876872395319, 44.505817670654068 ], [ 11.388644980669271, 44.505802956269008 ], [ 11.388522320405812, 44.505788329819651 ], [ 11.38721964151979, 44.505614009019588 ], [ 11.386753101230374, 44.505551570502028 ], [ 11.386630739501774, 44.505527931409041 ], [ 11.386459250927052, 44.505508829351648 ], [ 11.386309468860723, 44.505494496553965 ], [ 11.386132107132768, 44.505485601455007 ], [ 11.386031083309428, 44.505485372479384 ], [ 11.38588853167145, 44.505481780197869 ], [ 11.38565699939759, 44.505477166574337 ], [ 11.385514339013438, 44.505483208842193 ], [ 11.385225755059826, 44.505495451053662 ], [ 11.384867533914397, 44.505512208306172 ], [ 11.38451302844329, 44.505542930817569 ], [ 11.384297531412882, 44.505558235241125 ], [ 11.384083309733148, 44.505561629235423 ], [ 11.383903920972795, 44.50556780638901 ], [ 11.383662955707045, 44.505569416531046 ], [ 11.383519886480617, 44.505565472893906 ], [ 11.38331188003899, 44.505554692560395 ], [ 11.382966608739549, 44.505528051178153 ], [ 11.382691235162456, 44.505503370759257 ], [ 11.382334789062774, 44.505458686408524 ], [ 11.38196153202345, 44.505418734182783 ], [ 11.381915200772935, 44.505417299072356 ], [ 11.381773033931069, 44.505399458759008 ], [ 11.381705646105733, 44.505390914258093 ], [ 11.381653350744118, 44.50538432257445 ], [ 11.381592414401984, 44.505376592272633 ], [ 11.381551979475288, 44.505371700346224 ], [ 11.381448673655688, 44.505358403583259 ], [ 11.381398755727862, 44.505352115084641 ], [ 11.381248625788411, 44.505333124066411 ], [ 11.381098260358216, 44.505312178804232 ], [ 11.380864505579094, 44.505271501518429 ], [ 11.380718838471884, 44.505240780903705 ], [ 11.380578218768633, 44.50521040496924 ], [ 11.380373799663012, 44.505164163476422 ], [ 11.380146801291815, 44.505103987409584 ], [ 11.3799871218982, 44.505056633201434 ], [ 11.379878112628656, 44.505027127773879 ], [ 11.379642288780767, 44.504954082777417 ], [ 11.379525403872035, 44.504907275311389 ], [ 11.37937664729775, 44.504853120681524 ], [ 11.379238063387428, 44.504795512905808 ], [ 11.379103097923633, 44.504743320211915 ], [ 11.378967510363976, 44.504682047730014 ], [ 11.378846126257789, 44.504623541768275 ], [ 11.378707340879993, 44.504557833432408 ], [ 11.378546482127163, 44.504478272586312 ], [ 11.378394034078189, 44.504395204421229 ], [ 11.378223242148891, 44.504294154791346 ], [ 11.378008330423361, 44.504172236905752 ], [ 11.377838986132708, 44.504060353457326 ], [ 11.377720881397636, 44.503980349166874 ], [ 11.377605596199972, 44.503892367367264 ], [ 11.377477747451334, 44.503798522669705 ], [ 11.377301038431684, 44.503650870654802 ], [ 11.377133612830836, 44.503508696659054 ], [ 11.37701387899199, 44.503391727696723 ], [ 11.376906719031075, 44.503277734112267 ], [ 11.376784513409731, 44.503149294884956 ], [ 11.376638178396423, 44.502972022021453 ], [ 11.376519300066407, 44.502823344772295 ], [ 11.376427647378597, 44.502700838241822 ], [ 11.376378694917324, 44.502616783949698 ], [ 11.376342241361062, 44.502561727792937 ], [ 11.376275413393055, 44.502458780075855 ], [ 11.376168623451795, 44.502270149470505 ], [ 11.376076449903772, 44.502088325648863 ], [ 11.37601012040928, 44.501951249450144 ], [ 11.375935170025411, 44.501756734389623 ], [ 11.375839954614026, 44.501500229826696 ], [ 11.375468450170599, 44.501610517750208 ], [ 11.375427266126588, 44.50129226242364 ], [ 11.375383009391875, 44.500950254702317 ], [ 11.375274299251151, 44.500116634230736 ], [ 11.3752243525752, 44.499730868940851 ], [ 11.375137313311287, 44.499463111415309 ], [ 11.375126902917488, 44.499395720491037 ], [ 11.37510892022048, 44.499228646769232 ], [ 11.37509481158974, 44.499129013544824 ], [ 11.375087401491731, 44.499048775631678 ], [ 11.375089482054985, 44.498974238737709 ], [ 11.375076339637966, 44.498912883257482 ], [ 11.375030635743853, 44.498580381498591 ], [ 11.374973144783135, 44.498165211217305 ], [ 11.374951736007796, 44.497999854391892 ], [ 11.374918894633263, 44.497746193274658 ], [ 11.374877033650604, 44.497415411960098 ], [ 11.374816774016301, 44.496959877556193 ], [ 11.37478874813949, 44.496746741212597 ], [ 11.374753714362416, 44.496472534013776 ], [ 11.374732610068696, 44.496281219038707 ], [ 11.3747157674173, 44.496095667074982 ], [ 11.374706344439657, 44.495953444107954 ], [ 11.374700434274933, 44.495838875103068 ], [ 11.374695232756112, 44.495711618423471 ], [ 11.374695578833894, 44.495646638710248 ], [ 11.374659952814525, 44.495663134344234 ], [ 11.374622387895053, 44.495676888503731 ], [ 11.374411625832115, 44.495757208499263 ], [ 11.374037873342907, 44.495908275257477 ], [ 11.37336087261782, 44.496177880347531 ], [ 11.373146637016442, 44.496264002162533 ], [ 11.372720699894796, 44.49643522863478 ], [ 11.372077907843787, 44.496691088311152 ], [ 11.37108030687372, 44.497090514734339 ], [ 11.37063804915635, 44.497265998437264 ], [ 11.370550522849795, 44.497151666639319 ], [ 11.36983278162265, 44.497444653648202 ], [ 11.369653684854859, 44.497517397073842 ], [ 11.369117282606936, 44.497736718147586 ], [ 11.368473427682066, 44.497995955503228 ], [ 11.367313181770681, 44.498469338741685 ], [ 11.365668915403344, 44.499133754921452 ], [ 11.365552307637326, 44.499180878209913 ], [ 11.365481987096349, 44.499208677862498 ], [ 11.365409865693529, 44.49922557485845 ], [ 11.364850731238322, 44.499452139317128 ], [ 11.364598419728191, 44.499554502971826 ], [ 11.363985229268305, 44.499803493802212 ], [ 11.363590477431504, 44.499964935993162 ], [ 11.363359026043172, 44.500064345157206 ], [ 11.36310698561196, 44.500174261156552 ], [ 11.362339590825004, 44.500514415616742 ], [ 11.361901251788147, 44.500711368859626 ], [ 11.361578723543373, 44.500854516286189 ], [ 11.361312539979339, 44.500972464016776 ], [ 11.360913999279605, 44.501142753709956 ], [ 11.360855824335882, 44.501166193233665 ], [ 11.360785525631982, 44.501214461385793 ], [ 11.360700627044741, 44.501273184527008 ], [ 11.359884000032915, 44.5016003856636 ], [ 11.358506250461398, 44.502149085975731 ], [ 11.357833452757415, 44.502416971556279 ], [ 11.357265268867042, 44.502643330072601 ], [ 11.356512505089556, 44.502943733451104 ], [ 11.355354901801773, 44.503405680742368 ], [ 11.354434379069449, 44.503773501265449 ], [ 11.353666908133647, 44.504082958572887 ], [ 11.353727604526357, 44.504219523832482 ], [ 11.353809553124249, 44.504404480781965 ], [ 11.354069460588889, 44.504929308672203 ], [ 11.354120640393743, 44.505032651518952 ], [ 11.354419542504333, 44.505636499255822 ], [ 11.354762643401157, 44.506350271327534 ], [ 11.354798862481385, 44.506422715959452 ], [ 11.354937381624168, 44.506699813957887 ], [ 11.355103289452757, 44.507044517751865 ], [ 11.355197312944856, 44.507223551983657 ], [ 11.355455193223001, 44.507730455485714 ], [ 11.355479728155808, 44.507798592883198 ], [ 11.355903995012181, 44.508697730903116 ], [ 11.356403094424785, 44.509718593692114 ], [ 11.356482857394326, 44.509871573361721 ], [ 11.356798846654426, 44.510519817895101 ], [ 11.356865916111575, 44.510641405441817 ], [ 11.356946828925283, 44.510815098423897 ], [ 11.357192721449549, 44.511316978724359 ], [ 11.357285177422005, 44.511505217990504 ], [ 11.357612964362488, 44.512172593580942 ], [ 11.357864988723538, 44.512685925671967 ], [ 11.357882998607538, 44.512720715861228 ], [ 11.358538118721485, 44.5140597848346 ], [ 11.358811395622139, 44.514618343736956 ], [ 11.359494020563835, 44.516025621571522 ], [ 11.359617100504156, 44.516273181018214 ], [ 11.359690830737815, 44.516409926246332 ], [ 11.359739713733456, 44.516494323874539 ], [ 11.360189391392863, 44.51718082648064 ], [ 11.360356223722038, 44.517435516131769 ], [ 11.360676179346918, 44.517959011497155 ], [ 11.360767563497946, 44.518119973270345 ], [ 11.360796200904884, 44.518170408376832 ], [ 11.360820715096256, 44.518213588970063 ], [ 11.360966474210223, 44.518518436397436 ], [ 11.361194023591441, 44.519023575757487 ], [ 11.361459636424188, 44.519560400302908 ], [ 11.361773303307103, 44.520044841614727 ], [ 11.36196701783102, 44.520337016467899 ], [ 11.362093403301989, 44.520527639180145 ], [ 11.362695367008422, 44.5212841456474 ], [ 11.363147610270234, 44.521860359377854 ], [ 11.363464001309941, 44.522266139136683 ], [ 11.363727562255109, 44.522620950238547 ], [ 11.363788349477778, 44.522702766084926 ], [ 11.363821138783917, 44.522746372412719 ], [ 11.363850019020376, 44.522784178317721 ], [ 11.363891947234118, 44.522841731170558 ], [ 11.364309887535692, 44.522648517933625 ], [ 11.365438847982094, 44.522107752902926 ], [ 11.366497275845857, 44.521599840701327 ], [ 11.366539240110288, 44.521579704371014 ], [ 11.366969229731883, 44.521374458030451 ], [ 11.367337793281122, 44.521198527808373 ], [ 11.367401701233167, 44.521168023370954 ], [ 11.368086023691816, 44.52084086536604 ], [ 11.368697301328066, 44.520546128335646 ], [ 11.368734798626088, 44.520528048243165 ], [ 11.369658159525216, 44.520089574972793 ], [ 11.370215314135596, 44.519822313671369 ], [ 11.370468821400088, 44.519698911855386 ], [ 11.370785231155798, 44.519544868273464 ], [ 11.37109184941654, 44.519398662257757 ], [ 11.371276068722619, 44.519310819300379 ], [ 11.371515534652488, 44.519196608553727 ], [ 11.371674935206192, 44.519118586498891 ], [ 11.371794479354694, 44.519055450733568 ], [ 11.371838489081066, 44.519023053489249 ], [ 11.371884427320419, 44.519008067597184 ], [ 11.37199492485753, 44.519115343389572 ], [ 11.372077768176256, 44.51920024263972 ], [ 11.3722181090354, 44.519322541785911 ], [ 11.37241675525811, 44.519497968380669 ], [ 11.373837888111977, 44.520909566881052 ], [ 11.373903991749224, 44.520990212588906 ], [ 11.373948338761862, 44.521055955081657 ], [ 11.373985914382333, 44.521135871549525 ], [ 11.374006283192054, 44.521214383159524 ], [ 11.374016982238073, 44.521296623067194 ], [ 11.374006344076811, 44.521396834684104 ], [ 11.373969389275315, 44.521513375066334 ], [ 11.373926810737357, 44.521596713968925 ], [ 11.373846332521133, 44.521728194400517 ], [ 11.373800494935251, 44.521807206885711 ], [ 11.373766757156313, 44.521851769768887 ], [ 11.373741817998692, 44.521882743086458 ], [ 11.373825911339177, 44.521954420903775 ], [ 11.374082113102258, 44.522299505093443 ], [ 11.374133022951561, 44.522347113121612 ], [ 11.374203047350132, 44.522396269016639 ], [ 11.374289469621985, 44.522447036451211 ], [ 11.374606214965493, 44.522607867228302 ], [ 11.374639632310137, 44.522626634660895 ], [ 11.375018235252002, 44.522893810073477 ], [ 11.375417190118867, 44.52317213887391 ], [ 11.375529437865644, 44.523229128851568 ], [ 11.375596116345649, 44.523262789017053 ], [ 11.375679337961616, 44.523301936698537 ], [ 11.375796398384589, 44.523348501234921 ], [ 11.375901840702936, 44.523382603980252 ], [ 11.376012068870896, 44.523404796575953 ], [ 11.376218384148599, 44.523428121785642 ], [ 11.376295688992531, 44.523430347620433 ], [ 11.376360161326055, 44.523433605764495 ], [ 11.376417079111837, 44.523435490713119 ], [ 11.37647847128461, 44.523441881880743 ], [ 11.376565505198775, 44.523448172189141 ], [ 11.37665674937835, 44.523450062553835 ], [ 11.37676598828644, 44.523451578171866 ], [ 11.376849600014161, 44.523448324802629 ], [ 11.376907789670687, 44.523445591726556 ], [ 11.377015601531964, 44.523438044252423 ], [ 11.377110610187668, 44.523428476650381 ], [ 11.377192730899266, 44.523425074028182 ], [ 11.377262065264796, 44.523425322588523 ], [ 11.377329622363009, 44.523432333019841 ], [ 11.377391085675537, 44.523443871668654 ], [ 11.377446865558438, 44.523460157762528 ], [ 11.37753809809209, 44.523501000764789 ], [ 11.377629847768418, 44.523556372027869 ], [ 11.377858250068948, 44.523729089631892 ], [ 11.378203586134534, 44.523997083322598 ], [ 11.3784620600974, 44.524214094967384 ], [ 11.378543578033439, 44.524287227332195 ], [ 11.378675820193029, 44.5244058628926 ], [ 11.37873635828403, 44.524458003548048 ], [ 11.378812254922591, 44.524515233736757 ], [ 11.378902413699441, 44.524568519721228 ], [ 11.378951394208173, 44.524585072810432 ], [ 11.379018959207414, 44.524598635923397 ], [ 11.379036811135627, 44.524630067142731 ], [ 11.379048405460004, 44.524663486900906 ], [ 11.379072435905799, 44.524701029006025 ], [ 11.379108785221439, 44.524739782671716 ], [ 11.37946166093089, 44.525034127843249 ], [ 11.379517089871733, 44.525078542368895 ], [ 11.379969756642371, 44.525441249681052 ], [ 11.380443763432323, 44.525827924142583 ], [ 11.380633337034256, 44.525981261239366 ], [ 11.381265101593403, 44.526518873532005 ], [ 11.382260868424853, 44.527423973367704 ], [ 11.384026905873764, 44.529024324970919 ], [ 11.384165588140492, 44.5291867294236 ], [ 11.38465033863578, 44.529830362323573 ], [ 11.384740767766601, 44.529933180732286 ], [ 11.384822409352811, 44.5300265769555 ], [ 11.384930510791561, 44.53012294028516 ], [ 11.38514853155127, 44.530284957919527 ], [ 11.385470900441305, 44.530525878541887 ], [ 11.385908446282487, 44.530827468053381 ], [ 11.38639380540652, 44.531180072925459 ], [ 11.386883015747605, 44.531532409727234 ], [ 11.38735528460046, 44.531897594240633 ], [ 11.387578910065313, 44.532095031045017 ], [ 11.387782773020572, 44.532307473900119 ], [ 11.38788249281513, 44.532411071304004 ], [ 11.388071799567669, 44.532607743214598 ], [ 11.38860782197936, 44.533177870826137 ], [ 11.388920317781018, 44.533529068380098 ], [ 11.38946112402313, 44.53416567986622 ], [ 11.389903903968618, 44.534688553319455 ], [ 11.390744661740175, 44.535748047473156 ], [ 11.390844090280243, 44.53587379633791 ], [ 11.391168907380029, 44.536284580981608 ], [ 11.391232074501328, 44.53636446951905 ], [ 11.391534398393352, 44.536739570148534 ], [ 11.391867975143576, 44.53719575709291 ], [ 11.392137629157054, 44.537578803865223 ], [ 11.392494115857716, 44.538098076509058 ], [ 11.393007801686551, 44.538834061584957 ], [ 11.39308709266032, 44.538957913342855 ], [ 11.393114486410221, 44.539000702378246 ], [ 11.393288987248599, 44.539290442279714 ], [ 11.393589522858434, 44.539811918825968 ], [ 11.393847471412755, 44.540301301524956 ], [ 11.393988607097407, 44.54060563178875 ], [ 11.394138231850278, 44.540939302169711 ], [ 11.394300753501312, 44.541291796159683 ], [ 11.394387458648488, 44.541505674162529 ], [ 11.394413223304401, 44.541548587065684 ], [ 11.394366650482887, 44.541562289040371 ], [ 11.394659105554821, 44.54196014567902 ], [ 11.395079989556526, 44.542707515005894 ], [ 11.395307087725543, 44.543026843902958 ], [ 11.395432118339166, 44.542987079394493 ], [ 11.395482884700236, 44.543045095740759 ] ] ] } },
{ "type": "Feature", "properties": { "MapCommunity": "C5", "CITY": "Bologna", "COM_ASC2": "37006016", "DEN_ASC2": "S. Ruffillo", "is_member": 0, "is_incoming": 0, "CommunityInitial": "C2", "CommunityPrev": "C2", "CommunityFinal": "C2", "Transition": "stabile" }, "geometry": { "type": "Polygon", "coordinates": [ [ [ 11.359367379995893, 44.474605559622034 ], [ 11.359406106303787, 44.474577192320865 ], [ 11.359438632660556, 44.474607174823909 ], [ 11.35947260877548, 44.474639060212262 ], [ 11.359513372885065, 44.474680260725336 ], [ 11.359597428347291, 44.47476449731505 ], [ 11.359860510885957, 44.475041739112491 ], [ 11.360098896307274, 44.474923108772529 ], [ 11.360161550058505, 44.474914768866455 ], [ 11.360183840522367, 44.474946828124637 ], [ 11.360224468224407, 44.474958097529459 ], [ 11.360263416189017, 44.474955806811792 ], [ 11.360301799020144, 44.474947360078978 ], [ 11.360344237522305, 44.474925620848133 ], [ 11.360387643266607, 44.474884189102156 ], [ 11.360395052997024, 44.474845009582552 ], [ 11.36035735321231, 44.474808103287742 ], [ 11.360541743411234, 44.474692848119062 ], [ 11.360249902517479, 44.474415033954159 ], [ 11.36017528224499, 44.474332403287654 ], [ 11.360141495455711, 44.474298981949055 ], [ 11.360088124608732, 44.474250750185057 ], [ 11.360320921027192, 44.474031476817473 ], [ 11.360260419391215, 44.473999689996496 ], [ 11.360225784599461, 44.473981496123116 ], [ 11.360060760079973, 44.473894684767458 ], [ 11.360016883905637, 44.473880413471221 ], [ 11.360046261585071, 44.473844009037521 ], [ 11.360123473276726, 44.473739531795879 ], [ 11.360198241760965, 44.473599481688012 ], [ 11.360289066186295, 44.473426428178961 ], [ 11.360296304642974, 44.473390485936385 ], [ 11.360313949302444, 44.473288968678332 ], [ 11.360323464894083, 44.473039788531167 ], [ 11.360331601062274, 44.472918239002318 ], [ 11.360361233237722, 44.472737115851245 ], [ 11.360403343489796, 44.4725464448804 ], [ 11.36042135307896, 44.472438024047442 ], [ 11.360594055265334, 44.472448694996949 ], [ 11.361009246622311, 44.472340629633507 ], [ 11.361271135139912, 44.472275166262499 ], [ 11.361349583198647, 44.472242259465595 ], [ 11.361950174083152, 44.472175143407938 ], [ 11.362262935551229, 44.472189557717229 ], [ 11.362712241364326, 44.472119941554851 ], [ 11.362735197658294, 44.472177893361021 ], [ 11.362946012862807, 44.472709630744106 ], [ 11.363001086983468, 44.472874858059512 ], [ 11.363258777763962, 44.473228724081345 ], [ 11.363323879820616, 44.473318122602038 ], [ 11.363489338479877, 44.473458196794994 ], [ 11.363650140440605, 44.473601248900572 ], [ 11.363963944429861, 44.473840520326995 ], [ 11.364057996465634, 44.473896638531137 ], [ 11.364134325967228, 44.473921237353032 ], [ 11.364286273881056, 44.473731760695962 ], [ 11.364556188027045, 44.473380655323858 ], [ 11.364623681658541, 44.473290106212247 ], [ 11.364674938070687, 44.473238106789893 ], [ 11.364740303586268, 44.473183270031612 ], [ 11.364819782598891, 44.473125581417868 ], [ 11.364948305910504, 44.473049063233098 ], [ 11.365220513959935, 44.47293316044702 ], [ 11.365741392610833, 44.472730306072251 ], [ 11.366025367385225, 44.47261413049776 ], [ 11.366393088615073, 44.472473135498028 ], [ 11.366914219733859, 44.472264257681012 ], [ 11.367609647194207, 44.472001148130886 ], [ 11.367691385446321, 44.471986642090052 ], [ 11.367762612110898, 44.471982031828212 ], [ 11.367891023850129, 44.471986570342956 ], [ 11.367997173793089, 44.472000574024001 ], [ 11.368129505361631, 44.472023684367279 ], [ 11.368177669395406, 44.472053150024649 ], [ 11.368211697147379, 44.472078432833058 ], [ 11.368246093388318, 44.472113163428681 ], [ 11.368573124111897, 44.472550077399482 ], [ 11.368596965104555, 44.472608522809118 ], [ 11.368667446364197, 44.472581438928273 ], [ 11.368999695152061, 44.472566856109552 ], [ 11.369566521938031, 44.472587923108833 ], [ 11.369997615139825, 44.472646503262062 ], [ 11.370037664497151, 44.472600668623564 ], [ 11.370092063895635, 44.472564537931213 ], [ 11.370164629153269, 44.472545530210901 ], [ 11.370553455542572, 44.472489949588308 ], [ 11.370604980454884, 44.472468875791741 ], [ 11.370628285949982, 44.472440888834463 ], [ 11.370622619456665, 44.472300990714452 ], [ 11.370645725146456, 44.472268010553329 ], [ 11.370689975585444, 44.47223958951372 ], [ 11.370817241051485, 44.472191942399711 ], [ 11.37104457157176, 44.472114713793964 ], [ 11.371389091262749, 44.472000040990963 ], [ 11.371437034722836, 44.471976546594028 ], [ 11.371480664424668, 44.471933130790141 ], [ 11.371581989322969, 44.47184851684429 ], [ 11.371859978029011, 44.471642723876037 ], [ 11.372165054944883, 44.471416361719605 ], [ 11.372430393373387, 44.471219886856431 ], [ 11.372849963869099, 44.470916550360357 ], [ 11.372925176671629, 44.470852518701669 ], [ 11.372992989651589, 44.47090606008544 ], [ 11.373262961170457, 44.471136584369447 ], [ 11.373411218546906, 44.471255035438304 ], [ 11.373443163484614, 44.471227454345616 ], [ 11.373547046261232, 44.471166238168514 ], [ 11.373517035864039, 44.471142373255354 ], [ 11.373603625472233, 44.471091960519971 ], [ 11.373792934893933, 44.470979543463159 ], [ 11.373870853062858, 44.47093543081963 ], [ 11.373821811740367, 44.470884009531709 ], [ 11.373847726989153, 44.470864251845157 ], [ 11.373895622690926, 44.470835534990123 ], [ 11.374118936908685, 44.471034070746938 ], [ 11.37440248680387, 44.471270296662027 ], [ 11.374499779984879, 44.47135664164184 ], [ 11.374565986569371, 44.471406516326176 ], [ 11.374618839427256, 44.471431929581961 ], [ 11.374673669341059, 44.471444931197766 ], [ 11.374733219644861, 44.471452524849035 ], [ 11.374792325248663, 44.471449529846957 ], [ 11.37484390474703, 44.471443154261664 ], [ 11.374907018350562, 44.471417102955179 ], [ 11.375168911648325, 44.471300193658983 ], [ 11.375450304564762, 44.471174315604834 ], [ 11.375543826827796, 44.471124070424509 ], [ 11.375612391951506, 44.471082393780762 ], [ 11.375698884945757, 44.471032280352553 ], [ 11.375744498148004, 44.471013232215391 ], [ 11.375830771099103, 44.471000601137483 ], [ 11.375931963786121, 44.470993203271092 ], [ 11.376001735979292, 44.470986351278299 ], [ 11.376059278233162, 44.470982333053399 ], [ 11.376133712468917, 44.470976972001679 ], [ 11.376184305388648, 44.470971300544413 ], [ 11.3764108159539, 44.470945666867593 ], [ 11.377131074657807, 44.470864359912838 ], [ 11.377352099098182, 44.470851140677901 ], [ 11.377548412178214, 44.47084980599611 ], [ 11.38029853208527, 44.470538081270696 ], [ 11.380932725886826, 44.470472442212312 ], [ 11.381157588177544, 44.470444156108897 ], [ 11.381337946376986, 44.470406102865027 ], [ 11.382335660967934, 44.470119493945219 ], [ 11.382589851004832, 44.470044194392436 ], [ 11.383397187266898, 44.469782083635124 ], [ 11.383612022967574, 44.469714832571277 ], [ 11.384774178691284, 44.469357735060441 ], [ 11.385359776813802, 44.469181058076082 ], [ 11.385072815328357, 44.468173260838206 ], [ 11.384910475706727, 44.467487687916396 ], [ 11.384792788517666, 44.466864207370122 ], [ 11.384778908011162, 44.466705586777501 ], [ 11.3848676448955, 44.466685380202179 ], [ 11.384890835381887, 44.466640535317993 ], [ 11.384902242984214, 44.466608878759892 ], [ 11.384933827454754, 44.466563385860503 ], [ 11.384959224818093, 44.466544940039348 ], [ 11.385331794121166, 44.466390976393591 ], [ 11.385267830614247, 44.466190318548094 ], [ 11.385392364262673, 44.466007101311241 ], [ 11.385449300407384, 44.465944752257691 ], [ 11.385290894653371, 44.465886949879042 ], [ 11.385205858014459, 44.465834596699821 ], [ 11.385031362011484, 44.465681092041976 ], [ 11.384896861865931, 44.465491833070843 ], [ 11.384792000851599, 44.465371796150357 ], [ 11.384721089817305, 44.465306926449948 ], [ 11.384555611256028, 44.465195140756762 ], [ 11.38442643926374, 44.465136723797151 ], [ 11.384305362036855, 44.465097348302876 ], [ 11.38425320681082, 44.465073991942667 ], [ 11.38421618923816, 44.465003175382442 ], [ 11.384133667944294, 44.464957954749039 ], [ 11.38409647953835, 44.464937576184646 ], [ 11.384007287431357, 44.464902772168386 ], [ 11.38393573331123, 44.464822197732801 ], [ 11.383803442204494, 44.464687020455706 ], [ 11.383679381511268, 44.464574368562154 ], [ 11.383664927252187, 44.464518794732449 ], [ 11.383642170912834, 44.464438949445828 ], [ 11.383530573758522, 44.464333021364823 ], [ 11.383439536174901, 44.464252856125633 ], [ 11.383263537436733, 44.464122080200113 ], [ 11.383214764223323, 44.464061984182209 ], [ 11.383169441720694, 44.463966895841452 ], [ 11.383115627863795, 44.463782932636001 ], [ 11.383055523219522, 44.463564178662224 ], [ 11.383003385451776, 44.463301605530944 ], [ 11.382972682685844, 44.463206211005826 ], [ 11.38293968540704, 44.463114357385621 ], [ 11.382867731481829, 44.46296394826836 ], [ 11.38273196797898, 44.46274328127727 ], [ 11.382689932842029, 44.462489226938374 ], [ 11.382603101837539, 44.462272777039175 ], [ 11.382487560570734, 44.462009781347405 ], [ 11.382449763748271, 44.461919772447239 ], [ 11.382409246511417, 44.46182283697464 ], [ 11.382362486906141, 44.461752223093555 ], [ 11.382256908814549, 44.461674105040409 ], [ 11.382124769592153, 44.46154241379201 ], [ 11.381979288794845, 44.461442427136362 ], [ 11.381861816537782, 44.461371543837274 ], [ 11.381760094575434, 44.461328267835114 ], [ 11.381659434740477, 44.461311160914022 ], [ 11.3815464659854, 44.461257432355019 ], [ 11.381463954686117, 44.461230075256324 ], [ 11.381385569759814, 44.461199335255813 ], [ 11.38134571244651, 44.461181896797839 ], [ 11.381290634664317, 44.461154500237583 ], [ 11.381250191205073, 44.461132507842585 ], [ 11.381218033672059, 44.461110781018689 ], [ 11.381182480899051, 44.461088466916785 ], [ 11.381146824749278, 44.461048588140386 ], [ 11.381047173033316, 44.460965469516253 ], [ 11.380997972635738, 44.460937711651702 ], [ 11.380918083712, 44.460901531803522 ], [ 11.38085377575063, 44.460871130713706 ], [ 11.380751844679738, 44.460837851081536 ], [ 11.380664402203712, 44.460783515451091 ], [ 11.380612014887387, 44.46075286561954 ], [ 11.380574361566627, 44.460707258529688 ], [ 11.380540216140778, 44.460664018885531 ], [ 11.380493849063033, 44.460613708659231 ], [ 11.380448077275096, 44.460578038671621 ], [ 11.380410422905488, 44.460532430647866 ], [ 11.380312217220238, 44.460464889970446 ], [ 11.380196627470323, 44.460389163688561 ], [ 11.380124615613742, 44.460336948309802 ], [ 11.380010118460291, 44.460288058387533 ], [ 11.379948325359207, 44.460235629843382 ], [ 11.379813210759911, 44.460140778138765 ], [ 11.379692463537575, 44.46006393900538 ], [ 11.379565701295759, 44.460006759024232 ], [ 11.379411584014877, 44.459958917648066 ], [ 11.379364183058788, 44.459945519464469 ], [ 11.379332233418818, 44.45995727213554 ], [ 11.379197545916236, 44.460006779596306 ], [ 11.37907031933255, 44.459949788793786 ], [ 11.378960701200446, 44.459900871752161 ], [ 11.378740422852628, 44.45985481966234 ], [ 11.378394415921834, 44.45983488452336 ], [ 11.378195246110494, 44.45973959554874 ], [ 11.377852467431724, 44.459540240293485 ], [ 11.377457529741097, 44.45942974682324 ], [ 11.37700365505092, 44.459357613263897 ], [ 11.376368810287257, 44.459278553814919 ], [ 11.376069646876157, 44.459185754080451 ], [ 11.375456140225953, 44.459129312830079 ], [ 11.375114770253347, 44.459061022560761 ], [ 11.37475599216164, 44.458912066165084 ], [ 11.374579395964917, 44.458799828243201 ], [ 11.374397293596642, 44.458610062310818 ], [ 11.374307210874365, 44.458461707336951 ], [ 11.37423792306766, 44.458302786428312 ], [ 11.374167845164687, 44.458199672994631 ], [ 11.374121794753846, 44.458131906472865 ], [ 11.37410079282731, 44.458040066316293 ], [ 11.374169064612085, 44.457786572821192 ], [ 11.374295320317756, 44.45741259744684 ], [ 11.374315406355249, 44.457229874627487 ], [ 11.374276808143705, 44.457130525878156 ], [ 11.374345506129821, 44.456868023451541 ], [ 11.374319749669734, 44.456717196147103 ], [ 11.374188295252896, 44.456497684084027 ], [ 11.374146103868371, 44.456445111157009 ], [ 11.373986645828433, 44.456367966393593 ], [ 11.373900855619539, 44.45620883025336 ], [ 11.373939468048476, 44.455959896760199 ], [ 11.373957988726662, 44.455758073224736 ], [ 11.374065630149559, 44.45552571298731 ], [ 11.374134635717876, 44.455367856228008 ], [ 11.37423328110866, 44.455204317183956 ], [ 11.374341294779788, 44.454923556175849 ], [ 11.374400122661729, 44.454707965486001 ], [ 11.374525710470849, 44.454279412518972 ], [ 11.374625287920653, 44.453848597935583 ], [ 11.374607720764677, 44.453706042046235 ], [ 11.374524645961307, 44.453439379977212 ], [ 11.374312036293119, 44.453349275505907 ], [ 11.374158630117387, 44.45318873789715 ], [ 11.374078404114154, 44.452953525455271 ], [ 11.373955842234794, 44.452796347759524 ], [ 11.373863231368256, 44.452720089367865 ], [ 11.373455376741672, 44.452716186021327 ], [ 11.373378377838623, 44.452715537166931 ], [ 11.373266640962685, 44.452691417683447 ], [ 11.37320180600838, 44.452679851299074 ], [ 11.373046490242986, 44.452647605224591 ], [ 11.372945309581375, 44.452626857133986 ], [ 11.372904518292819, 44.452618327014505 ], [ 11.372860858386478, 44.45260758244283 ], [ 11.372819912286328, 44.452600411307962 ], [ 11.372642092467736, 44.4525557748848 ], [ 11.372632196915365, 44.452271356814684 ], [ 11.372641558929802, 44.451785025252974 ], [ 11.3729756441373, 44.451461306993401 ], [ 11.373166179840416, 44.451375194329827 ], [ 11.373424653878361, 44.4506783108883 ], [ 11.373151566263518, 44.44925032800505 ], [ 11.372557576016444, 44.449129887713198 ], [ 11.371268510531438, 44.448526498788056 ], [ 11.370268334196062, 44.448209112305832 ], [ 11.369513594001582, 44.447881556091772 ], [ 11.369401475680572, 44.447789355526545 ], [ 11.369222749094124, 44.447740171806856 ], [ 11.368948390566414, 44.447928729106863 ], [ 11.368714360359332, 44.448084947793113 ], [ 11.368539852679914, 44.448139770315962 ], [ 11.36833627243224, 44.448155810974313 ], [ 11.367965140876162, 44.448321056346309 ], [ 11.367816031231577, 44.448499127340838 ], [ 11.367511125439469, 44.448864994320687 ], [ 11.367088269902899, 44.449207989975626 ], [ 11.366730434400356, 44.449313869474899 ], [ 11.366015914471381, 44.449534619190565 ], [ 11.36586503780846, 44.449543671746511 ], [ 11.365773681114755, 44.449549104915206 ], [ 11.364879950970808, 44.449805630563297 ], [ 11.364486516919747, 44.450002834955406 ], [ 11.364248969148555, 44.450111292579464 ], [ 11.364172026103105, 44.45013952852122 ], [ 11.364059080860404, 44.45017540151315 ], [ 11.364003268131174, 44.450191332467497 ], [ 11.363921927298284, 44.450212717376772 ], [ 11.363675405744644, 44.450283501730453 ], [ 11.362303240987174, 44.450976652064476 ], [ 11.362261094342392, 44.450993595741629 ], [ 11.362115199573857, 44.450901529730196 ], [ 11.361958509946936, 44.450795052193627 ], [ 11.361932608624, 44.450775895734409 ], [ 11.361816385610082, 44.450679273152936 ], [ 11.36178455917147, 44.450647790396779 ], [ 11.361645150329629, 44.45048475771717 ], [ 11.361414827070668, 44.450207622734958 ], [ 11.361204654165281, 44.449982406436128 ], [ 11.361070383963336, 44.44982763830275 ], [ 11.360925654842005, 44.4497057199899 ], [ 11.360736733006243, 44.449559398177207 ], [ 11.360501406174253, 44.449372402000549 ], [ 11.360350355366945, 44.449249488336513 ], [ 11.360266991954685, 44.449169060171478 ], [ 11.360202722856487, 44.449094428281697 ], [ 11.360159939459187, 44.449046361868049 ], [ 11.360133234163017, 44.449007529236489 ], [ 11.360027681307631, 44.448883108204342 ], [ 11.359946137407089, 44.44878914092034 ], [ 11.359856588756987, 44.448711099079581 ], [ 11.359759544022408, 44.448622520583932 ], [ 11.359591243976141, 44.448480828245636 ], [ 11.359403280072918, 44.448329992071798 ], [ 11.358952927370344, 44.447980320602205 ], [ 11.358851154708947, 44.447891270954393 ], [ 11.358746625591168, 44.447792153796286 ], [ 11.358685256443616, 44.447672442490422 ], [ 11.358578730181083, 44.447465337407522 ], [ 11.358527725299757, 44.447369047416508 ], [ 11.358444407066882, 44.447211540815701 ], [ 11.358353994587738, 44.447033920258221 ], [ 11.358237638192058, 44.446826443547749 ], [ 11.358215358437668, 44.446786443213114 ], [ 11.358200815486878, 44.446760249753375 ], [ 11.358170002730994, 44.446781411402682 ], [ 11.358128283965883, 44.446809283836572 ], [ 11.358059027623154, 44.446828446061922 ], [ 11.357891508195816, 44.446749812080974 ], [ 11.35782365971969, 44.446717963102358 ], [ 11.357757149106027, 44.446692749309165 ], [ 11.357701186014564, 44.446660846534009 ], [ 11.357723146680396, 44.446308734317476 ], [ 11.35775488394671, 44.446082447303048 ], [ 11.357655234636987, 44.44532104132859 ], [ 11.357650526945132, 44.44528506584814 ], [ 11.357583150199904, 44.445113719053005 ], [ 11.357434013185003, 44.445047829694985 ], [ 11.357229993760921, 44.445042802400408 ], [ 11.356830058420671, 44.445072488151702 ], [ 11.356641902184483, 44.445086453779936 ], [ 11.35643567420095, 44.445055826615189 ], [ 11.35614029387307, 44.444956703297002 ], [ 11.356085792519433, 44.444909117544881 ], [ 11.355998643298069, 44.444833023486758 ], [ 11.355903051557522, 44.444662826959487 ], [ 11.355714359354184, 44.444325748331124 ], [ 11.355440473695182, 44.443800138239233 ], [ 11.355316246713855, 44.443673659227713 ], [ 11.355233121453187, 44.443589024454809 ], [ 11.355134277354068, 44.443544197736522 ], [ 11.354913916883797, 44.44344425718154 ], [ 11.354385981636025, 44.443264962982745 ], [ 11.354341864711703, 44.443250059697007 ], [ 11.354219577045745, 44.443208750470546 ], [ 11.353881325058856, 44.443136956976311 ], [ 11.353655757202782, 44.443113473738528 ], [ 11.353455815096213, 44.443141230598009 ], [ 11.353090996239168, 44.443079792648092 ], [ 11.352769854691047, 44.443016391932915 ], [ 11.352674975723531, 44.442961520821527 ], [ 11.352579802050855, 44.442821129616156 ], [ 11.352486572621853, 44.442562711309847 ], [ 11.352451875489905, 44.442266167764522 ], [ 11.352442111913561, 44.442169594955075 ], [ 11.352402197220611, 44.442153533003456 ], [ 11.352423360441707, 44.442054637586452 ], [ 11.352298445927232, 44.44211234567836 ], [ 11.3520119893951, 44.442101962223759 ], [ 11.351754168030402, 44.44209261671525 ], [ 11.351649038082041, 44.442092081669642 ], [ 11.35134114676513, 44.442091138941066 ], [ 11.351067901967289, 44.442092824521417 ], [ 11.350918815188219, 44.442127306942062 ], [ 11.350945835739697, 44.442233296873802 ], [ 11.350985929018114, 44.442278715107236 ], [ 11.350995320054185, 44.442330800105616 ], [ 11.351000048691537, 44.442388201760899 ], [ 11.351031631898231, 44.442629747860778 ], [ 11.351041169992488, 44.442722291341973 ], [ 11.351051261148712, 44.442815776811585 ], [ 11.351056072554721, 44.442874925070683 ], [ 11.351059009294838, 44.44294804624181 ], [ 11.351068804180434, 44.443010565987137 ], [ 11.351078474787382, 44.443069612366926 ], [ 11.351098841796974, 44.443152827531186 ], [ 11.35113850611352, 44.443232160323255 ], [ 11.351174770142759, 44.443287165048893 ], [ 11.35123922015821, 44.443378187705413 ], [ 11.351316673413034, 44.443489853849769 ], [ 11.35134869362011, 44.443560629446679 ], [ 11.351376286693228, 44.443641957303193 ], [ 11.351381155614536, 44.443702840967639 ], [ 11.351380879118986, 44.443789415248091 ], [ 11.351375988638022, 44.443877191891708 ], [ 11.351372875971519, 44.443920810827244 ], [ 11.351364946448204, 44.443979364445944 ], [ 11.35136741957372, 44.444027207602979 ], [ 11.351393261706834, 44.44407836672454 ], [ 11.351457648695229, 44.444154293100631 ], [ 11.35153108499461, 44.444286945981311 ], [ 11.351585675730195, 44.444374685694541 ], [ 11.35163312614042, 44.444466056497433 ], [ 11.351682394910735, 44.44460269115072 ], [ 11.351693860463966, 44.444646007969304 ], [ 11.351705861910977, 44.444732884767269 ], [ 11.35174438636755, 44.444813982823149 ], [ 11.351780691908209, 44.444852481930809 ], [ 11.351852164185326, 44.444893658626206 ], [ 11.351912097892207, 44.444932494642735 ], [ 11.352031961207244, 44.445010183769874 ], [ 11.352181343902748, 44.445095961087084 ], [ 11.352267475450411, 44.445181313950307 ], [ 11.352329435776731, 44.445270638949623 ], [ 11.352381605241016, 44.445358428160624 ], [ 11.352422131754739, 44.445446943416961 ], [ 11.352450454079673, 44.445498143004556 ], [ 11.35251402318737, 44.445627514533882 ], [ 11.352579955463728, 44.445795133686083 ], [ 11.35260642537588, 44.445880966780678 ], [ 11.352610422593058, 44.445912907720064 ], [ 11.352612907955439, 44.445940998775342 ], [ 11.352616367152562, 44.445993339097271 ], [ 11.35262536875717, 44.446116408826661 ], [ 11.35262489824026, 44.44620570677619 ], [ 11.35262545700583, 44.446287213327771 ], [ 11.352626074194532, 44.446403657946099 ], [ 11.352631649946662, 44.446576292119836 ], [ 11.352643649172995, 44.446639127271787 ], [ 11.352657288510532, 44.446711820728339 ], [ 11.352655363251555, 44.446762140185335 ], [ 11.352649061540253, 44.446809568160198 ], [ 11.352632282230728, 44.446895575042326 ], [ 11.352617752869685, 44.446972549111116 ], [ 11.352590875613695, 44.4471128501864 ], [ 11.352562021802578, 44.447237671425071 ], [ 11.352555578934425, 44.44731350654736 ], [ 11.352555007354276, 44.447360296072318 ], [ 11.352558019597675, 44.447400879138591 ], [ 11.352591082367166, 44.447500335091149 ], [ 11.352637464188302, 44.447621317346737 ], [ 11.35265773987325, 44.447643704084172 ], [ 11.352725281806405, 44.447705762724397 ], [ 11.352793848350682, 44.447758877685075 ], [ 11.352828071626645, 44.447783955901372 ], [ 11.352945639240321, 44.44788562937773 ], [ 11.353039181887452, 44.447974915163698 ], [ 11.353221770301721, 44.448109944283701 ], [ 11.353304481971495, 44.448170706775478 ], [ 11.353328824638476, 44.448191019966821 ], [ 11.353394944360847, 44.448252117232343 ], [ 11.353435581192786, 44.448298866548114 ], [ 11.353463124536058, 44.448330024029502 ], [ 11.35352468925471, 44.448484409594144 ], [ 11.353543757695181, 44.448545485614467 ], [ 11.353563677409836, 44.448593653194756 ], [ 11.353575389162746, 44.448643978680686 ], [ 11.353582558765003, 44.44868447779897 ], [ 11.353612619691171, 44.448816132960637 ], [ 11.353622633678178, 44.448855168118484 ], [ 11.353644581779442, 44.448919156519153 ], [ 11.353646998243423, 44.448944890267022 ], [ 11.353650409348115, 44.448995377881026 ], [ 11.35364764869926, 44.449030139988793 ], [ 11.353642135101346, 44.449064949853437 ], [ 11.353630458806496, 44.449118728409843 ], [ 11.353608889036979, 44.449167751387897 ], [ 11.35358171229025, 44.449222362668806 ], [ 11.353535291932221, 44.449281017657867 ], [ 11.353480853087424, 44.449343830612101 ], [ 11.353444226565559, 44.449386091496322 ], [ 11.353407023947106, 44.449420177242033 ], [ 11.353385225779366, 44.449442564264665 ], [ 11.353325318118269, 44.449532368175277 ], [ 11.353289604700889, 44.449631835481313 ], [ 11.353219390068416, 44.449775892869297 ], [ 11.353198484187827, 44.449848650149512 ], [ 11.353163044106973, 44.450011085257053 ], [ 11.353148552594309, 44.450073951438661 ], [ 11.35311845164213, 44.450143640187207 ], [ 11.353095143320834, 44.45018475766836 ], [ 11.353047917501078, 44.450251549437468 ], [ 11.353012449147307, 44.450295005262916 ], [ 11.352944009664135, 44.450367996838963 ], [ 11.352919027332197, 44.450397482264187 ], [ 11.352873261057033, 44.450442735665533 ], [ 11.352838979848496, 44.450477517229928 ], [ 11.352796066837538, 44.450534639391186 ], [ 11.352742367398102, 44.450619255544524 ], [ 11.352715616643986, 44.450664107068476 ], [ 11.352662123454246, 44.450753832431936 ], [ 11.352654053367953, 44.45078978334714 ], [ 11.352653047852428, 44.450823888068228 ], [ 11.352660393519823, 44.450888490874789 ], [ 11.352689766090322, 44.450967982920147 ], [ 11.352716410511848, 44.451039003882208 ], [ 11.352774378541866, 44.451179257750212 ], [ 11.352810595637193, 44.451251791894336 ], [ 11.352834593404392, 44.451316053276173 ], [ 11.352863338083647, 44.451380215913588 ], [ 11.35291244727561, 44.451507013293501 ], [ 11.352928286452865, 44.451545884318413 ], [ 11.352949453956803, 44.451599129862053 ], [ 11.352977155457193, 44.451666726870329 ], [ 11.353030764673758, 44.451757641445532 ], [ 11.353057097978501, 44.451791178140155 ], [ 11.353093453517834, 44.451822810342676 ], [ 11.353139432001239, 44.451856801821926 ], [ 11.353173189600669, 44.451868034454634 ], [ 11.353212828535968, 44.451877435337778 ], [ 11.353254557675262, 44.451879987123426 ], [ 11.353293687544786, 44.451876623727273 ], [ 11.353351748125922, 44.451871168558498 ], [ 11.353394303708578, 44.451864322505436 ], [ 11.353443756877134, 44.451853724177056 ], [ 11.353615627374129, 44.451806932070895 ], [ 11.353775608630553, 44.451761878388275 ], [ 11.353900321939213, 44.45172778141405 ], [ 11.354073022315442, 44.451673949447198 ], [ 11.354182370140578, 44.451641877725166 ], [ 11.354273277707277, 44.451624662444225 ], [ 11.354319466982826, 44.451615670499748 ], [ 11.354381421619154, 44.451612203303192 ], [ 11.354439220217687, 44.451617404907132 ], [ 11.354481739907186, 44.451632341074891 ], [ 11.354504516182374, 44.451658663162867 ], [ 11.354504569483021, 44.451691566710785 ], [ 11.354491220952474, 44.451715305607792 ], [ 11.354462975962566, 44.451751728572575 ], [ 11.354440700324535, 44.451781320546928 ], [ 11.35441267792285, 44.451823344851611 ], [ 11.354360821060155, 44.451894986955338 ], [ 11.354301786898134, 44.45198246685635 ], [ 11.354248674897836, 44.452061975191405 ], [ 11.354191062746803, 44.452146067722573 ], [ 11.354150937093914, 44.452198424516865 ], [ 11.3541195609367, 44.45223491196618 ], [ 11.354096042652003, 44.452272370795654 ], [ 11.354057354251195, 44.452321339933221 ], [ 11.354024184587281, 44.452352264699257 ], [ 11.353972669594427, 44.452393658808695 ], [ 11.353912406038706, 44.452431812289518 ], [ 11.353805868696776, 44.452490166620237 ], [ 11.35374905102344, 44.452521496983891 ], [ 11.353700599566452, 44.452544336383987 ], [ 11.353639474388125, 44.452576789009314 ], [ 11.353562433508067, 44.452610616745915 ], [ 11.353456674258966, 44.452652318732028 ], [ 11.353346692266644, 44.452697222585698 ], [ 11.353296798749302, 44.452720089741767 ], [ 11.353250872012469, 44.452733514159981 ], [ 11.353113452015858, 44.452782099216336 ], [ 11.352950203353041, 44.452838507721005 ], [ 11.352674807078285, 44.452922172746639 ], [ 11.352604312008882, 44.45293819185116 ], [ 11.352401515795396, 44.452986042841815 ], [ 11.352296490911085, 44.453010047436734 ], [ 11.352176169951484, 44.453033302999515 ], [ 11.352120689565714, 44.453042791603863 ], [ 11.352048138448554, 44.453065551591195 ], [ 11.351999807555279, 44.453087289461791 ], [ 11.351939680704188, 44.453042920001494 ], [ 11.351913648238947, 44.453020942545884 ], [ 11.351874650900546, 44.452989097922 ], [ 11.351833317738128, 44.452957864072097 ], [ 11.35180787323579, 44.452930807794047 ], [ 11.351777888247943, 44.452888646797206 ], [ 11.351659473973099, 44.452718829763818 ], [ 11.351602689105102, 44.452635565597198 ], [ 11.351550612428083, 44.452552203514635 ], [ 11.351524853003882, 44.452497574074968 ], [ 11.351513145371221, 44.45246517347524 ], [ 11.35150024429408, 44.452432786654825 ], [ 11.351467650976533, 44.452364777809493 ], [ 11.351443360828355, 44.452307859322367 ], [ 11.351407267350625, 44.452230928920102 ], [ 11.351353608683432, 44.452138950492731 ], [ 11.351338450996908, 44.452105293047268 ], [ 11.351323887997196, 44.452075209101793 ], [ 11.351308829698121, 44.452032755826735 ], [ 11.35130000542228, 44.451989051516456 ], [ 11.351287883589219, 44.451941474670328 ], [ 11.351278985398205, 44.451893580251273 ], [ 11.351263672470768, 44.45182521451428 ], [ 11.351216060350865, 44.45165732545258 ], [ 11.351150947443791, 44.451444765607569 ], [ 11.351096448007485, 44.451300658370307 ], [ 11.351015080368525, 44.451074920245269 ], [ 11.350965596531678, 44.450899191395919 ], [ 11.350953817747659, 44.450840890697513 ], [ 11.350950466099276, 44.450718245621381 ], [ 11.350954534899916, 44.450623598984109 ], [ 11.350961063428237, 44.450551407392346 ], [ 11.350969965452204, 44.450460037205879 ], [ 11.351021028738135, 44.450243959282261 ], [ 11.351080964790009, 44.450053590190528 ], [ 11.351107710044666, 44.449897672661699 ], [ 11.351103973275841, 44.449843715763528 ], [ 11.351090727733052, 44.449787695939463 ], [ 11.351042517507233, 44.449722266443217 ], [ 11.350990183842482, 44.449671553841284 ], [ 11.350864630127617, 44.449597590923659 ], [ 11.350668266869802, 44.4494822964176 ], [ 11.350557472824963, 44.449423782956011 ], [ 11.350522430405411, 44.449412116863499 ], [ 11.350436815774691, 44.449393615625077 ], [ 11.350387907216385, 44.449388995974665 ], [ 11.350166346478241, 44.449390181539712 ], [ 11.350020396695138, 44.449356032252624 ], [ 11.349821696218955, 44.449261049346525 ], [ 11.34975497748494, 44.449243292067941 ], [ 11.349596490831162, 44.449210526522265 ], [ 11.349377904375153, 44.449207139012742 ], [ 11.349302836581636, 44.449216570228828 ], [ 11.349106232471437, 44.449252134375534 ], [ 11.348940557995451, 44.449292408431717 ], [ 11.348828837816006, 44.449310758907586 ], [ 11.348727797652499, 44.449338729425513 ], [ 11.348625692771813, 44.449379109396297 ], [ 11.34854076789059, 44.449416883370311 ], [ 11.348511516028045, 44.449432115362363 ], [ 11.348387922563541, 44.449485324835329 ], [ 11.348297598016826, 44.449506322550242 ], [ 11.348161975102551, 44.449533878630149 ], [ 11.348040166323276, 44.449553273098459 ], [ 11.347941633307261, 44.449565425922117 ], [ 11.347773068924239, 44.449594785299169 ], [ 11.347660813259491, 44.449617358880516 ], [ 11.34755718248965, 44.449658894604646 ], [ 11.347427828851259, 44.449686320887018 ], [ 11.347352910327974, 44.449699123741119 ], [ 11.347272817908234, 44.449700770625086 ], [ 11.347200630346096, 44.449703380249211 ], [ 11.347145533033082, 44.449701137117756 ], [ 11.346779534029402, 44.449667006543216 ], [ 11.346478651865628, 44.449649551526029 ], [ 11.346177634340227, 44.449628712602539 ], [ 11.346075327153207, 44.449625188556553 ], [ 11.345976445900614, 44.449628345996345 ], [ 11.345880880394226, 44.449635936534371 ], [ 11.345791958030942, 44.44965240212877 ], [ 11.345706533989354, 44.449677798412885 ], [ 11.345665052612148, 44.449705865763775 ], [ 11.345556612698696, 44.449678502230313 ], [ 11.345460411235003, 44.449654740273743 ], [ 11.345198028825218, 44.449564865821579 ], [ 11.344884437604795, 44.449452878853165 ], [ 11.344811593452333, 44.449428626660158 ], [ 11.344747866274934, 44.449408051994943 ], [ 11.344648125225255, 44.449385640429199 ], [ 11.344597444139422, 44.44937638232836 ], [ 11.344550394715812, 44.449368336995747 ], [ 11.344503502272095, 44.449364150553905 ], [ 11.344453118829177, 44.449362610544341 ], [ 11.344391908261922, 44.449360005488117 ], [ 11.344327174042737, 44.449358760139219 ], [ 11.344246313398004, 44.449359133295367 ], [ 11.344162070965844, 44.449364725350357 ], [ 11.344092203160526, 44.449370022174747 ], [ 11.344029612429095, 44.449377744288967 ], [ 11.343969308666688, 44.449392900607606 ], [ 11.343895335002486, 44.449407936952319 ], [ 11.344030851478571, 44.449431005495697 ], [ 11.344208581578894, 44.449465453322283 ], [ 11.344395512273717, 44.449519763510082 ], [ 11.344600265424726, 44.449599777200568 ], [ 11.344862889679938, 44.449726729948544 ], [ 11.345111922892535, 44.449863981231587 ], [ 11.345198414121944, 44.449926374349097 ], [ 11.345241973818455, 44.4499655862354 ], [ 11.345283372116118, 44.450020875316348 ], [ 11.345317668470233, 44.450108404711379 ], [ 11.345372358336938, 44.450215563091 ], [ 11.345426071913744, 44.450298680138701 ], [ 11.345455883276085, 44.450344187274744 ], [ 11.345517674757925, 44.450419116053936 ], [ 11.345581696382819, 44.450479962956244 ], [ 11.345749465749455, 44.450614876361243 ], [ 11.345806694696671, 44.450645783987888 ], [ 11.345844812393498, 44.450689114542953 ], [ 11.3459045291645, 44.450782135138581 ], [ 11.345949704211597, 44.450931595013003 ], [ 11.345950927508317, 44.451031831391852 ], [ 11.345963560976221, 44.451067663358131 ], [ 11.346034156067478, 44.451222621762028 ], [ 11.34604078744958, 44.451248549026026 ], [ 11.346068132995548, 44.451302128923665 ], [ 11.346106893688415, 44.451361496080281 ], [ 11.346156617681114, 44.451414616037532 ], [ 11.346261722909714, 44.451522737297772 ], [ 11.346291144167012, 44.451558222382097 ], [ 11.346317996153692, 44.451599785733762 ], [ 11.346333831849417, 44.451645580780003 ], [ 11.346321688215626, 44.451691950003564 ], [ 11.346304093476437, 44.451733012575502 ], [ 11.346276287885876, 44.45177400592906 ], [ 11.346244112105575, 44.451828268061199 ], [ 11.34623539462336, 44.451855689220423 ], [ 11.346224614049492, 44.451892821616788 ], [ 11.346223888663124, 44.451935895253435 ], [ 11.346233287568586, 44.451986666025469 ], [ 11.346241139347685, 44.452029562475829 ], [ 11.346277818859472, 44.452118439782957 ], [ 11.346328227984891, 44.452219074113891 ], [ 11.346391319095556, 44.452287461374198 ], [ 11.346454620643856, 44.452336250928404 ], [ 11.346522222971608, 44.452370006760908 ], [ 11.346590653084466, 44.452394086605224 ], [ 11.34666488583405, 44.452406834338241 ], [ 11.346734963531247, 44.452411020404185 ], [ 11.34689216305661, 44.452417759127904 ], [ 11.34699843482494, 44.452436665659448 ], [ 11.347064381061566, 44.452459914927985 ], [ 11.347151916692873, 44.452501174772983 ], [ 11.347260388315128, 44.452544640042085 ], [ 11.347363566509216, 44.452578547921533 ], [ 11.34745021869904, 44.452597850260318 ], [ 11.347552847684906, 44.452648467356752 ], [ 11.347615656139455, 44.452715712810161 ], [ 11.347639084260534, 44.452763223176831 ], [ 11.347656206292143, 44.452839663567282 ], [ 11.34765502539946, 44.452902075239237 ], [ 11.347654582722733, 44.452952175024798 ], [ 11.347637594530434, 44.453059213761158 ], [ 11.347603353472591, 44.453204544415904 ], [ 11.347560610418828, 44.453331961796479 ], [ 11.347520351531474, 44.453429451919476 ], [ 11.347436752115986, 44.453608674252337 ], [ 11.347344033155304, 44.453809650760341 ], [ 11.347269582037423, 44.45395128339127 ], [ 11.347242663529041, 44.454022822681097 ], [ 11.347230233086961, 44.454076454007982 ], [ 11.347226448089003, 44.454143835549324 ], [ 11.347238649774571, 44.454326912562763 ], [ 11.347255268498349, 44.454418234800585 ], [ 11.347274384396902, 44.454490952153861 ], [ 11.347320597730057, 44.454552659356217 ], [ 11.347365832696768, 44.454590017420323 ], [ 11.34741735351629, 44.454622609850936 ], [ 11.347458852225614, 44.454647278068506 ], [ 11.347549225911973, 44.454679071476519 ], [ 11.347616330710599, 44.454696254921465 ], [ 11.347788789192871, 44.454714755636559 ], [ 11.347844574922144, 44.45473217084011 ], [ 11.347893087334084, 44.454770631629081 ], [ 11.347929362277508, 44.45482673538767 ], [ 11.347949355280946, 44.454880863044586 ], [ 11.347964184537567, 44.454974544656324 ], [ 11.347969236100738, 44.45509395884914 ], [ 11.347978000990615, 44.455191249208525 ], [ 11.347988319800745, 44.4552467272729 ], [ 11.347996194762075, 44.455281378490021 ], [ 11.348010816265107, 44.455322849077483 ], [ 11.348034045519068, 44.45536708737508 ], [ 11.348064162361153, 44.455400658116083 ], [ 11.348114431956446, 44.455442549577981 ], [ 11.348189924273775, 44.455507137282993 ], [ 11.348253297246931, 44.455552252167365 ], [ 11.348317474157477, 44.455589265211628 ], [ 11.348368759091548, 44.455630044553871 ], [ 11.348413893569235, 44.455678900627156 ], [ 11.348469508910558, 44.455772904441915 ], [ 11.348487285494196, 44.455852606365013 ], [ 11.34849224606025, 44.455895438778057 ], [ 11.34848734889267, 44.455934989071061 ], [ 11.348454766453223, 44.456011082546347 ], [ 11.348397249637916, 44.456112050089999 ], [ 11.348300898828501, 44.456254436351095 ], [ 11.348245877951889, 44.456336788139296 ], [ 11.348191093446832, 44.456424944437664 ], [ 11.348158551984923, 44.456491417666129 ], [ 11.348122765821234, 44.456579509031762 ], [ 11.348103118515585, 44.456655338130972 ], [ 11.348101226426632, 44.456689027094214 ], [ 11.348100060869726, 44.456821335767074 ], [ 11.348118122749533, 44.456948593679712 ], [ 11.348140115616639, 44.457052570942402 ], [ 11.348162292141337, 44.457161188879823 ], [ 11.348179750116392, 44.457273379788262 ], [ 11.34818499679635, 44.457363785234975 ], [ 11.348188811556527, 44.457458854690252 ], [ 11.348191337284678, 44.457594876626963 ], [ 11.348189895347453, 44.457819088037716 ], [ 11.348182705177289, 44.458116896263412 ], [ 11.348183930638902, 44.458277540123213 ], [ 11.34819798439228, 44.458324576069785 ], [ 11.348222330655791, 44.458367670503776 ], [ 11.348177245748785, 44.458383732231766 ], [ 11.348130969414417, 44.458428669181956 ], [ 11.348174631765248, 44.45846587109412 ], [ 11.348232098372824, 44.458466399494263 ], [ 11.348281523012806, 44.458454489612286 ], [ 11.348338629620095, 44.458433598201403 ], [ 11.34840626208749, 44.458399259057224 ], [ 11.348461987589349, 44.458368944133795 ], [ 11.348495434071539, 44.458341068105163 ], [ 11.348523296897104, 44.458318078334067 ], [ 11.348543937965442, 44.458288936189085 ], [ 11.348578511474001, 44.458259326449301 ], [ 11.348614747107515, 44.458241385923778 ], [ 11.348657214377692, 44.45822844867606 ], [ 11.348704491814765, 44.458222524524324 ], [ 11.34880065631797, 44.4582101929117 ], [ 11.348949685644335, 44.458193352444219 ], [ 11.349006135949846, 44.458181117629799 ], [ 11.349261806385075, 44.458109147751067 ], [ 11.349306190744073, 44.458122006561226 ], [ 11.349348311522069, 44.458116010013775 ], [ 11.349403999078083, 44.458095733344599 ], [ 11.349470215925898, 44.458082622100065 ], [ 11.349528924356189, 44.458078082814865 ], [ 11.34956471786724, 44.458074195192424 ], [ 11.349609419534863, 44.45807309507515 ], [ 11.349672078398484, 44.458074596195821 ], [ 11.349725840504568, 44.458076820567157 ], [ 11.349788461733981, 44.458086874898569 ], [ 11.349839164604253, 44.458091140966467 ], [ 11.349902802462063, 44.458095142545019 ], [ 11.34996248307487, 44.458097696003385 ], [ 11.350011746745075, 44.458100553000811 ], [ 11.350074341674249, 44.458109887506019 ], [ 11.350131476572395, 44.4581210448832 ], [ 11.350176292617364, 44.45813209574154 ], [ 11.35022248326557, 44.458149240071442 ], [ 11.350268686637481, 44.458169895146909 ], [ 11.350318588250056, 44.45819650492426 ], [ 11.350359639529058, 44.458212404616745 ], [ 11.350396930390724, 44.458227031324618 ], [ 11.350429680094862, 44.458244452310964 ], [ 11.350478322962944, 44.458266317440845 ], [ 11.350519691241255, 44.45826506053578 ], [ 11.350635647644969, 44.458315224834493 ], [ 11.350733378020868, 44.458362164181452 ], [ 11.350811944583706, 44.458381925729476 ], [ 11.350926397752357, 44.458395324233557 ], [ 11.351070947960507, 44.458414853840566 ], [ 11.351207468014641, 44.458430047342418 ], [ 11.351289039302248, 44.458446372488226 ], [ 11.35154817857928, 44.458482670901361 ], [ 11.351738250442667, 44.458559777227364 ], [ 11.35187970954774, 44.458756608778437 ], [ 11.351273938754193, 44.458755020920215 ], [ 11.351180774432502, 44.458763129108789 ], [ 11.351073110810734, 44.458801357054384 ], [ 11.350922791498787, 44.45885340374096 ], [ 11.350807998813632, 44.458909783512979 ], [ 11.350727358506512, 44.458955894601992 ], [ 11.350605885552225, 44.45902197612665 ], [ 11.350600444463826, 44.459062600001722 ], [ 11.350574640350303, 44.45910476670155 ], [ 11.350550054984673, 44.459177294877762 ], [ 11.350525494569277, 44.459250383398079 ], [ 11.350495057945661, 44.459333719963851 ], [ 11.350467606918526, 44.459432752349869 ], [ 11.350439091451491, 44.459485666366923 ], [ 11.350404361476087, 44.459520703971336 ], [ 11.350319588407535, 44.459528863750052 ], [ 11.350250934773994, 44.459568988531032 ], [ 11.350153595392573, 44.459702518246338 ], [ 11.350100858580133, 44.459869882507995 ], [ 11.350111223419551, 44.459993454378775 ], [ 11.350172523453073, 44.460174042785574 ], [ 11.350225189864766, 44.460408915601157 ], [ 11.350437277472562, 44.461408513907656 ], [ 11.35059970557359, 44.461628164496545 ], [ 11.350770101529376, 44.461833334789468 ], [ 11.350856063917671, 44.461954899637597 ], [ 11.350950285821691, 44.462203950658065 ], [ 11.351010822072224, 44.462274634019721 ], [ 11.351074611549429, 44.462369917541658 ], [ 11.351143262774675, 44.46247050246923 ], [ 11.351319046798704, 44.462659447140744 ], [ 11.351403836230748, 44.462761229943759 ], [ 11.35151944901504, 44.462879212654578 ], [ 11.351659640513086, 44.463020725021259 ], [ 11.351806567677533, 44.463189107219335 ], [ 11.351940380270838, 44.463328319041487 ], [ 11.352354254878856, 44.463614086104776 ], [ 11.352426635033913, 44.463685334869737 ], [ 11.352574302554979, 44.463781319707415 ], [ 11.352702955272997, 44.463882737712794 ], [ 11.352837067344653, 44.463985483468811 ], [ 11.3530065691495, 44.464077325739048 ], [ 11.353188735220746, 44.464165218320623 ], [ 11.353317648101225, 44.464226118458313 ], [ 11.353493186579984, 44.4643023519426 ], [ 11.353641055375515, 44.464353228997481 ], [ 11.353835457817052, 44.46440773679879 ], [ 11.353921601861551, 44.46443044763911 ], [ 11.353975942454825, 44.464436717353436 ], [ 11.354036606363149, 44.464446739477424 ], [ 11.354165580209875, 44.464490048071411 ], [ 11.354229919987642, 44.464516294435008 ], [ 11.354273268027532, 44.464537464082248 ], [ 11.354302219999662, 44.464566864626072 ], [ 11.354325344696806, 44.464601408807397 ], [ 11.354385746181588, 44.464707774119894 ], [ 11.354428529095211, 44.464783155650125 ], [ 11.354462035851155, 44.464842189768895 ], [ 11.354522789414705, 44.464938291956003 ], [ 11.354564338246538, 44.465004016566368 ], [ 11.354621701980774, 44.465107846247079 ], [ 11.354658066858825, 44.465173669646163 ], [ 11.354694365099244, 44.465239365670008 ], [ 11.354775856783307, 44.465359462256124 ], [ 11.354846230998445, 44.465422529647348 ], [ 11.354880336372632, 44.465438233375586 ], [ 11.354969711817665, 44.465465597733555 ], [ 11.355288456243008, 44.465563227051234 ], [ 11.35554511822048, 44.465641835633086 ], [ 11.35584100101665, 44.465787512192122 ], [ 11.356231749269822, 44.465947615599127 ], [ 11.356708615455794, 44.466245117605865 ], [ 11.35696366877186, 44.466378851326496 ], [ 11.357282057039997, 44.46656502136792 ], [ 11.357659227989435, 44.466815512843837 ], [ 11.357848655828523, 44.467014608549079 ], [ 11.357984193444068, 44.467208514372857 ], [ 11.358019758683598, 44.467293213678509 ], [ 11.358044540282169, 44.467342778842493 ], [ 11.358085532788136, 44.467449039820302 ], [ 11.358156767687911, 44.467585217432315 ], [ 11.35823564262785, 44.467779933335045 ], [ 11.358277690848819, 44.467846943520591 ], [ 11.358459703257799, 44.468055373138341 ], [ 11.358537276109265, 44.468180256309999 ], [ 11.358571978926818, 44.468233374962793 ], [ 11.358615835890314, 44.468289094376409 ], [ 11.358732240767784, 44.468369962509769 ], [ 11.358814250166896, 44.468439658700831 ], [ 11.358967722138559, 44.468685317873927 ], [ 11.359011188133287, 44.468852855905205 ], [ 11.35913969474681, 44.468928343839636 ], [ 11.359218792110667, 44.469056704243371 ], [ 11.359413695054783, 44.469372628096437 ], [ 11.359628012070566, 44.469745944390745 ], [ 11.35972262817242, 44.469919268599504 ], [ 11.359835051347954, 44.470135166183425 ], [ 11.359859780970266, 44.470271402873919 ], [ 11.35986291216034, 44.470355240708585 ], [ 11.359804189121196, 44.470442340490017 ], [ 11.35971455457913, 44.470632707223331 ], [ 11.359652408138928, 44.470728428372077 ], [ 11.359606664799148, 44.470756224207314 ], [ 11.359494062767757, 44.470817405361309 ], [ 11.35940906229547, 44.470854542506416 ], [ 11.359169816135402, 44.470926464786402 ], [ 11.35914214742453, 44.470944952700094 ], [ 11.359104804534676, 44.471016665926854 ], [ 11.359088251047721, 44.471108112665981 ], [ 11.359082960447887, 44.471136715271442 ], [ 11.359066513632829, 44.471235520337927 ], [ 11.359058116333296, 44.471286894434556 ], [ 11.359033903260876, 44.471431614867825 ], [ 11.359005264765962, 44.471479203028125 ], [ 11.358987681418553, 44.471538802680016 ], [ 11.358983911783366, 44.471616842305018 ], [ 11.358985077140005, 44.4716707429724 ], [ 11.358978460495829, 44.471746679001321 ], [ 11.358875683281324, 44.47181704443333 ], [ 11.358779062168374, 44.471943457968628 ], [ 11.358772257697714, 44.471995991072255 ], [ 11.358791174078881, 44.472034941615853 ], [ 11.35879527809578, 44.472071136440178 ], [ 11.358920371025313, 44.472155337625992 ], [ 11.358955148836433, 44.472197830597111 ], [ 11.358970163987886, 44.472239648935826 ], [ 11.358920910510045, 44.47233402472191 ], [ 11.358822177669204, 44.472407996696631 ], [ 11.358609932082787, 44.472635285092792 ], [ 11.358474571834078, 44.47273476892034 ], [ 11.358407347335557, 44.472765416274662 ], [ 11.358360827731328, 44.472774749781607 ], [ 11.358311236340931, 44.472789008139728 ], [ 11.358259863272204, 44.472808974928213 ], [ 11.358243068409676, 44.472835249404753 ], [ 11.358205811632399, 44.472930997511689 ], [ 11.35819136556141, 44.473046614883941 ], [ 11.358172614894047, 44.473074371970434 ], [ 11.358131048699789, 44.473097465276972 ], [ 11.358071695170588, 44.473120613610462 ], [ 11.358061342792679, 44.473150763839726 ], [ 11.358077385307846, 44.473179145377962 ], [ 11.35804613493266, 44.473193027449959 ], [ 11.357999777349821, 44.473203302736636 ], [ 11.357920429870486, 44.473265393363086 ], [ 11.357894653406525, 44.473296557170691 ], [ 11.357838519570542, 44.473335685131431 ], [ 11.357799071711289, 44.473389615316897 ], [ 11.357778637166431, 44.473459534832564 ], [ 11.357755208954215, 44.47349297097923 ], [ 11.357752689213111, 44.473548927431764 ], [ 11.357765731348827, 44.473588627846198 ], [ 11.357821788496146, 44.47364436741173 ], [ 11.357913226453045, 44.473713868547073 ], [ 11.357969851577113, 44.473758702248389 ], [ 11.358015257286141, 44.473809078314339 ], [ 11.358040651014864, 44.473874541997887 ], [ 11.358041936641989, 44.473940682822381 ], [ 11.357986835189548, 44.474089734797367 ], [ 11.357869609414807, 44.47426338490439 ], [ 11.35757777234647, 44.47465003828043 ], [ 11.357515742528635, 44.474677832923469 ], [ 11.357492409773323, 44.474703353746179 ], [ 11.357456602069309, 44.474750794268687 ], [ 11.357338993975024, 44.47487447553042 ], [ 11.357275016939727, 44.475002957615231 ], [ 11.357188020160821, 44.475125725709937 ], [ 11.357015889716683, 44.475320020892582 ], [ 11.35686466281456, 44.475506572312796 ], [ 11.356895731187926, 44.47573155511342 ], [ 11.356966724865735, 44.475864600869926 ], [ 11.357017807946216, 44.476052855658295 ], [ 11.357062162259718, 44.476130171589887 ], [ 11.357096536589992, 44.476178165023704 ], [ 11.357285332354197, 44.476342164254753 ], [ 11.357499566119543, 44.476525802765572 ], [ 11.357586455401652, 44.47660710145734 ], [ 11.357615103440486, 44.476625516096966 ], [ 11.357668419942902, 44.476659785281399 ], [ 11.357698630506338, 44.476694979095093 ], [ 11.357911131711866, 44.476675624033589 ], [ 11.357952795425117, 44.476671488291409 ], [ 11.358045248850997, 44.476662311641093 ], [ 11.358304674601589, 44.476641260919592 ], [ 11.35847528622495, 44.476636574791861 ], [ 11.358458694447998, 44.476598962597322 ], [ 11.358435943314703, 44.47654426557061 ], [ 11.358361435070522, 44.476396780252827 ], [ 11.358323072559955, 44.476292815765824 ], [ 11.358309105913952, 44.476201152579861 ], [ 11.358308114575202, 44.476112903400825 ], [ 11.358331972287107, 44.476003901200293 ], [ 11.358351981599411, 44.475929137090844 ], [ 11.358378716576178, 44.475861489228677 ], [ 11.358418431271852, 44.475783984522657 ], [ 11.358463572478243, 44.475708286144034 ], [ 11.358539322871978, 44.475604236304996 ], [ 11.35861629237117, 44.475511504511026 ], [ 11.358688834366985, 44.475426443442153 ], [ 11.358933191194732, 44.475180486210121 ], [ 11.359107995955892, 44.47499297034804 ], [ 11.359219465554927, 44.474847508084089 ], [ 11.35927798049978, 44.474762638401174 ], [ 11.359367379995893, 44.474605559622034 ] ] ] } },
{ "type": "Feature", "properties": { "MapCommunity": "C5", "CITY": "Bologna", "COM_ASC2": "37006017", "DEN_ASC2": "S. Viola", "is_member": 0, "is_incoming": 0, "CommunityInitial": "C5", "CommunityPrev": "C3", "CommunityFinal": "C3", "Transition": "stabile" }, "geometry": { "type": "Polygon", "coordinates": [ [ [ 11.31080647118625, 44.511164617845317 ], [ 11.310847689353288, 44.511163782566811 ], [ 11.311137673929853, 44.511177167584641 ], [ 11.311269914193213, 44.511180683977244 ], [ 11.311982279998022, 44.511179762433301 ], [ 11.312077548619651, 44.511178238023739 ], [ 11.31215219396516, 44.511152887342206 ], [ 11.312251375938692, 44.511145972910327 ], [ 11.312342681323239, 44.511099064697532 ], [ 11.312533823559079, 44.51102106828121 ], [ 11.312453251504259, 44.510870593116564 ], [ 11.312098285616539, 44.510906988415513 ], [ 11.311979720147653, 44.510790583823471 ], [ 11.311824412808599, 44.510618594137391 ], [ 11.311766340312786, 44.510541052645856 ], [ 11.311707649839581, 44.510447786250857 ], [ 11.31155058321743, 44.510161690057579 ], [ 11.310818704168922, 44.508743939839775 ], [ 11.310575165298593, 44.50823524139328 ], [ 11.310544978450993, 44.508166974629361 ], [ 11.310558971276956, 44.508103719328631 ], [ 11.310587206464026, 44.508049725675825 ], [ 11.310561237457645, 44.508028488493757 ], [ 11.310538648130487, 44.508006182714063 ], [ 11.310520501286929, 44.5079828021317 ], [ 11.310497085718895, 44.507960248391356 ], [ 11.310857012651194, 44.50786204502549 ], [ 11.310633635494998, 44.507644772141369 ], [ 11.310498471592798, 44.507557374206193 ], [ 11.310367129484046, 44.507432338233166 ], [ 11.310263055239135, 44.507338673380637 ], [ 11.310175870645583, 44.507202101574961 ], [ 11.310100779180457, 44.507089228216508 ], [ 11.30993321332326, 44.506799986850567 ], [ 11.309666000460682, 44.506295310560773 ], [ 11.309285594355131, 44.505576833816633 ], [ 11.309229271659257, 44.505473083288933 ], [ 11.308965830253419, 44.505069281128307 ], [ 11.308849734820464, 44.504881834305188 ], [ 11.308752425945835, 44.504729788141155 ], [ 11.308717572530282, 44.504672930571715 ], [ 11.308686879279097, 44.504611325521537 ], [ 11.30867002005022, 44.504569662268558 ], [ 11.308648321929311, 44.504515651713703 ], [ 11.308630599619057, 44.504452225978589 ], [ 11.308612633121452, 44.504382583498533 ], [ 11.30859249337373, 44.504312984965225 ], [ 11.308530665163932, 44.504068435294514 ], [ 11.308505322167473, 44.503977159333573 ], [ 11.308473307356687, 44.503898221276991 ], [ 11.308437665196605, 44.503835640422352 ], [ 11.308246079048846, 44.503557289138278 ], [ 11.307968902015647, 44.503164614892711 ], [ 11.307555449907797, 44.502587423997468 ], [ 11.307505184339119, 44.502530407646368 ], [ 11.307386171624913, 44.502423282511572 ], [ 11.307310236161934, 44.502378260514696 ], [ 11.307034557215486, 44.502150127081507 ], [ 11.306868064836575, 44.502011251865639 ], [ 11.306760049718239, 44.501922360913042 ], [ 11.306612460169747, 44.501800896940772 ], [ 11.306459398581001, 44.501673993245113 ], [ 11.30622213308984, 44.501478841358534 ], [ 11.305965701672125, 44.501269762027484 ], [ 11.305886627850219, 44.501210322718954 ], [ 11.305808660829436, 44.50114688816025 ], [ 11.30575280696875, 44.501183974436316 ], [ 11.305458171907173, 44.501379598760835 ], [ 11.305382018957618, 44.501410278055388 ], [ 11.305285175974239, 44.501432633616226 ], [ 11.305200533727197, 44.501454742719467 ], [ 11.30408702341796, 44.501366159064588 ], [ 11.303959422520322, 44.501346047058469 ], [ 11.303838621334027, 44.501297442254213 ], [ 11.303746633635292, 44.501242221416909 ], [ 11.303645834264445, 44.501175117567044 ], [ 11.303360763276093, 44.501291798807443 ], [ 11.303208250488979, 44.501354887215946 ], [ 11.303052924618372, 44.501410756288088 ], [ 11.302212623756397, 44.501627095151854 ], [ 11.300693277005729, 44.502014802725945 ], [ 11.299835436598276, 44.502233942462674 ], [ 11.299535547547894, 44.502314685383517 ], [ 11.298776882644484, 44.502518947444827 ], [ 11.298349540975682, 44.502636661571593 ], [ 11.298137252357074, 44.502698120761451 ], [ 11.297785641961152, 44.502795564787363 ], [ 11.296286877493968, 44.50324057698262 ], [ 11.295764817897437, 44.50339720616828 ], [ 11.295047987390955, 44.503612377448825 ], [ 11.294716628832276, 44.503710667912536 ], [ 11.294362594461182, 44.503816524301385 ], [ 11.293429115197942, 44.504099217801709 ], [ 11.293150333143942, 44.504180898167498 ], [ 11.292632290247353, 44.504336510451367 ], [ 11.291575353699596, 44.504650904005025 ], [ 11.291382393243113, 44.50470991993042 ], [ 11.291233762376606, 44.504754715678978 ], [ 11.291005217954748, 44.504821757062004 ], [ 11.290526359762831, 44.504961950479007 ], [ 11.28991858164002, 44.505136373890721 ], [ 11.289945588129397, 44.505169003943138 ], [ 11.289982941017298, 44.505248700768874 ], [ 11.290164296350072, 44.505595160198112 ], [ 11.290245714697184, 44.505744145272431 ], [ 11.290362001073017, 44.505959167709555 ], [ 11.290560023869389, 44.506342080183735 ], [ 11.290645652730111, 44.506510336905507 ], [ 11.290752241438698, 44.506719351637088 ], [ 11.290879268279765, 44.506968897117467 ], [ 11.29100557164732, 44.507218700035267 ], [ 11.291144916794309, 44.507492379650905 ], [ 11.291546055038802, 44.508251844107484 ], [ 11.291592521786274, 44.508338727821688 ], [ 11.291813234316617, 44.508756490576509 ], [ 11.291968526438534, 44.509036861964951 ], [ 11.292531943441164, 44.510098422651964 ], [ 11.292562951050369, 44.510157042246476 ], [ 11.292593984406698, 44.510215963801244 ], [ 11.292751765416915, 44.510514649313386 ], [ 11.29290159629992, 44.510658926473297 ], [ 11.293090796842343, 44.510841111946064 ], [ 11.293276179299722, 44.511326944000331 ], [ 11.293331834278629, 44.511747051570623 ], [ 11.293408461879455, 44.512325452995547 ], [ 11.294235147914772, 44.513610131045603 ], [ 11.294736837318077, 44.514100920219725 ], [ 11.29541368059888, 44.514762577567701 ], [ 11.295544412489516, 44.514890362586108 ], [ 11.295868613026824, 44.515150055763854 ], [ 11.296810505856461, 44.515511619081927 ], [ 11.297602720477498, 44.516198124260775 ], [ 11.297859527185343, 44.516430249209598 ], [ 11.298358322270129, 44.516278934136942 ], [ 11.29875599736971, 44.516158419978524 ], [ 11.299355474894691, 44.515997870089279 ], [ 11.300242739874895, 44.515758157464958 ], [ 11.30033379608818, 44.515733550649237 ], [ 11.301646515160435, 44.51538691620236 ], [ 11.302053322814778, 44.515279484280747 ], [ 11.302345000565232, 44.51520293270444 ], [ 11.30334350593388, 44.514940859504378 ], [ 11.303748714767517, 44.514837551758021 ], [ 11.304166409665072, 44.514731624672386 ], [ 11.30454225021723, 44.514636442933025 ], [ 11.305043002658948, 44.514511909230748 ], [ 11.305469914350637, 44.514403722471265 ], [ 11.305863669419111, 44.514303493239012 ], [ 11.306228509751474, 44.514210238624742 ], [ 11.306681138682713, 44.514093874690431 ], [ 11.306735442723561, 44.514079903710403 ], [ 11.307139838136044, 44.513975224754283 ], [ 11.30722924724968, 44.513952542558904 ], [ 11.30751927780805, 44.513878968375913 ], [ 11.307888823563045, 44.513783995571337 ], [ 11.308248078122157, 44.513692828885745 ], [ 11.308681371197837, 44.513580896437951 ], [ 11.309082678225062, 44.513477804385012 ], [ 11.309442259844454, 44.513385456986768 ], [ 11.309855005417132, 44.513278977204664 ], [ 11.310221826233539, 44.513185220506735 ], [ 11.31066971943044, 44.513070466109681 ], [ 11.311050766431659, 44.512972834861714 ], [ 11.310838925953314, 44.511647881189759 ], [ 11.310833454994665, 44.511512684277562 ], [ 11.310820667180536, 44.511351528936217 ], [ 11.31080647118625, 44.511164617845317 ] ] ] } },
{ "type": "Feature", "properties": { "MapCommunity": "C5", "CITY": "Bologna", "COM_ASC2": "37006018", "DEN_ASC2": "S. Vitale", "is_member": 1, "is_incoming": 0, "CommunityInitial": "C5", "CommunityPrev": "C5", "CommunityFinal": "C5", "Transition": "stabile" }, "geometry": { "type": "Polygon", "coordinates": [ [ [ 11.420561346850873, 44.508411211591792 ], [ 11.421680533521116, 44.508308634364674 ], [ 11.422430127902453, 44.508303287332623 ], [ 11.42307357763457, 44.508316880235043 ], [ 11.423261672134176, 44.508302408350154 ], [ 11.423235483394661, 44.508136964361263 ], [ 11.423899790601283, 44.508118262375739 ], [ 11.424035224523749, 44.508016476212937 ], [ 11.424709091614274, 44.508059955120537 ], [ 11.424933030796895, 44.507835033311267 ], [ 11.425218254972396, 44.507873395959848 ], [ 11.425206476212864, 44.507920008481769 ], [ 11.425297270575546, 44.507931224054445 ], [ 11.425315573922276, 44.507893293600702 ], [ 11.426366999675579, 44.508034794701182 ], [ 11.426750273504242, 44.508094165361911 ], [ 11.427170893026352, 44.508156072491957 ], [ 11.427405205215102, 44.508194032191177 ], [ 11.427615361128892, 44.50823879073252 ], [ 11.42771541522113, 44.508254053054671 ], [ 11.428030568862464, 44.508351237600166 ], [ 11.428207975645766, 44.508409310527625 ], [ 11.428297565382348, 44.50845869496473 ], [ 11.429281960895588, 44.509001296843195 ], [ 11.430442435849091, 44.508571323158357 ], [ 11.430331898705401, 44.508431499301381 ], [ 11.429013753967761, 44.506749729514674 ], [ 11.428946560801043, 44.506664600632867 ], [ 11.428895792936597, 44.506600281819914 ], [ 11.42887292508723, 44.506570923128102 ], [ 11.428834213033463, 44.506515568180191 ], [ 11.428820292972013, 44.506483229194124 ], [ 11.428818683943135, 44.506451316051226 ], [ 11.428831756307432, 44.506409268728973 ], [ 11.42888031196763, 44.506357043408386 ], [ 11.428935373324956, 44.506287121043187 ], [ 11.428352479401045, 44.505572019705262 ], [ 11.428304116600591, 44.505689240985149 ], [ 11.42828454607792, 44.505736761404115 ], [ 11.428226464364679, 44.505815082281011 ], [ 11.42785751878198, 44.505875293485019 ], [ 11.427758674411423, 44.505891424482662 ], [ 11.427456286008701, 44.506032302336038 ], [ 11.427261317037773, 44.505554921233816 ], [ 11.426971775648223, 44.504845966516271 ], [ 11.426783650947389, 44.504385316091351 ], [ 11.426587033881138, 44.503903863583872 ], [ 11.426421805907463, 44.503499270846497 ], [ 11.425964908455821, 44.502340914756743 ], [ 11.425799314666348, 44.501912518810258 ], [ 11.425723689608439, 44.501717409963334 ], [ 11.42554339616089, 44.501277437190474 ], [ 11.425406257945639, 44.501041789461269 ], [ 11.425115978270565, 44.500619561667065 ], [ 11.424032604518411, 44.500979821771701 ], [ 11.423117203830659, 44.501219814756631 ], [ 11.423108908462977, 44.501188746542077 ], [ 11.422983842143713, 44.500696668897604 ], [ 11.422944641048163, 44.500527470413815 ], [ 11.422931476303752, 44.500470077605478 ], [ 11.422873690300909, 44.500218312215658 ], [ 11.422857507288509, 44.500150246098272 ], [ 11.422845724946216, 44.500106721198222 ], [ 11.422712368078114, 44.499513981377653 ], [ 11.422469625010301, 44.4984557136654 ], [ 11.422444304092044, 44.498397800938328 ], [ 11.422399194715023, 44.498401549926641 ], [ 11.42192031053253, 44.498441485695345 ], [ 11.421845880449643, 44.498447565250927 ], [ 11.421609661135104, 44.498457643402155 ], [ 11.421243192582901, 44.498473292686064 ], [ 11.42084380631618, 44.498472754586821 ], [ 11.420519002778146, 44.498450950376665 ], [ 11.420488105878606, 44.498408853232718 ], [ 11.419550548377888, 44.497122792662516 ], [ 11.41944543935149, 44.496978549598722 ], [ 11.419427276130863, 44.496953702165897 ], [ 11.41938326781538, 44.49689323378346 ], [ 11.419237170779244, 44.496692818952909 ], [ 11.421590708337952, 44.496196719301814 ], [ 11.421678774052992, 44.496177979298189 ], [ 11.421648338443694, 44.496144003792054 ], [ 11.421538482095961, 44.496021122929491 ], [ 11.418414674915024, 44.492519397644919 ], [ 11.418570446999411, 44.492470712599911 ], [ 11.418546826607685, 44.492437974641454 ], [ 11.418471751808635, 44.492333910108151 ], [ 11.417881556149153, 44.491512479791048 ], [ 11.417265003723706, 44.490630908150401 ], [ 11.418034394976038, 44.490380542036348 ], [ 11.420007481881534, 44.489737809494969 ], [ 11.424057656823569, 44.488973951270602 ], [ 11.424239355878782, 44.489407671177382 ], [ 11.424454577920732, 44.489921395903195 ], [ 11.424512500851716, 44.49012929198804 ], [ 11.424541386467304, 44.490232953545451 ], [ 11.424598756579865, 44.490213728925482 ], [ 11.424646701660105, 44.490197354833612 ], [ 11.424812693155406, 44.490141107078784 ], [ 11.426429008146773, 44.489559291717782 ], [ 11.42726699409841, 44.489277028681173 ], [ 11.426113438764908, 44.487484736358454 ], [ 11.426060607414897, 44.487402670840872 ], [ 11.425980090606082, 44.487381385865511 ], [ 11.425828600235288, 44.487341281303472 ], [ 11.425689407540556, 44.487306650759642 ], [ 11.425493448681943, 44.487314616528487 ], [ 11.425267228708794, 44.487242338488599 ], [ 11.425095571509953, 44.487158775625026 ], [ 11.424971159703061, 44.487096708098058 ], [ 11.424898090301884, 44.487059443904201 ], [ 11.424843270652303, 44.487007148387491 ], [ 11.424645877797072, 44.486834104789104 ], [ 11.424526449599675, 44.486664471563806 ], [ 11.424402452619947, 44.486498311213658 ], [ 11.424369117473917, 44.486438434510802 ], [ 11.424313291423491, 44.486338160124355 ], [ 11.424203020591614, 44.486240906404205 ], [ 11.424141969757757, 44.4861870620921 ], [ 11.42411264613675, 44.486146350348967 ], [ 11.424048566890942, 44.486057384592435 ], [ 11.424010445604855, 44.485952975497476 ], [ 11.423961191219201, 44.485919402878146 ], [ 11.423932794309891, 44.485900048048457 ], [ 11.423920405108788, 44.485866551431471 ], [ 11.423964887548479, 44.485807208882768 ], [ 11.424028402334415, 44.485722473677967 ], [ 11.42431755145723, 44.485473828614758 ], [ 11.42474382907713, 44.485290912061302 ], [ 11.425105399431134, 44.485082917232418 ], [ 11.425331982009828, 44.484993711220774 ], [ 11.425721551106029, 44.484807844771538 ], [ 11.425672049506463, 44.484706166365342 ], [ 11.425493796020971, 44.484539467601557 ], [ 11.425370420467573, 44.484407053850852 ], [ 11.425327627592324, 44.484360703990902 ], [ 11.425074654230233, 44.484249601328415 ], [ 11.424697341625835, 44.48413439726729 ], [ 11.424457284718876, 44.484069160731217 ], [ 11.423925091010229, 44.483971870069695 ], [ 11.423611380470794, 44.483931272065789 ], [ 11.423164675216372, 44.483905305172584 ], [ 11.422804176645901, 44.483873572713833 ], [ 11.422207697267279, 44.483855848448918 ], [ 11.421597413541607, 44.483884555780278 ], [ 11.421528479057629, 44.483889951378757 ], [ 11.421482180404666, 44.483893410141334 ], [ 11.421070100059953, 44.4839238750723 ], [ 11.420755101024451, 44.483946872817683 ], [ 11.419956412614475, 44.483999817092055 ], [ 11.418975736439146, 44.484010397663276 ], [ 11.418663411927039, 44.484013801837186 ], [ 11.418482220927407, 44.484014270279218 ], [ 11.418173770270517, 44.484015136030898 ], [ 11.417988631175639, 44.484079298719173 ], [ 11.417826231886693, 44.48408875776169 ], [ 11.417647986751369, 44.48409913915053 ], [ 11.417533021095911, 44.484104814043882 ], [ 11.417434819840501, 44.484105960191393 ], [ 11.417039840391947, 44.484106676551882 ], [ 11.416897247014653, 44.484106881554744 ], [ 11.416608018530795, 44.483954346078008 ], [ 11.416206507121478, 44.483894864281226 ], [ 11.416019643060471, 44.483867179859068 ], [ 11.415970209157381, 44.483841438024115 ], [ 11.415855039510314, 44.483742463139414 ], [ 11.415698713799406, 44.483611292594169 ], [ 11.415617185424093, 44.483499535756522 ], [ 11.415493775720991, 44.483330367028294 ], [ 11.415464946439634, 44.48326294719643 ], [ 11.415414540685262, 44.483145176895889 ], [ 11.415393896794109, 44.48309582038921 ], [ 11.415364292872129, 44.483069788325906 ], [ 11.41530643758696, 44.48293641206557 ], [ 11.415287986000861, 44.482902658354803 ], [ 11.415239725241847, 44.482814776199675 ], [ 11.415202480280076, 44.482746874468098 ], [ 11.415177030549922, 44.482701295359192 ], [ 11.415083386071665, 44.482718916838202 ], [ 11.415012784891145, 44.482606295482299 ], [ 11.414994816473966, 44.482513715770352 ], [ 11.41499006990883, 44.482447133094801 ], [ 11.414985209061904, 44.482311460646436 ], [ 11.414982128293103, 44.482225461947209 ], [ 11.415007637797768, 44.48216294932012 ], [ 11.415052805732486, 44.482052916518079 ], [ 11.41503246015235, 44.482013602319526 ], [ 11.415009147331896, 44.481968631546422 ], [ 11.414835338471981, 44.481841370376458 ], [ 11.414736249191732, 44.481768809854032 ], [ 11.414659967311225, 44.481712950943432 ], [ 11.414341324513391, 44.481587726343179 ], [ 11.414291365720171, 44.481568092327379 ], [ 11.414233318903522, 44.481545259677553 ], [ 11.41400786753788, 44.481477954694668 ], [ 11.413918183919659, 44.481451186995443 ], [ 11.413667715226929, 44.481417153702971 ], [ 11.413273246059646, 44.481317368268797 ], [ 11.412958667572235, 44.481241966046589 ], [ 11.412643483682928, 44.481164792336685 ], [ 11.412347130069985, 44.481010704071032 ], [ 11.412175775826151, 44.48087286201595 ], [ 11.41210245073024, 44.480813876220168 ], [ 11.411937521529223, 44.480726170321404 ], [ 11.411902490559171, 44.480707090388798 ], [ 11.411867028989695, 44.480715023724748 ], [ 11.411809485642936, 44.480733463295053 ], [ 11.411655130628493, 44.480796238797581 ], [ 11.411470968052511, 44.480869715891338 ], [ 11.411069974605487, 44.481030116779095 ], [ 11.411038719362653, 44.481042698176857 ], [ 11.410579380452813, 44.481227358302576 ], [ 11.410224167380926, 44.48137235737682 ], [ 11.409864897363743, 44.481514490840169 ], [ 11.409599726260309, 44.481619027124637 ], [ 11.409300822947952, 44.481741108707588 ], [ 11.40893972880021, 44.48188592811568 ], [ 11.408616905044122, 44.482016525004653 ], [ 11.408235665018806, 44.482169959621608 ], [ 11.407926387015232, 44.482293696884923 ], [ 11.407574668060059, 44.482434263033902 ], [ 11.407201586516178, 44.482584371208681 ], [ 11.406777374081642, 44.482754101565028 ], [ 11.40639352767894, 44.482908574351718 ], [ 11.406103878672655, 44.483026672264266 ], [ 11.405863969657229, 44.483122023975753 ], [ 11.405385310899637, 44.483313422561629 ], [ 11.405146592402604, 44.483410229501501 ], [ 11.404813249973365, 44.483545407089913 ], [ 11.404372971885277, 44.483722308910352 ], [ 11.403954748987688, 44.483891272409977 ], [ 11.403424308068491, 44.484105088483126 ], [ 11.402841425804034, 44.484340351824905 ], [ 11.40238134619633, 44.48452531495932 ], [ 11.40202959937451, 44.484666952077774 ], [ 11.401937852776664, 44.484703895497852 ], [ 11.401391188199401, 44.484924165232968 ], [ 11.401021583789248, 44.485073999956313 ], [ 11.400603223071009, 44.485240073214534 ], [ 11.400555888857982, 44.485259081027131 ], [ 11.400123449913732, 44.485432732576854 ], [ 11.399724068324005, 44.485594452314203 ], [ 11.399190691080005, 44.485809111621542 ], [ 11.399008089729314, 44.485882628469589 ], [ 11.398668211377895, 44.486019771856142 ], [ 11.398159582152376, 44.486225449265824 ], [ 11.397882997764198, 44.486340932725774 ], [ 11.397590881698617, 44.486454896206041 ], [ 11.397102876126715, 44.486652758099794 ], [ 11.396785755581279, 44.486779600642322 ], [ 11.39668146427235, 44.48682167182168 ], [ 11.396297598969845, 44.486974797489644 ], [ 11.395826313543909, 44.487165694116051 ], [ 11.395184981825286, 44.487424651461069 ], [ 11.394680568674959, 44.487627618614994 ], [ 11.394499061893608, 44.487707381872916 ], [ 11.394162830680859, 44.487841906478323 ], [ 11.393773566897453, 44.487998316575379 ], [ 11.393714338605518, 44.488019656863379 ], [ 11.393088669842252, 44.488275207670405 ], [ 11.392493780268522, 44.488505215991296 ], [ 11.391546802627987, 44.488886870969793 ], [ 11.391128467603224, 44.489054889443537 ], [ 11.390988817931671, 44.489110670580935 ], [ 11.390896325623345, 44.489147616221437 ], [ 11.390135193369442, 44.489451996609169 ], [ 11.389152772078926, 44.48983491395456 ], [ 11.388900664730764, 44.489931825713434 ], [ 11.388930278921752, 44.489981034366707 ], [ 11.388668501591823, 44.490076958739863 ], [ 11.388331873515392, 44.490202791436516 ], [ 11.387948100772842, 44.490339140408921 ], [ 11.387838117783001, 44.490385230574176 ], [ 11.387791123319298, 44.490406632363673 ], [ 11.387717319575961, 44.490438305996982 ], [ 11.387387920360526, 44.490572275176142 ], [ 11.38696808178104, 44.490738212206359 ], [ 11.386319970396158, 44.490999460711194 ], [ 11.384283946253483, 44.491848782626107 ], [ 11.384253886824695, 44.491815052115278 ], [ 11.384223885362299, 44.491718630898085 ], [ 11.384197253002052, 44.491632999119965 ], [ 11.384176912221331, 44.491559782828858 ], [ 11.384161293052884, 44.491503663752852 ], [ 11.38420571620167, 44.491498144608421 ], [ 11.383476725603643, 44.489244370178398 ], [ 11.382856418256692, 44.489348679588041 ], [ 11.382336477650423, 44.489468112071691 ], [ 11.381764720367512, 44.489593924967352 ], [ 11.381613782645722, 44.48962137124466 ], [ 11.381513746762344, 44.489644794434248 ], [ 11.381477201964664, 44.489655392176175 ], [ 11.381379271476021, 44.489684225991212 ], [ 11.381144248956614, 44.489755941364116 ], [ 11.381102430345409, 44.489766716513905 ], [ 11.381059714960465, 44.489773999345296 ], [ 11.380982800136509, 44.489778224315188 ], [ 11.380914900982944, 44.48977873037559 ], [ 11.380810513886127, 44.489770966918471 ], [ 11.380747187536047, 44.489764674180535 ], [ 11.380469126359344, 44.489718267976016 ], [ 11.380324515440492, 44.48969723672235 ], [ 11.380247416960263, 44.489687861217668 ], [ 11.380161814046637, 44.489682715049618 ], [ 11.380101373368992, 44.489690187055956 ], [ 11.379934801544051, 44.489697810197619 ], [ 11.379870518492654, 44.489700671843018 ], [ 11.379610983742976, 44.489751184454548 ], [ 11.379190633408079, 44.489898325052224 ], [ 11.379119805901931, 44.489910324361738 ], [ 11.378932539227968, 44.489981386453415 ], [ 11.37880145606135, 44.490017606876847 ], [ 11.378685932200813, 44.490043520860212 ], [ 11.378552195882488, 44.489692643662245 ], [ 11.378492800273515, 44.489580458567374 ], [ 11.3782987836187, 44.489242387361976 ], [ 11.378190213265778, 44.489046576192273 ], [ 11.378001884619408, 44.48864236187174 ], [ 11.377982116577101, 44.488591211352563 ], [ 11.377936293800406, 44.488472670956455 ], [ 11.377899247265804, 44.488386405654424 ], [ 11.377696096990636, 44.487823442693021 ], [ 11.37768398326901, 44.487787295743011 ], [ 11.377292698308301, 44.486619521476676 ], [ 11.377232501381808, 44.486500132280746 ], [ 11.377101504209483, 44.48653208444464 ], [ 11.376515759566169, 44.486630749440707 ], [ 11.376392250463869, 44.486651118808524 ], [ 11.376282307237632, 44.48665595525695 ], [ 11.376193559981266, 44.486657802653163 ], [ 11.376145104900663, 44.486658789676959 ], [ 11.376090510081806, 44.486659926985929 ], [ 11.37609809765657, 44.486444295636957 ], [ 11.376103932865089, 44.486276981653816 ], [ 11.376115997041412, 44.4859327910277 ], [ 11.376129005499347, 44.485561692685401 ], [ 11.376137330592659, 44.485324157944618 ], [ 11.376149439015579, 44.48497873839279 ], [ 11.37617496516334, 44.484250476104485 ], [ 11.376178389509795, 44.484152763589691 ], [ 11.376200093257149, 44.483533566189415 ], [ 11.376208017129752, 44.483307491026586 ], [ 11.376218980486476, 44.482994726010354 ], [ 11.37622252435963, 44.48289361070799 ], [ 11.376095733636477, 44.482937333284035 ], [ 11.375594129920847, 44.483130287228342 ], [ 11.37448305553924, 44.483557851937725 ], [ 11.373412968356901, 44.483969675937509 ], [ 11.373138791947126, 44.48407519153357 ], [ 11.372785286727133, 44.484217389027364 ], [ 11.372569680294395, 44.484302962202634 ], [ 11.372454088729889, 44.484346039241046 ], [ 11.372303699170903, 44.484404302001657 ], [ 11.371414439835522, 44.484748808830439 ], [ 11.370927898561897, 44.484945177991214 ], [ 11.370489087895329, 44.485104354483447 ], [ 11.369863292893946, 44.485341780841132 ], [ 11.369112950628443, 44.485626864649689 ], [ 11.367548736573225, 44.486197344780209 ], [ 11.367171021023101, 44.486331132406889 ], [ 11.366336750043843, 44.486651427954008 ], [ 11.366359768702448, 44.486822222395091 ], [ 11.366267063687996, 44.488228141363543 ], [ 11.366164945953715, 44.489381925134374 ], [ 11.365870164631083, 44.489433109158334 ], [ 11.365678972420808, 44.489479024509812 ], [ 11.365563369973641, 44.489506783165396 ], [ 11.365198066585478, 44.489594498226836 ], [ 11.365148587112971, 44.489614879875141 ], [ 11.365005281479311, 44.489663222000658 ], [ 11.364941328716244, 44.489689574144407 ], [ 11.36457637598839, 44.489245779730474 ], [ 11.364539042724587, 44.489254893948875 ], [ 11.36437473655306, 44.489303218353193 ], [ 11.364112288983881, 44.489384636708699 ], [ 11.363993787421613, 44.489194077118022 ], [ 11.363918336238333, 44.489215983663406 ], [ 11.363777211300853, 44.489262209394418 ], [ 11.363691981811394, 44.489288101157904 ], [ 11.363562078398335, 44.489095757924247 ], [ 11.363509305499568, 44.489108837534474 ], [ 11.363485546323863, 44.489073173261758 ], [ 11.363069487275574, 44.48919960280535 ], [ 11.36302246080295, 44.489113945271875 ], [ 11.362931159219636, 44.489130464430971 ], [ 11.362580119898571, 44.489235497515928 ], [ 11.361838152092915, 44.489457548070021 ], [ 11.361594844402878, 44.489530372268675 ], [ 11.361536901024236, 44.489547733333161 ], [ 11.361291519930647, 44.489621179544386 ], [ 11.361218176216063, 44.48964283545012 ], [ 11.3609462608557, 44.489723118976052 ], [ 11.3607234744313, 44.48979020355771 ], [ 11.360561946155425, 44.48983891694963 ], [ 11.36025863653215, 44.489930171298347 ], [ 11.359668288600018, 44.490107753510188 ], [ 11.359491048506191, 44.490159851043451 ], [ 11.359383413152461, 44.49019151422911 ], [ 11.359249547196269, 44.490230739653242 ], [ 11.358799746320773, 44.49036327952097 ], [ 11.358657253818558, 44.490410067326401 ], [ 11.358506446844524, 44.490459636588668 ], [ 11.357650320825364, 44.490695927954242 ], [ 11.357441562659437, 44.49058118640697 ], [ 11.357277716399961, 44.4920793180939 ], [ 11.357080583764439, 44.493775402058311 ], [ 11.357071080960681, 44.493936542865157 ], [ 11.357061869039494, 44.494041363801564 ], [ 11.35704910867808, 44.494285455945374 ], [ 11.356958321896121, 44.494823281247335 ], [ 11.356773055833878, 44.496510047099747 ], [ 11.356592014729149, 44.49816868469307 ], [ 11.356644104072325, 44.498372452195127 ], [ 11.356560901727443, 44.498607696711339 ], [ 11.356519807699218, 44.498666839435558 ], [ 11.356499149263133, 44.498866203048919 ], [ 11.356380844206866, 44.499798136022285 ], [ 11.356369587109125, 44.499986997564513 ], [ 11.35625999850849, 44.500779067289216 ], [ 11.356228348454493, 44.500956892149986 ], [ 11.356308745302401, 44.501002640204078 ], [ 11.357303574762655, 44.5015315135322 ], [ 11.35788026783826, 44.501822701726972 ], [ 11.358009896186154, 44.50189406667279 ], [ 11.358362550750659, 44.502075249420109 ], [ 11.358506250461398, 44.502149085975731 ], [ 11.359884000032915, 44.5016003856636 ], [ 11.360700627044741, 44.501273184527008 ], [ 11.360785525631982, 44.501214461385793 ], [ 11.360855824335882, 44.501166193233665 ], [ 11.360913999279605, 44.501142753709956 ], [ 11.361312539979339, 44.500972464016776 ], [ 11.361578723543373, 44.500854516286189 ], [ 11.361901251788147, 44.500711368859626 ], [ 11.362339590825004, 44.500514415616742 ], [ 11.36310698561196, 44.500174261156552 ], [ 11.363359026043172, 44.500064345157206 ], [ 11.363590477431504, 44.499964935993162 ], [ 11.363985229268305, 44.499803493802212 ], [ 11.364598419728191, 44.499554502971826 ], [ 11.364850731238322, 44.499452139317128 ], [ 11.365409865693529, 44.49922557485845 ], [ 11.365481987096349, 44.499208677862498 ], [ 11.365552307637326, 44.499180878209913 ], [ 11.365668915403344, 44.499133754921452 ], [ 11.367313181770681, 44.498469338741685 ], [ 11.368473427682066, 44.497995955503228 ], [ 11.369117282606936, 44.497736718147586 ], [ 11.369653684854859, 44.497517397073842 ], [ 11.36983278162265, 44.497444653648202 ], [ 11.370550522849795, 44.497151666639319 ], [ 11.37063804915635, 44.497265998437264 ], [ 11.37108030687372, 44.497090514734339 ], [ 11.372077907843787, 44.496691088311152 ], [ 11.372720699894796, 44.49643522863478 ], [ 11.373146637016442, 44.496264002162533 ], [ 11.37336087261782, 44.496177880347531 ], [ 11.374037873342907, 44.495908275257477 ], [ 11.374411625832115, 44.495757208499263 ], [ 11.374622387895053, 44.495676888503731 ], [ 11.374659952814525, 44.495663134344234 ], [ 11.374695578833894, 44.495646638710248 ], [ 11.374695232756112, 44.495711618423471 ], [ 11.374700434274933, 44.495838875103068 ], [ 11.374706344439657, 44.495953444107954 ], [ 11.3747157674173, 44.496095667074982 ], [ 11.374732610068696, 44.496281219038707 ], [ 11.374753714362416, 44.496472534013776 ], [ 11.37478874813949, 44.496746741212597 ], [ 11.374816774016301, 44.496959877556193 ], [ 11.374877033650604, 44.497415411960098 ], [ 11.374918894633263, 44.497746193274658 ], [ 11.374951736007796, 44.497999854391892 ], [ 11.374973144783135, 44.498165211217305 ], [ 11.375030635743853, 44.498580381498591 ], [ 11.375076339637966, 44.498912883257482 ], [ 11.375089482054985, 44.498974238737709 ], [ 11.375087401491731, 44.499048775631678 ], [ 11.37509481158974, 44.499129013544824 ], [ 11.37510892022048, 44.499228646769232 ], [ 11.375126902917488, 44.499395720491037 ], [ 11.375137313311287, 44.499463111415309 ], [ 11.3752243525752, 44.499730868940851 ], [ 11.375274299251151, 44.500116634230736 ], [ 11.375383009391875, 44.500950254702317 ], [ 11.375427266126588, 44.50129226242364 ], [ 11.375468450170599, 44.501610517750208 ], [ 11.375839954614026, 44.501500229826696 ], [ 11.375935170025411, 44.501756734389623 ], [ 11.37601012040928, 44.501951249450144 ], [ 11.376076449903772, 44.502088325648863 ], [ 11.376168623451795, 44.502270149470505 ], [ 11.376275413393055, 44.502458780075855 ], [ 11.376342241361062, 44.502561727792937 ], [ 11.376378694917324, 44.502616783949698 ], [ 11.376427647378597, 44.502700838241822 ], [ 11.376519300066407, 44.502823344772295 ], [ 11.376638178396423, 44.502972022021453 ], [ 11.376784513409731, 44.503149294884956 ], [ 11.376906719031075, 44.503277734112267 ], [ 11.37701387899199, 44.503391727696723 ], [ 11.377133612830836, 44.503508696659054 ], [ 11.377301038431684, 44.503650870654802 ], [ 11.377477747451334, 44.503798522669705 ], [ 11.377605596199972, 44.503892367367264 ], [ 11.377720881397636, 44.503980349166874 ], [ 11.377838986132708, 44.504060353457326 ], [ 11.378008330423361, 44.504172236905752 ], [ 11.378223242148891, 44.504294154791346 ], [ 11.378394034078189, 44.504395204421229 ], [ 11.378546482127163, 44.504478272586312 ], [ 11.378707340879993, 44.504557833432408 ], [ 11.378846126257789, 44.504623541768275 ], [ 11.378967510363976, 44.504682047730014 ], [ 11.379103097923633, 44.504743320211915 ], [ 11.379238063387428, 44.504795512905808 ], [ 11.37937664729775, 44.504853120681524 ], [ 11.379525403872035, 44.504907275311389 ], [ 11.379642288780767, 44.504954082777417 ], [ 11.379878112628656, 44.505027127773879 ], [ 11.3799871218982, 44.505056633201434 ], [ 11.380146801291815, 44.505103987409584 ], [ 11.380373799663012, 44.505164163476422 ], [ 11.380578218768633, 44.50521040496924 ], [ 11.380718838471884, 44.505240780903705 ], [ 11.380864505579094, 44.505271501518429 ], [ 11.381098260358216, 44.505312178804232 ], [ 11.381248625788411, 44.505333124066411 ], [ 11.381398755727862, 44.505352115084641 ], [ 11.381448673655688, 44.505358403583259 ], [ 11.381551979475288, 44.505371700346224 ], [ 11.381592414401984, 44.505376592272633 ], [ 11.381653350744118, 44.50538432257445 ], [ 11.381705646105733, 44.505390914258093 ], [ 11.381773033931069, 44.505399458759008 ], [ 11.381915200772935, 44.505417299072356 ], [ 11.38196153202345, 44.505418734182783 ], [ 11.382334789062774, 44.505458686408524 ], [ 11.382691235162456, 44.505503370759257 ], [ 11.382966608739549, 44.505528051178153 ], [ 11.38331188003899, 44.505554692560395 ], [ 11.383519886480617, 44.505565472893906 ], [ 11.383662955707045, 44.505569416531046 ], [ 11.383903920972795, 44.50556780638901 ], [ 11.384083309733148, 44.505561629235423 ], [ 11.384297531412882, 44.505558235241125 ], [ 11.38451302844329, 44.505542930817569 ], [ 11.384867533914397, 44.505512208306172 ], [ 11.385225755059826, 44.505495451053662 ], [ 11.385514339013438, 44.505483208842193 ], [ 11.38565699939759, 44.505477166574337 ], [ 11.38588853167145, 44.505481780197869 ], [ 11.386031083309428, 44.505485372479384 ], [ 11.386132107132768, 44.505485601455007 ], [ 11.386309468860723, 44.505494496553965 ], [ 11.386459250927052, 44.505508829351648 ], [ 11.386630739501774, 44.505527931409041 ], [ 11.386753101230374, 44.505551570502028 ], [ 11.38721964151979, 44.505614009019588 ], [ 11.388522320405812, 44.505788329819651 ], [ 11.388644980669271, 44.505802956269008 ], [ 11.38876872395319, 44.505817670654068 ], [ 11.388789034685221, 44.505732893394111 ], [ 11.389531710377884, 44.50583409000992 ], [ 11.391040172825202, 44.506030671313724 ], [ 11.392916531496786, 44.506279920179807 ], [ 11.393774246727373, 44.506385298910487 ], [ 11.393935500606501, 44.506405029520472 ], [ 11.394124720780773, 44.506428182197006 ], [ 11.394367374273948, 44.50645815853828 ], [ 11.394858196979241, 44.506515159044532 ], [ 11.395109094656117, 44.506543223349354 ], [ 11.395322753258926, 44.506567954360222 ], [ 11.395471825903105, 44.506586159499641 ], [ 11.395515189725581, 44.50658621906571 ], [ 11.395586854269991, 44.50658631757203 ], [ 11.395667885031134, 44.506584642216012 ], [ 11.395833311550708, 44.506575332129259 ], [ 11.395996985604214, 44.506566820203332 ], [ 11.396116217984812, 44.5065606192152 ], [ 11.396209356083514, 44.506559010721027 ], [ 11.396264262930941, 44.506558996041335 ], [ 11.396671571474752, 44.506522023913071 ], [ 11.396715238778736, 44.506518041702499 ], [ 11.396759189114384, 44.506574627272656 ], [ 11.396734271017081, 44.506653746433109 ], [ 11.396851440666017, 44.506669306666936 ], [ 11.396968758086388, 44.506685002316786 ], [ 11.397232840108556, 44.506753094966477 ], [ 11.397366798434073, 44.506771079385025 ], [ 11.397476989800122, 44.506758501283478 ], [ 11.397576354175261, 44.506745698554582 ], [ 11.397616420787536, 44.50674729039163 ], [ 11.397657027445945, 44.506752786085372 ], [ 11.397698655259791, 44.506776982043114 ], [ 11.397745614281787, 44.506805433145203 ], [ 11.397792520503705, 44.506827290060151 ], [ 11.397839362448122, 44.506830649842051 ], [ 11.39860834485437, 44.506805854215152 ], [ 11.399211350903828, 44.506747041855391 ], [ 11.399624865911539, 44.506707402611035 ], [ 11.400772829132428, 44.506709060634691 ], [ 11.401348189372889, 44.506768453982552 ], [ 11.401692809344123, 44.506842274520913 ], [ 11.402266999964402, 44.506937039994959 ], [ 11.405297302230421, 44.507324062121072 ], [ 11.406936478040386, 44.507533683347368 ], [ 11.407858001047719, 44.507703235671961 ], [ 11.408806470981533, 44.507887087731056 ], [ 11.409791296587295, 44.508180848153479 ], [ 11.410749497791297, 44.508605499574344 ], [ 11.411408270143504, 44.508917517064155 ], [ 11.411829826464865, 44.50911375394989 ], [ 11.412138299802544, 44.509207410923104 ], [ 11.412651700552459, 44.509300020934852 ], [ 11.412889106294539, 44.509332365295293 ], [ 11.413376442103688, 44.50939597210759 ], [ 11.413775672446073, 44.509436683803628 ], [ 11.414494331395881, 44.509419594354092 ], [ 11.415086141475802, 44.509341392114777 ], [ 11.415449125892158, 44.509253868981595 ], [ 11.41592125106957, 44.50906009129919 ], [ 11.416435440022031, 44.508849810777811 ], [ 11.41689975896705, 44.508757509065028 ], [ 11.417952560187237, 44.508659268326625 ], [ 11.41921385640708, 44.508542458997006 ], [ 11.420561346850873, 44.508411211591792 ] ] ] } }
]
}
