{
"type": "FeatureCollection",
"name": "c1_fingerprint_mappe_23_25",
"crs": { "type": "name", "properties": { "name": "urn:ogc:def:crs:OGC:1.3:CRS84" } },
"features": [
{ "type": "Feature", "properties": { "MapCommunity": "C1", "CITY": "Milano", "COM_ASC2": "15146001", "DEN_ASC2": "Duomo", "is_member": 0, "is_incoming": 0, "CommunityInitial": "", "CommunityPrev": "", "CommunityFinal": "", "Transition": "" }, "geometry": { "type": "Polygon", "coordinates": [ [ [ 9.181984992139862, 45.468432572882037 ], [ 9.182115418426912, 45.46832682520504 ], [ 9.182325578984125, 45.468461235908961 ], [ 9.182462082899777, 45.468364751157885 ], [ 9.182620082525947, 45.468240418211536 ], [ 9.182789064018072, 45.468107442533856 ], [ 9.182944151658187, 45.467985400094818 ], [ 9.182753928031953, 45.467825935321677 ], [ 9.183870982906926, 45.466971749977937 ], [ 9.184705440523222, 45.46633565425725 ], [ 9.185208468437974, 45.4659800659566 ], [ 9.185666308377092, 45.465615727709007 ], [ 9.186184247770084, 45.465208354877085 ], [ 9.186508365584642, 45.465473987748616 ], [ 9.186778299006225, 45.465599561560978 ], [ 9.188085179990335, 45.465605251786428 ], [ 9.1883327506303, 45.465832570395669 ], [ 9.188932926667366, 45.46651948351807 ], [ 9.189008567610658, 45.466589477647602 ], [ 9.189349000021432, 45.466923875985721 ], [ 9.189397633553154, 45.466971647477692 ], [ 9.189875143509102, 45.467330679940908 ], [ 9.189910670459643, 45.46735739041408 ], [ 9.18993872394676, 45.46738251109177 ], [ 9.190006641863281, 45.467443326278534 ], [ 9.190350605365197, 45.467768092538776 ], [ 9.190906229981888, 45.468292695090931 ], [ 9.191053946384658, 45.468434259113309 ], [ 9.191250098858854, 45.468640514390785 ], [ 9.191339106656928, 45.468734106382747 ], [ 9.191614921005728, 45.469024122205887 ], [ 9.191645455953976, 45.469056229515218 ], [ 9.19203970952462, 45.469373935695501 ], [ 9.192452552375121, 45.469734318899256 ], [ 9.192654876842022, 45.469943210367468 ], [ 9.192747674463286, 45.470039809345181 ], [ 9.192992205881788, 45.470286782293677 ], [ 9.193219195940205, 45.470516037648459 ], [ 9.193455761997088, 45.470754960698081 ], [ 9.193929110609838, 45.471190106923238 ], [ 9.194401819676829, 45.471624653663824 ], [ 9.194727231131756, 45.47192379011603 ], [ 9.194822069164113, 45.472010578910727 ], [ 9.194953158645472, 45.472128853998605 ], [ 9.195131546145864, 45.472292412294713 ], [ 9.197379671823102, 45.470450235727348 ], [ 9.198046450983496, 45.469925539477138 ], [ 9.198149107053839, 45.469832651951258 ], [ 9.198218159979218, 45.46977010983268 ], [ 9.198745912788031, 45.469280862338202 ], [ 9.198889408042152, 45.469147072796112 ], [ 9.19897564103772, 45.469067032596968 ], [ 9.199042196408177, 45.46900525852292 ], [ 9.199246413551204, 45.468783342805843 ], [ 9.199534488782103, 45.468471631146087 ], [ 9.199749058504977, 45.468211937346553 ], [ 9.200211764032648, 45.467580786735418 ], [ 9.20043743754246, 45.467261216037542 ], [ 9.200544242664966, 45.467005715263333 ], [ 9.200529897636711, 45.466729768495362 ], [ 9.200503332672534, 45.466271663583015 ], [ 9.20048046241949, 45.466004809437678 ], [ 9.200461969106049, 45.465789011348804 ], [ 9.200426469612839, 45.465658551876331 ], [ 9.20036431542651, 45.465430132378209 ], [ 9.199989777118599, 45.464778303148755 ], [ 9.199709222843296, 45.464205652956863 ], [ 9.198807433734183, 45.463221881543305 ], [ 9.198053930700564, 45.462440865108171 ], [ 9.197922019494428, 45.462304694123468 ], [ 9.197881072895623, 45.462262424337844 ], [ 9.197406652187773, 45.461772672798709 ], [ 9.197162265715026, 45.4615203835735 ], [ 9.196991845550837, 45.461335826308314 ], [ 9.196580016827765, 45.460889829736288 ], [ 9.196479626747839, 45.460791934402252 ], [ 9.196443365337339, 45.460757483473415 ], [ 9.196166060449638, 45.460462084329677 ], [ 9.196092441186947, 45.460384002016241 ], [ 9.19588604575198, 45.4601648943054 ], [ 9.195288942526581, 45.459528931487021 ], [ 9.194333871507558, 45.458528928261522 ], [ 9.194124555122006, 45.458309311898276 ], [ 9.194021451387689, 45.458201133297443 ], [ 9.193828477615186, 45.45801158864154 ], [ 9.193722005347112, 45.457904696351925 ], [ 9.193392658210957, 45.457581788088184 ], [ 9.19337481662626, 45.457559141561426 ], [ 9.193303910547455, 45.457482310286331 ], [ 9.192493753558615, 45.457389500630171 ], [ 9.192165787227141, 45.457351928244826 ], [ 9.191155920854422, 45.457236229892303 ], [ 9.191000602214364, 45.457220962631453 ], [ 9.190144138084095, 45.456955147571406 ], [ 9.189879419214105, 45.456858009461762 ], [ 9.189870656518464, 45.456777886301914 ], [ 9.189329467426637, 45.456569945840535 ], [ 9.188702637656721, 45.456332825591552 ], [ 9.187889518192605, 45.456042423390386 ], [ 9.187737141550558, 45.456012904241568 ], [ 9.187398135691275, 45.456031221189775 ], [ 9.184814537664806, 45.45644672535451 ], [ 9.184295173467472, 45.456551434791507 ], [ 9.18356335673186, 45.456731372599599 ], [ 9.183019885384367, 45.456872188198098 ], [ 9.18221136564981, 45.457051043945206 ], [ 9.182102686274476, 45.457075186562399 ], [ 9.181862838015281, 45.457128466957954 ], [ 9.180953897646292, 45.457357318699835 ], [ 9.180672202559922, 45.457458081218036 ], [ 9.180385941499603, 45.457570820050741 ], [ 9.179580841791797, 45.457932714621691 ], [ 9.179173354246451, 45.458114872776662 ], [ 9.178837259337545, 45.458266276727052 ], [ 9.178162433044687, 45.458570267618811 ], [ 9.177849974635855, 45.458775032311706 ], [ 9.177997795215818, 45.45886638748641 ], [ 9.178206617855459, 45.459016290140845 ], [ 9.178159502093971, 45.45910290748504 ], [ 9.177950277712412, 45.459029065522827 ], [ 9.177546529617876, 45.458898187143433 ], [ 9.175130749350553, 45.460354810137439 ], [ 9.174922300251271, 45.460500474596174 ], [ 9.174120613597667, 45.461060681967162 ], [ 9.173509298685145, 45.461483174266711 ], [ 9.173261356639587, 45.461673515480925 ], [ 9.173455207876298, 45.461870602224145 ], [ 9.173477939419987, 45.461893712480695 ], [ 9.173504024577445, 45.461968041647864 ], [ 9.1736388452225, 45.462352205863354 ], [ 9.173827582010972, 45.462687793018986 ], [ 9.174514709952268, 45.463952920808794 ], [ 9.174820836504956, 45.46450187651822 ], [ 9.175042517801286, 45.464876475388095 ], [ 9.175522789580874, 45.46574834268818 ], [ 9.175634154782029, 45.465917976265722 ], [ 9.175698799242666, 45.465994611097621 ], [ 9.176230472900615, 45.466832328477494 ], [ 9.176570072357917, 45.46738502697734 ], [ 9.176754352854424, 45.46768895691379 ], [ 9.17746561471942, 45.467429617230863 ], [ 9.177846522145439, 45.46798704442709 ], [ 9.177236412019893, 45.468441551698319 ], [ 9.176722486461451, 45.468832991320149 ], [ 9.176060849114473, 45.469322315624005 ], [ 9.175384225249257, 45.469807596829604 ], [ 9.175795243741547, 45.470070624995579 ], [ 9.176355485717595, 45.470430357825656 ], [ 9.176457210468001, 45.470497133525811 ], [ 9.179582819554003, 45.472550861376654 ], [ 9.179610335212919, 45.472528123440206 ], [ 9.18021104492632, 45.472031730753748 ], [ 9.181324273124595, 45.471143237479325 ], [ 9.181613147438846, 45.470827159302978 ], [ 9.181773817934548, 45.470485496074737 ], [ 9.181851981235011, 45.470126816727088 ], [ 9.181823457968628, 45.469789774096647 ], [ 9.181706647926923, 45.469525914727434 ], [ 9.181541054134428, 45.469268523609756 ], [ 9.181247345462861, 45.469030642236831 ], [ 9.181923059868854, 45.468482787439001 ], [ 9.181984992139862, 45.468432572882037 ] ] ] } },
{ "type": "Feature", "properties": { "MapCommunity": "C1", "CITY": "Milano", "COM_ASC2": "15146002", "DEN_ASC2": "Brera", "is_member": 0, "is_incoming": 0, "CommunityInitial": "", "CommunityPrev": "", "CommunityFinal": "", "Transition": "" }, "geometry": { "type": "Polygon", "coordinates": [ [ [ 9.191250098858854, 45.468640514390785 ], [ 9.191053946384658, 45.468434259113309 ], [ 9.190906229981888, 45.468292695090931 ], [ 9.190350605365197, 45.467768092538776 ], [ 9.190006641863281, 45.467443326278534 ], [ 9.18993872394676, 45.46738251109177 ], [ 9.189910670459643, 45.46735739041408 ], [ 9.189875143509102, 45.467330679940908 ], [ 9.189397633553154, 45.466971647477692 ], [ 9.189349000021432, 45.466923875985721 ], [ 9.189008567610658, 45.466589477647602 ], [ 9.188932926667366, 45.46651948351807 ], [ 9.1883327506303, 45.465832570395669 ], [ 9.188085179990335, 45.465605251786428 ], [ 9.186778299006225, 45.465599561560978 ], [ 9.186508365584642, 45.465473987748616 ], [ 9.186184247770084, 45.465208354877085 ], [ 9.185666308377092, 45.465615727709007 ], [ 9.185208468437974, 45.4659800659566 ], [ 9.184705440523222, 45.46633565425725 ], [ 9.183870982906926, 45.466971749977937 ], [ 9.182753928031953, 45.467825935321677 ], [ 9.182944151658187, 45.467985400094818 ], [ 9.182789064018072, 45.468107442533856 ], [ 9.182620082525947, 45.468240418211536 ], [ 9.182462082899777, 45.468364751157885 ], [ 9.182325578984125, 45.468461235908961 ], [ 9.182115418426912, 45.46832682520504 ], [ 9.181984992139862, 45.468432572882037 ], [ 9.181923059868854, 45.468482787439001 ], [ 9.181247345462861, 45.469030642236831 ], [ 9.181541054134428, 45.469268523609756 ], [ 9.181706647926923, 45.469525914727434 ], [ 9.181823457968628, 45.469789774096647 ], [ 9.181851981235011, 45.470126816727088 ], [ 9.181773817934548, 45.470485496074737 ], [ 9.181613147438846, 45.470827159302978 ], [ 9.181324273124595, 45.471143237479325 ], [ 9.18021104492632, 45.472031730753748 ], [ 9.179610335212919, 45.472528123440206 ], [ 9.179582819554003, 45.472550861376654 ], [ 9.180508317219859, 45.473163589083491 ], [ 9.181427493851928, 45.473794096592755 ], [ 9.181810378474724, 45.473885298932821 ], [ 9.181659505036297, 45.474811111993517 ], [ 9.181581782041487, 45.475389729436372 ], [ 9.181430726774055, 45.476321078860934 ], [ 9.181274813133829, 45.477275026785577 ], [ 9.181233355188006, 45.477573655147069 ], [ 9.181506343574691, 45.478338307756218 ], [ 9.181951358379711, 45.479898283733988 ], [ 9.182413455198802, 45.481251162953981 ], [ 9.181833201715927, 45.482011366102689 ], [ 9.182232022482678, 45.482147141402486 ], [ 9.182326306714128, 45.482121563559801 ], [ 9.184274168363796, 45.481593411617553 ], [ 9.184529506058324, 45.48152487409952 ], [ 9.185361887750805, 45.481308613672141 ], [ 9.186036420119949, 45.481133989019973 ], [ 9.186543480813151, 45.48103338775239 ], [ 9.186980956145227, 45.480958414664393 ], [ 9.188001335611132, 45.480813536688871 ], [ 9.188217855209514, 45.480802109593967 ], [ 9.190463614022905, 45.480694837697456 ], [ 9.190989301373255, 45.4805054809243 ], [ 9.19224758735843, 45.480304451553302 ], [ 9.192123044833407, 45.479725041674129 ], [ 9.192456759261708, 45.479675785385432 ], [ 9.194401202231552, 45.479491758298465 ], [ 9.195620947485954, 45.478958845489842 ], [ 9.196934452348843, 45.478370582622873 ], [ 9.198432689787124, 45.477675052610003 ], [ 9.197680127870758, 45.476542603036933 ], [ 9.197107542851121, 45.475524562343359 ], [ 9.197009766819376, 45.475353690685601 ], [ 9.196721716340184, 45.47488677856434 ], [ 9.196249202721784, 45.474125310479508 ], [ 9.195489597213193, 45.472901138557738 ], [ 9.19544523529758, 45.472829642491988 ], [ 9.195003345936167, 45.47240005850805 ], [ 9.195131546145864, 45.472292412294713 ], [ 9.194953158645472, 45.472128853998605 ], [ 9.194822069164113, 45.472010578910727 ], [ 9.194727231131756, 45.47192379011603 ], [ 9.194401819676829, 45.471624653663824 ], [ 9.193929110609838, 45.471190106923238 ], [ 9.193455761997088, 45.470754960698081 ], [ 9.193219195940205, 45.470516037648459 ], [ 9.192992205881788, 45.470286782293677 ], [ 9.192747674463286, 45.470039809345181 ], [ 9.192654876842022, 45.469943210367468 ], [ 9.192452552375121, 45.469734318899256 ], [ 9.19203970952462, 45.469373935695501 ], [ 9.191645455953976, 45.469056229515218 ], [ 9.191614921005728, 45.469024122205887 ], [ 9.191339106656928, 45.468734106382747 ], [ 9.191250098858854, 45.468640514390785 ] ] ] } },
{ "type": "Feature", "properties": { "MapCommunity": "C1", "CITY": "Milano", "COM_ASC2": "15146003", "DEN_ASC2": "Giardini P.ta Venezia", "is_member": 1, "is_incoming": 0, "CommunityInitial": "C1", "CommunityPrev": "C1", "CommunityFinal": "C1", "Transition": "stabile" }, "geometry": { "type": "Polygon", "coordinates": [ [ [ 9.203655850641015, 45.473095704617563 ], [ 9.203462141998713, 45.472896097617706 ], [ 9.202787045678066, 45.472200432146131 ], [ 9.202449233489501, 45.47189360053035 ], [ 9.200933168828939, 45.472591736532834 ], [ 9.199559607781508, 45.473077945235282 ], [ 9.198964985401703, 45.473063858727478 ], [ 9.19818609015889, 45.473012038302002 ], [ 9.19544523529758, 45.472829642491988 ], [ 9.195489597213193, 45.472901138557738 ], [ 9.196249202721784, 45.474125310479508 ], [ 9.196721716340184, 45.47488677856434 ], [ 9.197009766819376, 45.475353690685601 ], [ 9.197107542851121, 45.475524562343359 ], [ 9.197680127870758, 45.476542603036933 ], [ 9.198432689787124, 45.477675052610003 ], [ 9.19915210413544, 45.477343599812663 ], [ 9.200003559373597, 45.476960743281857 ], [ 9.200901119882804, 45.47654062355172 ], [ 9.2020428436778, 45.476013089774057 ], [ 9.203046030679976, 45.47555086757113 ], [ 9.20406899903158, 45.475097917398891 ], [ 9.204546233649392, 45.474874561048587 ], [ 9.205207429431598, 45.474578368784826 ], [ 9.204282418261526, 45.473719752759848 ], [ 9.203655850641015, 45.473095704617563 ] ] ] } },
{ "type": "Feature", "properties": { "MapCommunity": "C1", "CITY": "Milano", "COM_ASC2": "15146004", "DEN_ASC2": "Guastalla", "is_member": 0, "is_incoming": 0, "CommunityInitial": "", "CommunityPrev": "", "CommunityFinal": "", "Transition": "" }, "geometry": { "type": "Polygon", "coordinates": [ [ [ 9.206575310540533, 45.471941627230677 ], [ 9.206574980530444, 45.471850942728835 ], [ 9.206715962352323, 45.470712329799007 ], [ 9.20673371015574, 45.470457569598658 ], [ 9.206866307615133, 45.469161634260985 ], [ 9.206915194779203, 45.468651100173133 ], [ 9.206926440218545, 45.468533479303872 ], [ 9.20699891396329, 45.467870108139749 ], [ 9.207115152785175, 45.467211068989258 ], [ 9.207193876569562, 45.466560917062992 ], [ 9.207224205287941, 45.466319275516895 ], [ 9.207314206760179, 45.465326479805796 ], [ 9.207313982700379, 45.465265002974817 ], [ 9.207387918935579, 45.464339295065813 ], [ 9.207463106330799, 45.4633717282315 ], [ 9.207545976912579, 45.462570654045727 ], [ 9.207577483353505, 45.46226471365177 ], [ 9.20759462347735, 45.462051400953698 ], [ 9.207691044012703, 45.460841441325215 ], [ 9.207727296943895, 45.460525124585615 ], [ 9.207156559408494, 45.459766337409015 ], [ 9.206962175902918, 45.459511915290975 ], [ 9.206335229425241, 45.458731262772496 ], [ 9.205873805733626, 45.45814473178384 ], [ 9.205676456079216, 45.457792516478932 ], [ 9.204947691145675, 45.456449834937303 ], [ 9.204223177558188, 45.455123433016148 ], [ 9.203904186993082, 45.454548160507265 ], [ 9.203577040610169, 45.453942973464514 ], [ 9.203475262381621, 45.453717543093212 ], [ 9.202916547385978, 45.452638185584028 ], [ 9.202650027494039, 45.452118982764631 ], [ 9.202554136395481, 45.45196424468071 ], [ 9.201860305465216, 45.452381319022123 ], [ 9.200784311485007, 45.453008110137937 ], [ 9.200327379099152, 45.45330090447807 ], [ 9.200233769636434, 45.453356739294954 ], [ 9.199630722857634, 45.45372395593639 ], [ 9.198600759758138, 45.454337532916135 ], [ 9.198074903047772, 45.454682794418801 ], [ 9.196117568720616, 45.455917823145377 ], [ 9.195871639100483, 45.456084140948832 ], [ 9.19539208413404, 45.456344092574923 ], [ 9.1944076067327, 45.456952361748691 ], [ 9.193912707301148, 45.457258132264577 ], [ 9.19357187985702, 45.457460757671583 ], [ 9.193392658210957, 45.457581788088184 ], [ 9.193722005347112, 45.457904696351925 ], [ 9.193828477615186, 45.45801158864154 ], [ 9.194021451387689, 45.458201133297443 ], [ 9.194124555122006, 45.458309311898276 ], [ 9.194333871507558, 45.458528928261522 ], [ 9.195288942526581, 45.459528931487021 ], [ 9.19588604575198, 45.4601648943054 ], [ 9.196092441186947, 45.460384002016241 ], [ 9.196166060449638, 45.460462084329677 ], [ 9.196443365337339, 45.460757483473415 ], [ 9.196479626747839, 45.460791934402252 ], [ 9.196580016827765, 45.460889829736288 ], [ 9.196991845550837, 45.461335826308314 ], [ 9.197162265715026, 45.4615203835735 ], [ 9.197406652187773, 45.461772672798709 ], [ 9.197881072895623, 45.462262424337844 ], [ 9.197922019494428, 45.462304694123468 ], [ 9.198053930700564, 45.462440865108171 ], [ 9.198807433734183, 45.463221881543305 ], [ 9.199709222843296, 45.464205652956863 ], [ 9.199989777118599, 45.464778303148755 ], [ 9.20036431542651, 45.465430132378209 ], [ 9.200426469612839, 45.465658551876331 ], [ 9.200461969106049, 45.465789011348804 ], [ 9.20048046241949, 45.466004809437678 ], [ 9.200503332672534, 45.466271663583015 ], [ 9.200529897636711, 45.466729768495362 ], [ 9.200544242664966, 45.467005715263333 ], [ 9.20043743754246, 45.467261216037542 ], [ 9.200211764032648, 45.467580786735418 ], [ 9.199749058504977, 45.468211937346553 ], [ 9.199534488782103, 45.468471631146087 ], [ 9.199246413551204, 45.468783342805843 ], [ 9.199042196408177, 45.46900525852292 ], [ 9.19897564103772, 45.469067032596968 ], [ 9.198889408042152, 45.469147072796112 ], [ 9.198745912788031, 45.469280862338202 ], [ 9.198218159979218, 45.46977010983268 ], [ 9.198149107053839, 45.469832651951258 ], [ 9.198046450983496, 45.469925539477138 ], [ 9.197379671823102, 45.470450235727348 ], [ 9.195131546145864, 45.472292412294713 ], [ 9.195003345936167, 45.47240005850805 ], [ 9.19544523529758, 45.472829642491988 ], [ 9.19818609015889, 45.473012038302002 ], [ 9.198964985401703, 45.473063858727478 ], [ 9.199559607781508, 45.473077945235282 ], [ 9.200933168828939, 45.472591736532834 ], [ 9.202449233489501, 45.47189360053035 ], [ 9.202787045678066, 45.472200432146131 ], [ 9.203462141998713, 45.472896097617706 ], [ 9.203655850641015, 45.473095704617563 ], [ 9.204282418261526, 45.473719752759848 ], [ 9.205207429431598, 45.474578368784826 ], [ 9.20568253566114, 45.474352670283672 ], [ 9.206211918645343, 45.474083847097845 ], [ 9.206347459723997, 45.473959208755147 ], [ 9.206425224505464, 45.473690118453156 ], [ 9.206575310540533, 45.471941627230677 ] ] ] } },
{ "type": "Feature", "properties": { "MapCommunity": "C1", "CITY": "Milano", "COM_ASC2": "15146005", "DEN_ASC2": "Porta Vigentina - Porta Lodovica", "is_member": 0, "is_incoming": 0, "CommunityInitial": "C1", "CommunityPrev": "C1", "CommunityFinal": "C4", "Transition": "ingresso" }, "geometry": { "type": "Polygon", "coordinates": [ [ [ 9.195871639100483, 45.456084140948832 ], [ 9.196117568720616, 45.455917823145377 ], [ 9.198074903047772, 45.454682794418801 ], [ 9.198600759758138, 45.454337532916135 ], [ 9.199630722857634, 45.45372395593639 ], [ 9.200233769636434, 45.453356739294954 ], [ 9.200327379099152, 45.45330090447807 ], [ 9.200784311485007, 45.453008110137937 ], [ 9.201860305465216, 45.452381319022123 ], [ 9.201152303471257, 45.451961361681406 ], [ 9.200496747737848, 45.451939695256776 ], [ 9.199883656261433, 45.451974071529712 ], [ 9.198621967198628, 45.452038241223576 ], [ 9.198027315454143, 45.452043862499679 ], [ 9.19652436930561, 45.452035382183055 ], [ 9.196742275757179, 45.451221313619556 ], [ 9.196825343219531, 45.450928997413754 ], [ 9.196872070031844, 45.450758751633835 ], [ 9.196913359510381, 45.450551567017193 ], [ 9.197234969591628, 45.44935265870361 ], [ 9.1973209040236, 45.44907721347262 ], [ 9.197436669638478, 45.448628356754703 ], [ 9.197694135696516, 45.447688203135094 ], [ 9.197785016929299, 45.447365582521307 ], [ 9.197977284446075, 45.446696730615237 ], [ 9.197995112984998, 45.446633860390371 ], [ 9.198034214596502, 45.446495965910444 ], [ 9.198065681390995, 45.446377309461134 ], [ 9.198360950118646, 45.445264066003283 ], [ 9.198049397315073, 45.445256410096519 ], [ 9.196275575762677, 45.445214284802674 ], [ 9.194658080296668, 45.445174752359065 ], [ 9.193483529234799, 45.445145481280569 ], [ 9.192621836419761, 45.445123923294602 ], [ 9.192412610664679, 45.445117871554579 ], [ 9.190678578020762, 45.445080804020719 ], [ 9.189960504348583, 45.445038481336191 ], [ 9.189580211277335, 45.445016065506749 ], [ 9.188660356784849, 45.444914028503497 ], [ 9.187720287326071, 45.444738998487004 ], [ 9.187700645457825, 45.444876821497473 ], [ 9.187591853668804, 45.445633228965548 ], [ 9.187569614191478, 45.445779967407717 ], [ 9.187480267391747, 45.445960726308627 ], [ 9.187354955227175, 45.446217230001473 ], [ 9.187080693021997, 45.446709631357088 ], [ 9.186898178097541, 45.447124158196054 ], [ 9.186710970258183, 45.447512813878305 ], [ 9.186505728207639, 45.448018061756315 ], [ 9.186209187516615, 45.448740249716728 ], [ 9.185836302726385, 45.449484386295246 ], [ 9.186079259337749, 45.450239224269623 ], [ 9.186304885547649, 45.450952685210815 ], [ 9.18658753533721, 45.451834596591922 ], [ 9.186745308833428, 45.45234744386147 ], [ 9.186912272811087, 45.453323324205677 ], [ 9.186966566401637, 45.453699097974052 ], [ 9.187007152814855, 45.453963717499043 ], [ 9.187037930570826, 45.454267530819898 ], [ 9.187058926888486, 45.454452454172468 ], [ 9.187127439834882, 45.45477307570534 ], [ 9.187219352408023, 45.455203193621379 ], [ 9.187243736705131, 45.455312087162007 ], [ 9.187249413495428, 45.455337438757255 ], [ 9.187258944481991, 45.455379999742256 ], [ 9.187302495878994, 45.455574395810693 ], [ 9.18736266239608, 45.455843247785872 ], [ 9.187381214604708, 45.455941556431412 ], [ 9.187398135691275, 45.456031221189775 ], [ 9.187737141550558, 45.456012904241568 ], [ 9.187889518192605, 45.456042423390386 ], [ 9.188702637656721, 45.456332825591552 ], [ 9.189329467426637, 45.456569945840535 ], [ 9.189870656518464, 45.456777886301914 ], [ 9.189879419214105, 45.456858009461762 ], [ 9.190144138084095, 45.456955147571406 ], [ 9.191000602214364, 45.457220962631453 ], [ 9.191155920854422, 45.457236229892303 ], [ 9.192165787227141, 45.457351928244826 ], [ 9.192493753558615, 45.457389500630171 ], [ 9.193303910547455, 45.457482310286331 ], [ 9.19337481662626, 45.457559141561426 ], [ 9.193392658210957, 45.457581788088184 ], [ 9.19357187985702, 45.457460757671583 ], [ 9.193912707301148, 45.457258132264577 ], [ 9.1944076067327, 45.456952361748691 ], [ 9.19539208413404, 45.456344092574923 ], [ 9.195871639100483, 45.456084140948832 ] ] ] } },
{ "type": "Feature", "properties": { "MapCommunity": "C1", "CITY": "Milano", "COM_ASC2": "15146006", "DEN_ASC2": "Porta Ticinese - Conca del Naviglio", "is_member": 0, "is_incoming": 0, "CommunityInitial": "C1", "CommunityPrev": "C1", "CommunityFinal": "C4", "Transition": "ingresso" }, "geometry": { "type": "Polygon", "coordinates": [ [ [ 9.186912272811087, 45.453323324205677 ], [ 9.186745308833428, 45.45234744386147 ], [ 9.18658753533721, 45.451834596591922 ], [ 9.186304885547649, 45.450952685210815 ], [ 9.186079259337749, 45.450239224269623 ], [ 9.185836302726385, 45.449484386295246 ], [ 9.186209187516615, 45.448740249716728 ], [ 9.186505728207639, 45.448018061756315 ], [ 9.186710970258183, 45.447512813878305 ], [ 9.186898178097541, 45.447124158196054 ], [ 9.187080693021997, 45.446709631357088 ], [ 9.187354955227175, 45.446217230001473 ], [ 9.187480267391747, 45.445960726308627 ], [ 9.187569614191478, 45.445779967407717 ], [ 9.187591853668804, 45.445633228965548 ], [ 9.187700645457825, 45.444876821497473 ], [ 9.187720287326071, 45.444738998487004 ], [ 9.187160706502661, 45.444626072858178 ], [ 9.186411085418902, 45.444416130843237 ], [ 9.185735822230926, 45.444208697675158 ], [ 9.185353012610403, 45.444090336807662 ], [ 9.184993220833899, 45.443978501072209 ], [ 9.184652205782745, 45.443873372166458 ], [ 9.184244711546503, 45.443749496423528 ], [ 9.183860235925161, 45.443631229544259 ], [ 9.183342187631135, 45.443469300267068 ], [ 9.182864953784328, 45.443322286743943 ], [ 9.182697540713129, 45.443274101934065 ], [ 9.181927166214995, 45.44307399657604 ], [ 9.18128812052448, 45.442907999336242 ], [ 9.179851650716024, 45.442737579791199 ], [ 9.178923461353627, 45.44272976981501 ], [ 9.177541273668512, 45.442801455588004 ], [ 9.176942128971621, 45.442825477914212 ], [ 9.175925635717256, 45.442866219532803 ], [ 9.17587143163559, 45.442868392187329 ], [ 9.175891621535442, 45.442957960209448 ], [ 9.176005287835938, 45.443461900593924 ], [ 9.176027642965108, 45.443560917433366 ], [ 9.176050117464253, 45.443660465155048 ], [ 9.176114564891686, 45.443859331591682 ], [ 9.176127000853159, 45.44388541326957 ], [ 9.176410646589559, 45.445056055525455 ], [ 9.176505740559737, 45.445448506862093 ], [ 9.176533558362118, 45.445572785158724 ], [ 9.176901443927338, 45.447151569375599 ], [ 9.17698053995187, 45.447481155228211 ], [ 9.177038237188041, 45.447775850345515 ], [ 9.177318618649267, 45.448904553436329 ], [ 9.177556035512227, 45.449928368236534 ], [ 9.17785831073062, 45.451241871863523 ], [ 9.177901523734503, 45.451441627904764 ], [ 9.177951803495247, 45.451631426573506 ], [ 9.178102860823854, 45.452270670573213 ], [ 9.178175751157514, 45.452278784006495 ], [ 9.178794870141466, 45.452347695706877 ], [ 9.178935055377099, 45.452363298523871 ], [ 9.178910813734873, 45.452423492493196 ], [ 9.178844711114987, 45.452587636787477 ], [ 9.178676510797878, 45.453005296970986 ], [ 9.178438957892967, 45.452985099644181 ], [ 9.177294573711123, 45.452931026395746 ], [ 9.177203760498337, 45.453003086087108 ], [ 9.177158480738894, 45.453039014445011 ], [ 9.1766479699185, 45.453444095335101 ], [ 9.175869652997571, 45.454129597970095 ], [ 9.175455657924102, 45.454415161587917 ], [ 9.174871184762226, 45.454846979895748 ], [ 9.174477116850957, 45.45512791880639 ], [ 9.174166897287096, 45.455351842699578 ], [ 9.173480477836934, 45.455827689196298 ], [ 9.173775624001438, 45.456025265298443 ], [ 9.174443983240183, 45.456475739823404 ], [ 9.175547964384652, 45.457212901599156 ], [ 9.176888580922748, 45.458153245007928 ], [ 9.177543283872112, 45.458597152401772 ], [ 9.177849974635855, 45.458775032311706 ], [ 9.178162433044687, 45.458570267618811 ], [ 9.178837259337545, 45.458266276727052 ], [ 9.179173354246451, 45.458114872776662 ], [ 9.179580841791797, 45.457932714621691 ], [ 9.180385941499603, 45.457570820050741 ], [ 9.180672202559922, 45.457458081218036 ], [ 9.180953897646292, 45.457357318699835 ], [ 9.181862838015281, 45.457128466957954 ], [ 9.182102686274476, 45.457075186562399 ], [ 9.18221136564981, 45.457051043945206 ], [ 9.183019885384367, 45.456872188198098 ], [ 9.18356335673186, 45.456731372599599 ], [ 9.184295173467472, 45.456551434791507 ], [ 9.184814537664806, 45.45644672535451 ], [ 9.187398135691275, 45.456031221189775 ], [ 9.187381214604708, 45.455941556431412 ], [ 9.18736266239608, 45.455843247785872 ], [ 9.187302495878994, 45.455574395810693 ], [ 9.187258944481991, 45.455379999742256 ], [ 9.187249413495428, 45.455337438757255 ], [ 9.187243736705131, 45.455312087162007 ], [ 9.187219352408023, 45.455203193621379 ], [ 9.187127439834882, 45.45477307570534 ], [ 9.187058926888486, 45.454452454172468 ], [ 9.187037930570826, 45.454267530819898 ], [ 9.187007152814855, 45.453963717499043 ], [ 9.186966566401637, 45.453699097974052 ], [ 9.186912272811087, 45.453323324205677 ] ] ] } },
{ "type": "Feature", "properties": { "MapCommunity": "C1", "CITY": "Milano", "COM_ASC2": "15146007", "DEN_ASC2": "Magenta - S.Vittore", "is_member": 0, "is_incoming": 0, "CommunityInitial": "", "CommunityPrev": "", "CommunityFinal": "", "Transition": "" }, "geometry": { "type": "Polygon", "coordinates": [ [ [ 9.177846522145439, 45.46798704442709 ], [ 9.17746561471942, 45.467429617230863 ], [ 9.176754352854424, 45.46768895691379 ], [ 9.176570072357917, 45.46738502697734 ], [ 9.176230472900615, 45.466832328477494 ], [ 9.175698799242666, 45.465994611097621 ], [ 9.175634154782029, 45.465917976265722 ], [ 9.175522789580874, 45.46574834268818 ], [ 9.175042517801286, 45.464876475388095 ], [ 9.174820836504956, 45.46450187651822 ], [ 9.174514709952268, 45.463952920808794 ], [ 9.173827582010972, 45.462687793018986 ], [ 9.1736388452225, 45.462352205863354 ], [ 9.173504024577445, 45.461968041647864 ], [ 9.173477939419987, 45.461893712480695 ], [ 9.173455207876298, 45.461870602224145 ], [ 9.173261356639587, 45.461673515480925 ], [ 9.173509298685145, 45.461483174266711 ], [ 9.174120613597667, 45.461060681967162 ], [ 9.174922300251271, 45.460500474596174 ], [ 9.175130749350553, 45.460354810137439 ], [ 9.177546529617876, 45.458898187143433 ], [ 9.177950277712412, 45.459029065522827 ], [ 9.178159502093971, 45.45910290748504 ], [ 9.178206617855459, 45.459016290140845 ], [ 9.177997795215818, 45.45886638748641 ], [ 9.177849974635855, 45.458775032311706 ], [ 9.177543283872112, 45.458597152401772 ], [ 9.176888580922748, 45.458153245007928 ], [ 9.175547964384652, 45.457212901599156 ], [ 9.174443983240183, 45.456475739823404 ], [ 9.173775624001438, 45.456025265298443 ], [ 9.173480477836934, 45.455827689196298 ], [ 9.172727874137905, 45.456308313154238 ], [ 9.172527576687918, 45.456162370571029 ], [ 9.172248447140628, 45.45595898562329 ], [ 9.171726927880576, 45.45557898112731 ], [ 9.171337504324848, 45.455858866148454 ], [ 9.170624580074021, 45.456334735193032 ], [ 9.169428036532528, 45.457099891314712 ], [ 9.16874486949747, 45.457550276881371 ], [ 9.167428821428347, 45.458426074529434 ], [ 9.16736951961996, 45.458462525391838 ], [ 9.167065259636844, 45.45866292799645 ], [ 9.165794263804024, 45.459501016620791 ], [ 9.165595350478826, 45.45962380879353 ], [ 9.163797115174063, 45.460804406481557 ], [ 9.163718547948305, 45.460903124542163 ], [ 9.163416838415168, 45.461287854613062 ], [ 9.163599352649706, 45.461938520316863 ], [ 9.164051732010282, 45.463551198930389 ], [ 9.16458898212389, 45.465319668073114 ], [ 9.164746396838449, 45.465808691868951 ], [ 9.16486295364653, 45.466190572914357 ], [ 9.164911281196703, 45.46635042098881 ], [ 9.16505953863833, 45.466840793261227 ], [ 9.165272767483593, 45.467582169345683 ], [ 9.165526949191458, 45.468524028426899 ], [ 9.165585553876708, 45.468711229363073 ], [ 9.165741140809002, 45.469208569441683 ], [ 9.165865981863194, 45.469606989493506 ], [ 9.166414753281755, 45.471491544882632 ], [ 9.166165507725237, 45.471631377430271 ], [ 9.166386194636388, 45.471764496896817 ], [ 9.167298192939292, 45.472321049894482 ], [ 9.168239643236102, 45.472923997367182 ], [ 9.168707535813827, 45.473231287115091 ], [ 9.168942672863594, 45.473408161094405 ], [ 9.169302377756726, 45.473649216549127 ], [ 9.169458311929201, 45.473750894862292 ], [ 9.169658588401992, 45.473881486401027 ], [ 9.169834285504475, 45.473996049731483 ], [ 9.171155125256634, 45.473054240057913 ], [ 9.172102624431183, 45.472661545072533 ], [ 9.172212699849688, 45.472279286289734 ], [ 9.172466920382801, 45.471970484493305 ], [ 9.172793210000327, 45.471698387048498 ], [ 9.173674725060934, 45.471117072545852 ], [ 9.174171300665618, 45.470977477729257 ], [ 9.174738680821786, 45.470319044192863 ], [ 9.175384225249257, 45.469807596829604 ], [ 9.176060849114473, 45.469322315624005 ], [ 9.176722486461451, 45.468832991320149 ], [ 9.177236412019893, 45.468441551698319 ], [ 9.177846522145439, 45.46798704442709 ] ] ] } },
{ "type": "Feature", "properties": { "MapCommunity": "C1", "CITY": "Milano", "COM_ASC2": "15146008", "DEN_ASC2": "Parco Sempione", "is_member": 0, "is_incoming": 0, "CommunityInitial": "", "CommunityPrev": "", "CommunityFinal": "", "Transition": "" }, "geometry": { "type": "Polygon", "coordinates": [ [ [ 9.181430726774055, 45.476321078860934 ], [ 9.181581782041487, 45.475389729436372 ], [ 9.181659505036297, 45.474811111993517 ], [ 9.181810378474724, 45.473885298932821 ], [ 9.181427493851928, 45.473794096592755 ], [ 9.180508317219859, 45.473163589083491 ], [ 9.179582819554003, 45.472550861376654 ], [ 9.176457210468001, 45.470497133525811 ], [ 9.176355485717595, 45.470430357825656 ], [ 9.175795243741547, 45.470070624995579 ], [ 9.175384225249257, 45.469807596829604 ], [ 9.174738680821786, 45.470319044192863 ], [ 9.174171300665618, 45.470977477729257 ], [ 9.173674725060934, 45.471117072545852 ], [ 9.172793210000327, 45.471698387048498 ], [ 9.172466920382801, 45.471970484493305 ], [ 9.172212699849688, 45.472279286289734 ], [ 9.172102624431183, 45.472661545072533 ], [ 9.171155125256634, 45.473054240057913 ], [ 9.169834285504475, 45.473996049731483 ], [ 9.171079939959055, 45.474804418333051 ], [ 9.171548665166604, 45.475116574633461 ], [ 9.171610993369233, 45.475158082645308 ], [ 9.171474340823783, 45.47540689582749 ], [ 9.171393745519028, 45.475726416277247 ], [ 9.171502147330029, 45.475950064178825 ], [ 9.171738424547355, 45.476193682414063 ], [ 9.171975549231314, 45.476315649812292 ], [ 9.172225912920622, 45.476373240164385 ], [ 9.172458819099521, 45.476390530167343 ], [ 9.17281199430348, 45.476325550704566 ], [ 9.173190958814441, 45.476159269644043 ], [ 9.175007201641849, 45.477338924358158 ], [ 9.176475856884091, 45.476145925730812 ], [ 9.177101439162895, 45.476622057543757 ], [ 9.178225470086568, 45.477048490599941 ], [ 9.180059264308207, 45.477388197518771 ], [ 9.180879798076282, 45.477518678317665 ], [ 9.181233355188006, 45.477573655147069 ], [ 9.181274813133829, 45.477275026785577 ], [ 9.181430726774055, 45.476321078860934 ] ] ] } },
{ "type": "Feature", "properties": { "MapCommunity": "C1", "CITY": "Milano", "COM_ASC2": "15146009", "DEN_ASC2": "Porta Garibaldi - Porta Nuova", "is_member": 0, "is_incoming": 0, "CommunityInitial": "", "CommunityPrev": "", "CommunityFinal": "", "Transition": "" }, "geometry": { "type": "Polygon", "coordinates": [ [ [ 9.198714756562021, 45.484843360136409 ], [ 9.198493947123975, 45.484251396545979 ], [ 9.198408646345854, 45.484022711808677 ], [ 9.198358107436166, 45.483887218679158 ], [ 9.198090587309457, 45.483167017433367 ], [ 9.19766190201603, 45.481989910010476 ], [ 9.197509408279675, 45.481571174038656 ], [ 9.197445057794553, 45.481394469086247 ], [ 9.197337986264078, 45.481096445474329 ], [ 9.197318143481736, 45.481045963406004 ], [ 9.197499970260809, 45.480956269391086 ], [ 9.196380916264358, 45.48035013389574 ], [ 9.195329487005894, 45.479905528240707 ], [ 9.194512406806945, 45.479534189524443 ], [ 9.194401202231552, 45.479491758298465 ], [ 9.192456759261708, 45.479675785385432 ], [ 9.192123044833407, 45.479725041674129 ], [ 9.19224758735843, 45.480304451553302 ], [ 9.190989301373255, 45.4805054809243 ], [ 9.190463614022905, 45.480694837697456 ], [ 9.188217855209514, 45.480802109593967 ], [ 9.188001335611132, 45.480813536688871 ], [ 9.186980956145227, 45.480958414664393 ], [ 9.186543480813151, 45.48103338775239 ], [ 9.186036420119949, 45.481133989019973 ], [ 9.185361887750805, 45.481308613672141 ], [ 9.184529506058324, 45.48152487409952 ], [ 9.184274168363796, 45.481593411617553 ], [ 9.182326306714128, 45.482121563559801 ], [ 9.182232022482678, 45.482147141402486 ], [ 9.181833201715927, 45.482011366102689 ], [ 9.181485316618046, 45.482517503952387 ], [ 9.181500771769761, 45.482708525499483 ], [ 9.181720752465433, 45.48399230233273 ], [ 9.181874483128487, 45.485004714373403 ], [ 9.1820122414957, 45.485604636470264 ], [ 9.182253099674179, 45.486787478086384 ], [ 9.182385951006925, 45.487816785918682 ], [ 9.18240363188297, 45.487953766075883 ], [ 9.182908037344916, 45.487712510747507 ], [ 9.183242852481818, 45.487552360241068 ], [ 9.184030156288685, 45.487175775144216 ], [ 9.184648323771739, 45.486880083290167 ], [ 9.185189207407802, 45.486774707851993 ], [ 9.185158462645489, 45.486647168985129 ], [ 9.186672185821042, 45.485958655038431 ], [ 9.186986833094975, 45.48583872113889 ], [ 9.18722320329829, 45.485748616718446 ], [ 9.188288223654196, 45.485571979950208 ], [ 9.188262258518696, 45.485441013572341 ], [ 9.188331454850839, 45.485296928661043 ], [ 9.188430638087036, 45.485280365880136 ], [ 9.188560267327386, 45.48525871571033 ], [ 9.188824718351048, 45.485288980025544 ], [ 9.189047723257737, 45.485313445372775 ], [ 9.189123892431716, 45.485032749533929 ], [ 9.189195570742443, 45.484768519690697 ], [ 9.189707164404114, 45.484658140578965 ], [ 9.1899134193678, 45.484613639058217 ], [ 9.189961831306832, 45.48460830728272 ], [ 9.190705518247054, 45.484526406915464 ], [ 9.191819545664655, 45.48468110060459 ], [ 9.191941980167529, 45.484698089857758 ], [ 9.192444756416153, 45.484835772685337 ], [ 9.19289946215183, 45.485004629891932 ], [ 9.193506841591024, 45.485345508051253 ], [ 9.193529696699473, 45.485378243454228 ], [ 9.193866061852264, 45.48585998759723 ], [ 9.193945453820014, 45.485973695883771 ], [ 9.194177445087304, 45.486009577328446 ], [ 9.1951733341688, 45.487332422923288 ], [ 9.195519382826308, 45.487785301284291 ], [ 9.195798778981482, 45.488168130624395 ], [ 9.196888267279627, 45.487626158010734 ], [ 9.198069149837636, 45.487006426542074 ], [ 9.198677041971157, 45.486676206640205 ], [ 9.199311776220183, 45.486339635841041 ], [ 9.199291249490445, 45.486288193131337 ], [ 9.198999168181448, 45.485556176336488 ], [ 9.198976142573411, 45.485498466808593 ], [ 9.198885922950769, 45.485272353675839 ], [ 9.198714756562021, 45.484843360136409 ] ] ] } },
{ "type": "Feature", "properties": { "MapCommunity": "C1", "CITY": "Milano", "COM_ASC2": "15146010", "DEN_ASC2": "Stazione Centrale - Ponte Seveso", "is_member": 0, "is_incoming": 0, "CommunityInitial": "", "CommunityPrev": "", "CommunityFinal": "", "Transition": "" }, "geometry": { "type": "Polygon", "coordinates": [ [ [ 9.214882871098323, 45.494815017514789 ], [ 9.213239471354195, 45.493135240174233 ], [ 9.212614280074552, 45.492535858853216 ], [ 9.211678026755498, 45.491620170825605 ], [ 9.211430265325546, 45.491346278226828 ], [ 9.20960822928442, 45.489511357025023 ], [ 9.209483290903435, 45.48938553136427 ], [ 9.209703090963087, 45.489282071158677 ], [ 9.209912643896855, 45.489177695939581 ], [ 9.210514003774014, 45.488876129852741 ], [ 9.21146681318799, 45.488366216056356 ], [ 9.212420280700336, 45.487899774025209 ], [ 9.212343511506409, 45.487826495230976 ], [ 9.212271643397848, 45.487757895978831 ], [ 9.211844096063531, 45.487350821191114 ], [ 9.211634796470657, 45.487149996397051 ], [ 9.211336126708352, 45.486862474523214 ], [ 9.211081001596527, 45.48660810007172 ], [ 9.211059443876833, 45.486586393108297 ], [ 9.210622799388323, 45.486182468278756 ], [ 9.209738266209175, 45.485340250643496 ], [ 9.20917678736566, 45.484807699528872 ], [ 9.208686815197238, 45.48435282913119 ], [ 9.208085178164843, 45.483785963278727 ], [ 9.207925078471494, 45.483639987723947 ], [ 9.207743119590972, 45.483464934736254 ], [ 9.206634478397936, 45.482407749870845 ], [ 9.206580061404017, 45.482354009630605 ], [ 9.206550646684082, 45.482324961157595 ], [ 9.206476268221889, 45.48225150840485 ], [ 9.205917653322478, 45.481717605435641 ], [ 9.205309932790986, 45.481131318356965 ], [ 9.205068175588439, 45.480900212016266 ], [ 9.204406952104456, 45.48026810653257 ], [ 9.203932137751661, 45.479814190986573 ], [ 9.203108988833124, 45.478961055082216 ], [ 9.202751629664608, 45.478531442107688 ], [ 9.202257152722478, 45.478039782746052 ], [ 9.201974812800097, 45.477744372405283 ], [ 9.201593453445806, 45.477343150043069 ], [ 9.200901119882804, 45.47654062355172 ], [ 9.200003559373597, 45.476960743281857 ], [ 9.19915210413544, 45.477343599812663 ], [ 9.198432689787124, 45.477675052610003 ], [ 9.196934452348843, 45.478370582622873 ], [ 9.195620947485954, 45.478958845489842 ], [ 9.194401202231552, 45.479491758298465 ], [ 9.194512406806945, 45.479534189524443 ], [ 9.195329487005894, 45.479905528240707 ], [ 9.196380916264358, 45.48035013389574 ], [ 9.197499970260809, 45.480956269391086 ], [ 9.197318143481736, 45.481045963406004 ], [ 9.197337986264078, 45.481096445474329 ], [ 9.197445057794553, 45.481394469086247 ], [ 9.197509408279675, 45.481571174038656 ], [ 9.19766190201603, 45.481989910010476 ], [ 9.198090587309457, 45.483167017433367 ], [ 9.198358107436166, 45.483887218679158 ], [ 9.198408646345854, 45.484022711808677 ], [ 9.198493947123975, 45.484251396545979 ], [ 9.198714756562021, 45.484843360136409 ], [ 9.198885922950769, 45.485272353675839 ], [ 9.198976142573411, 45.485498466808593 ], [ 9.198999168181448, 45.485556176336488 ], [ 9.199291249490445, 45.486288193131337 ], [ 9.199311776220183, 45.486339635841041 ], [ 9.198677041971157, 45.486676206640205 ], [ 9.198069149837636, 45.487006426542074 ], [ 9.199245926041824, 45.48799008222155 ], [ 9.200859710415846, 45.489375211472456 ], [ 9.201164615127986, 45.489631204189152 ], [ 9.201724599853055, 45.490147234752897 ], [ 9.202573010016145, 45.490867388971346 ], [ 9.203447068232308, 45.49161422453632 ], [ 9.203885579804219, 45.491974549007423 ], [ 9.203957987441092, 45.492034045158626 ], [ 9.204058299421492, 45.492116470452231 ], [ 9.204142758493891, 45.492188867905256 ], [ 9.204186672419347, 45.492226510531836 ], [ 9.204626935629122, 45.49260389336456 ], [ 9.20508895137143, 45.492996813709439 ], [ 9.205267669403025, 45.493154281014071 ], [ 9.205464490900555, 45.493327780721067 ], [ 9.205636342070317, 45.493479229022604 ], [ 9.206446717535473, 45.494165579109527 ], [ 9.207413727039823, 45.495050965810393 ], [ 9.207570469346969, 45.49528488726996 ], [ 9.207756530722765, 45.495782933345247 ], [ 9.209348070874222, 45.494982636094434 ], [ 9.209634782261366, 45.49484338283925 ], [ 9.209710113042105, 45.494806795331456 ], [ 9.20993272954769, 45.494691444501107 ], [ 9.210524487735436, 45.494399180081508 ], [ 9.210817996685256, 45.494250607729604 ], [ 9.210867793605235, 45.494225469227374 ], [ 9.211708981983184, 45.495123338319146 ], [ 9.213136193866964, 45.496465883532949 ], [ 9.214121265870638, 45.497479778696153 ], [ 9.214613790750599, 45.497975079171596 ], [ 9.21479516061869, 45.498622280239097 ], [ 9.214886290228447, 45.498947459500634 ], [ 9.214926376297404, 45.499090624598338 ], [ 9.215334066300553, 45.499294197027588 ], [ 9.215591590277226, 45.499430611385257 ], [ 9.215840947913144, 45.499564639986609 ], [ 9.216337906883192, 45.499838070751842 ], [ 9.216514388856655, 45.499938958665297 ], [ 9.216907000477097, 45.500220371554562 ], [ 9.218365665986846, 45.499709484573316 ], [ 9.218773378178421, 45.499512200622554 ], [ 9.219426639018755, 45.499020262300746 ], [ 9.219326571469658, 45.498905230006031 ], [ 9.219262732355054, 45.498843423828887 ], [ 9.219346592795217, 45.498414814918959 ], [ 9.219323745201299, 45.497992288590652 ], [ 9.219266419054057, 45.497793541856915 ], [ 9.219117332264799, 45.497629770449898 ], [ 9.218981999690044, 45.497493912018051 ], [ 9.21897622158138, 45.497152318994125 ], [ 9.218966292042763, 45.497008000226479 ], [ 9.218553254703156, 45.496951121813282 ], [ 9.218222400820508, 45.496905568590691 ], [ 9.217677195871198, 45.496804427876462 ], [ 9.217630523208884, 45.496794155592291 ], [ 9.217261175455347, 45.496658720004604 ], [ 9.216091918158932, 45.496224624632568 ], [ 9.215764727180419, 45.495907282247416 ], [ 9.215845715728472, 45.495790140483408 ], [ 9.215712970578549, 45.495666358181573 ], [ 9.214882871098323, 45.494815017514789 ] ] ] } },
{ "type": "Feature", "properties": { "MapCommunity": "C1", "CITY": "Milano", "COM_ASC2": "15146011", "DEN_ASC2": "Isola", "is_member": 0, "is_incoming": 0, "CommunityInitial": "", "CommunityPrev": "", "CommunityFinal": "", "Transition": "" }, "geometry": { "type": "Polygon", "coordinates": [ [ [ 9.200859710415846, 45.489375211472456 ], [ 9.199245926041824, 45.48799008222155 ], [ 9.198069149837636, 45.487006426542074 ], [ 9.196888267279627, 45.487626158010734 ], [ 9.195798778981482, 45.488168130624395 ], [ 9.195519382826308, 45.487785301284291 ], [ 9.1951733341688, 45.487332422923288 ], [ 9.194177445087304, 45.486009577328446 ], [ 9.193945453820014, 45.485973695883771 ], [ 9.193866061852264, 45.48585998759723 ], [ 9.193529696699473, 45.485378243454228 ], [ 9.193506841591024, 45.485345508051253 ], [ 9.19289946215183, 45.485004629891932 ], [ 9.192444756416153, 45.484835772685337 ], [ 9.191941980167529, 45.484698089857758 ], [ 9.191819545664655, 45.48468110060459 ], [ 9.190705518247054, 45.484526406915464 ], [ 9.189961831306832, 45.48460830728272 ], [ 9.1899134193678, 45.484613639058217 ], [ 9.189707164404114, 45.484658140578965 ], [ 9.189195570742443, 45.484768519690697 ], [ 9.189123892431716, 45.485032749533929 ], [ 9.189047723257737, 45.485313445372775 ], [ 9.188824718351048, 45.485288980025544 ], [ 9.188560267327386, 45.48525871571033 ], [ 9.188430638087036, 45.485280365880136 ], [ 9.188331454850839, 45.485296928661043 ], [ 9.188262258518696, 45.485441013572341 ], [ 9.188288223654196, 45.485571979950208 ], [ 9.18722320329829, 45.485748616718446 ], [ 9.186986833094975, 45.48583872113889 ], [ 9.186672185821042, 45.485958655038431 ], [ 9.185158462645489, 45.486647168985129 ], [ 9.185189207407802, 45.486774707851993 ], [ 9.184648323771739, 45.486880083290167 ], [ 9.184030156288685, 45.487175775144216 ], [ 9.183242852481818, 45.487552360241068 ], [ 9.182908037344916, 45.487712510747507 ], [ 9.18240363188297, 45.487953766075883 ], [ 9.182453175430547, 45.488337083055583 ], [ 9.182057196192462, 45.488940194513447 ], [ 9.181134640977156, 45.490412688926405 ], [ 9.181173580538207, 45.490515830775379 ], [ 9.181208659701079, 45.490608748924863 ], [ 9.181799028873412, 45.491912369168602 ], [ 9.18196458564354, 45.492316430867966 ], [ 9.182329430085122, 45.493145379587411 ], [ 9.182554828959564, 45.493650154951503 ], [ 9.182641736255377, 45.493851098036409 ], [ 9.182737090157678, 45.494091721688925 ], [ 9.183163422581186, 45.495127951870252 ], [ 9.183717336079779, 45.496370233629804 ], [ 9.184094197283887, 45.49724870627756 ], [ 9.184145864829857, 45.497370892692729 ], [ 9.186600613386011, 45.497515667364446 ], [ 9.186628665065621, 45.497586122068576 ], [ 9.186655374297654, 45.497653125221078 ], [ 9.186736515042243, 45.49763039344338 ], [ 9.186805504732362, 45.497613243284263 ], [ 9.19091437235647, 45.496522865608853 ], [ 9.193372489595195, 45.495861497151509 ], [ 9.194527448326939, 45.495547134378825 ], [ 9.19447238880891, 45.49545691695468 ], [ 9.194426101414333, 45.495381131408095 ], [ 9.193630620522882, 45.494079433662769 ], [ 9.192835218720498, 45.492595885155232 ], [ 9.194491686958683, 45.492126696691372 ], [ 9.195814266761754, 45.491775922564706 ], [ 9.197329783188849, 45.491379301856952 ], [ 9.198086407807169, 45.491170386163169 ], [ 9.198814480630324, 45.490813134774285 ], [ 9.201164615127986, 45.489631204189152 ], [ 9.200859710415846, 45.489375211472456 ] ] ] } },
{ "type": "Feature", "properties": { "MapCommunity": "C1", "CITY": "Milano", "COM_ASC2": "15146012", "DEN_ASC2": "Maciachini - Maggiolina", "is_member": 0, "is_incoming": 0, "CommunityInitial": "", "CommunityPrev": "", "CommunityFinal": "", "Transition": "" }, "geometry": { "type": "Polygon", "coordinates": [ [ [ 9.201724599853055, 45.490147234752897 ], [ 9.201164615127986, 45.489631204189152 ], [ 9.198814480630324, 45.490813134774285 ], [ 9.198086407807169, 45.491170386163169 ], [ 9.197329783188849, 45.491379301856952 ], [ 9.195814266761754, 45.491775922564706 ], [ 9.194491686958683, 45.492126696691372 ], [ 9.192835218720498, 45.492595885155232 ], [ 9.193630620522882, 45.494079433662769 ], [ 9.194426101414333, 45.495381131408095 ], [ 9.19447238880891, 45.49545691695468 ], [ 9.194527448326939, 45.495547134378825 ], [ 9.193372489595195, 45.495861497151509 ], [ 9.19091437235647, 45.496522865608853 ], [ 9.186805504732362, 45.497613243284263 ], [ 9.186736515042243, 45.49763039344338 ], [ 9.186655374297654, 45.497653125221078 ], [ 9.18667265472809, 45.497695427544805 ], [ 9.186939267846194, 45.498336275928978 ], [ 9.187278119626933, 45.499128871507367 ], [ 9.187476872125874, 45.499593757571979 ], [ 9.187817787004445, 45.500429467030152 ], [ 9.187974114246281, 45.50081279057737 ], [ 9.188195070900555, 45.501354464296767 ], [ 9.188231461651716, 45.50144367578627 ], [ 9.188163616138675, 45.501494717780524 ], [ 9.187910989185637, 45.501684754222978 ], [ 9.187765847557939, 45.501829882339422 ], [ 9.187655885376312, 45.501938481688882 ], [ 9.186308923122283, 45.50326870457355 ], [ 9.185737205629556, 45.503787328447622 ], [ 9.185305210170979, 45.50421239462753 ], [ 9.184775875254326, 45.504751371104234 ], [ 9.184012936509671, 45.505487503382575 ], [ 9.1837817428543, 45.505714240431743 ], [ 9.184892055108762, 45.505543208596492 ], [ 9.186083190693665, 45.505359713586202 ], [ 9.188924459643616, 45.504917212409801 ], [ 9.190904018881842, 45.504612919044042 ], [ 9.193024480615431, 45.50428460116796 ], [ 9.195481404863044, 45.503904580905896 ], [ 9.196412797570494, 45.503762106536314 ], [ 9.19709682985612, 45.503654219931633 ], [ 9.197234431649754, 45.503631460697399 ], [ 9.198115860661279, 45.503485463640601 ], [ 9.198417255659489, 45.503435438798405 ], [ 9.198923446783395, 45.503347058432624 ], [ 9.199279030306833, 45.503292106930424 ], [ 9.199780204363572, 45.503211183554789 ], [ 9.200691308188762, 45.503063018347291 ], [ 9.202390195646347, 45.502814488968049 ], [ 9.202978214708665, 45.502720287502612 ], [ 9.203291107888294, 45.502669653289182 ], [ 9.203863959668439, 45.502576934236906 ], [ 9.204749734931813, 45.502438943220547 ], [ 9.206487459467308, 45.502174162226503 ], [ 9.206425855566582, 45.502093146353644 ], [ 9.20586050481716, 45.501341502585475 ], [ 9.205380575031633, 45.5007057486104 ], [ 9.204597729524254, 45.499684601861141 ], [ 9.204336531352194, 45.499343516736694 ], [ 9.204169723910622, 45.499116923321544 ], [ 9.203834442372564, 45.49866824917828 ], [ 9.203698639460054, 45.498486515402973 ], [ 9.203139828015743, 45.497758176091295 ], [ 9.202926460995734, 45.497489350125853 ], [ 9.202870929058619, 45.497411915638409 ], [ 9.202801436892875, 45.497311906744173 ], [ 9.202580656816195, 45.497008290359908 ], [ 9.202746930151152, 45.49694548513606 ], [ 9.202964155908925, 45.496863433819257 ], [ 9.204357008026083, 45.496337304571227 ], [ 9.205319546400467, 45.496006640781836 ], [ 9.205836262500508, 45.495841264473114 ], [ 9.207138734581513, 45.495430225743171 ], [ 9.207570469346969, 45.49528488726996 ], [ 9.207413727039823, 45.495050965810393 ], [ 9.206446717535473, 45.494165579109527 ], [ 9.205636342070317, 45.493479229022604 ], [ 9.205464490900555, 45.493327780721067 ], [ 9.205267669403025, 45.493154281014071 ], [ 9.20508895137143, 45.492996813709439 ], [ 9.204626935629122, 45.49260389336456 ], [ 9.204186672419347, 45.492226510531836 ], [ 9.204142758493891, 45.492188867905256 ], [ 9.204058299421492, 45.492116470452231 ], [ 9.203957987441092, 45.492034045158626 ], [ 9.203885579804219, 45.491974549007423 ], [ 9.203447068232308, 45.49161422453632 ], [ 9.202573010016145, 45.490867388971346 ], [ 9.201724599853055, 45.490147234752897 ] ] ] } },
{ "type": "Feature", "properties": { "MapCommunity": "C1", "CITY": "Milano", "COM_ASC2": "15146013", "DEN_ASC2": "Greco - Segnano", "is_member": 0, "is_incoming": 0, "CommunityInitial": "C1", "CommunityPrev": "C1", "CommunityFinal": "C4", "Transition": "ingresso" }, "geometry": { "type": "Polygon", "coordinates": [ [ [ 9.204684020878837, 45.510845142438193 ], [ 9.205822878690215, 45.510526304402681 ], [ 9.206097955760381, 45.511011011985822 ], [ 9.207124415277235, 45.510730938917412 ], [ 9.207520302313668, 45.510622974766235 ], [ 9.208100602771655, 45.509924662589555 ], [ 9.209182610403442, 45.508586244727653 ], [ 9.209719474253601, 45.508880207340695 ], [ 9.209790115340226, 45.508927052685635 ], [ 9.209895094807498, 45.508996672544079 ], [ 9.210230205061993, 45.509181748552926 ], [ 9.210488640578664, 45.509324476888153 ], [ 9.210898430835668, 45.509419132941801 ], [ 9.210974877711665, 45.509436791494906 ], [ 9.211988647887335, 45.509666916758917 ], [ 9.212194509264918, 45.50970349584302 ], [ 9.212228863810722, 45.508985245107098 ], [ 9.212256728797003, 45.508402662260956 ], [ 9.212925443024757, 45.507617058895299 ], [ 9.213225359938004, 45.507252520070544 ], [ 9.214976612948014, 45.506308553454453 ], [ 9.215533480635978, 45.506551836979348 ], [ 9.215576150050909, 45.508628545457491 ], [ 9.216030875506648, 45.510959071303816 ], [ 9.216304035111238, 45.511038090075729 ], [ 9.216470279605216, 45.511086216483477 ], [ 9.216697861999464, 45.510614466561499 ], [ 9.216900202446395, 45.510394952071358 ], [ 9.217279396431017, 45.509983567008518 ], [ 9.218280176560924, 45.51029131829133 ], [ 9.21864843908736, 45.509535567559922 ], [ 9.218654031522814, 45.509505960267184 ], [ 9.218714560966594, 45.50918525232899 ], [ 9.218720272706019, 45.509157379319014 ], [ 9.218963549770585, 45.507865995556124 ], [ 9.219220060515838, 45.506502864610567 ], [ 9.219196587768364, 45.506464144503262 ], [ 9.218523394417028, 45.505353416126411 ], [ 9.218035692397052, 45.504644518141305 ], [ 9.217612363087195, 45.503925067563145 ], [ 9.217479042338063, 45.502724908071499 ], [ 9.21719389384789, 45.502176753242949 ], [ 9.216855277064738, 45.501535174682303 ], [ 9.217307474485649, 45.50137637512929 ], [ 9.217106226732415, 45.500970207140689 ], [ 9.217654210881786, 45.50050083164431 ], [ 9.217983837905265, 45.500211498856807 ], [ 9.21828359641278, 45.499972280205192 ], [ 9.218463286242411, 45.499826639441373 ], [ 9.218506120438763, 45.499791922038561 ], [ 9.218365665986846, 45.499709484573316 ], [ 9.216907000477097, 45.500220371554562 ], [ 9.216514388856655, 45.499938958665297 ], [ 9.216337906883192, 45.499838070751842 ], [ 9.215840947913144, 45.499564639986609 ], [ 9.215591590277226, 45.499430611385257 ], [ 9.215334066300553, 45.499294197027588 ], [ 9.214926376297404, 45.499090624598338 ], [ 9.214886290228447, 45.498947459500634 ], [ 9.21479516061869, 45.498622280239097 ], [ 9.214613790750599, 45.497975079171596 ], [ 9.214121265870638, 45.497479778696153 ], [ 9.213136193866964, 45.496465883532949 ], [ 9.211708981983184, 45.495123338319146 ], [ 9.210867793605235, 45.494225469227374 ], [ 9.210817996685256, 45.494250607729604 ], [ 9.210524487735436, 45.494399180081508 ], [ 9.20993272954769, 45.494691444501107 ], [ 9.209710113042105, 45.494806795331456 ], [ 9.209634782261366, 45.49484338283925 ], [ 9.209348070874222, 45.494982636094434 ], [ 9.207756530722765, 45.495782933345247 ], [ 9.207570469346969, 45.49528488726996 ], [ 9.207138734581513, 45.495430225743171 ], [ 9.205836262500508, 45.495841264473114 ], [ 9.205319546400467, 45.496006640781836 ], [ 9.204357008026083, 45.496337304571227 ], [ 9.202964155908925, 45.496863433819257 ], [ 9.202746930151152, 45.49694548513606 ], [ 9.202580656816195, 45.497008290359908 ], [ 9.202801436892875, 45.497311906744173 ], [ 9.202870929058619, 45.497411915638409 ], [ 9.202926460995734, 45.497489350125853 ], [ 9.203139828015743, 45.497758176091295 ], [ 9.203698639460054, 45.498486515402973 ], [ 9.203834442372564, 45.49866824917828 ], [ 9.204169723910622, 45.499116923321544 ], [ 9.204336531352194, 45.499343516736694 ], [ 9.204597729524254, 45.499684601861141 ], [ 9.205380575031633, 45.5007057486104 ], [ 9.20586050481716, 45.501341502585475 ], [ 9.206425855566582, 45.502093146353644 ], [ 9.206487459467308, 45.502174162226503 ], [ 9.204749734931813, 45.502438943220547 ], [ 9.203863959668439, 45.502576934236906 ], [ 9.203291107888294, 45.502669653289182 ], [ 9.202978214708665, 45.502720287502612 ], [ 9.202390195646347, 45.502814488968049 ], [ 9.200691308188762, 45.503063018347291 ], [ 9.199780204363572, 45.503211183554789 ], [ 9.199279030306833, 45.503292106930424 ], [ 9.198923446783395, 45.503347058432624 ], [ 9.19912588115138, 45.503709831155696 ], [ 9.199177400192163, 45.503802226153283 ], [ 9.19977725558174, 45.504875728106818 ], [ 9.199997472756309, 45.505269683099549 ], [ 9.200171278928233, 45.505572185610539 ], [ 9.200465918540839, 45.506089643294786 ], [ 9.200620636259407, 45.50636171156296 ], [ 9.200991516622455, 45.507011089408614 ], [ 9.201047539825, 45.507113827778483 ], [ 9.201214033056331, 45.50742011384758 ], [ 9.201393637603523, 45.507736320084689 ], [ 9.201695835075142, 45.508257085191005 ], [ 9.201761594946525, 45.508366935785844 ], [ 9.201995414509422, 45.508762303740447 ], [ 9.202237351994111, 45.509197236551245 ], [ 9.202468498225448, 45.509587771010466 ], [ 9.202658313684951, 45.509940775225665 ], [ 9.20270863059568, 45.51003316976275 ], [ 9.202917552445436, 45.510393340509069 ], [ 9.203323497245513, 45.511125534838349 ], [ 9.203375719704429, 45.511219624181855 ], [ 9.204684020878837, 45.510845142438193 ] ] ] } },
{ "type": "Feature", "properties": { "MapCommunity": "C1", "CITY": "Milano", "COM_ASC2": "15146014", "DEN_ASC2": "Niguarda - Caâ Granda - Prato Centenaro - Q.re Fulvio Testi", "is_member": 0, "is_incoming": 0, "CommunityInitial": "C1", "CommunityPrev": "C4", "CommunityFinal": "C4", "Transition": "stabile" }, "geometry": { "type": "Polygon", "coordinates": [ [ [ 9.213175099243239, 45.528493637452591 ], [ 9.212758200102877, 45.527761750984574 ], [ 9.212327582183221, 45.527002843715053 ], [ 9.212243154525442, 45.526854009101939 ], [ 9.211989359931135, 45.526399793676369 ], [ 9.211402194809708, 45.525366348972938 ], [ 9.211258642536835, 45.525113726931522 ], [ 9.210824582758656, 45.52435122677263 ], [ 9.210290910115001, 45.523407246293964 ], [ 9.21022073301598, 45.523271647878715 ], [ 9.210175758699636, 45.523185155356323 ], [ 9.209939806086513, 45.522721574417005 ], [ 9.209865898406951, 45.522575731269789 ], [ 9.20983737479178, 45.522521074977575 ], [ 9.209784246440034, 45.522420496142736 ], [ 9.209612360636891, 45.522132035640624 ], [ 9.209144310191649, 45.521341486923717 ], [ 9.208584392757595, 45.52034895086225 ], [ 9.208350509309792, 45.519949020248255 ], [ 9.208116108162246, 45.519549117974123 ], [ 9.207646820318306, 45.518739906625086 ], [ 9.207521067843169, 45.518529601048108 ], [ 9.207457837630132, 45.518436038673677 ], [ 9.20736400890684, 45.518277279182037 ], [ 9.206861134077423, 45.517393272168022 ], [ 9.206299184743841, 45.516401742326543 ], [ 9.206066734931428, 45.515993828287485 ], [ 9.205629938644522, 45.515213660931735 ], [ 9.205495401919803, 45.514968505697247 ], [ 9.205053103193407, 45.514157244344787 ], [ 9.204909205841833, 45.513900697164601 ], [ 9.204439484030875, 45.513054794873057 ], [ 9.204323948966341, 45.51284959791775 ], [ 9.204071695863549, 45.512403458439024 ], [ 9.203470580431306, 45.511381611307598 ], [ 9.203375719704429, 45.511219624181855 ], [ 9.203323497245513, 45.511125534838349 ], [ 9.202917552445436, 45.510393340509069 ], [ 9.20270863059568, 45.51003316976275 ], [ 9.202658313684951, 45.509940775225665 ], [ 9.202468498225448, 45.509587771010466 ], [ 9.202237351994111, 45.509197236551245 ], [ 9.201995414509422, 45.508762303740447 ], [ 9.201761594946525, 45.508366935785844 ], [ 9.201695835075142, 45.508257085191005 ], [ 9.201393637603523, 45.507736320084689 ], [ 9.201214033056331, 45.50742011384758 ], [ 9.201047539825, 45.507113827778483 ], [ 9.200991516622455, 45.507011089408614 ], [ 9.200620636259407, 45.50636171156296 ], [ 9.200465918540839, 45.506089643294786 ], [ 9.200171278928233, 45.505572185610539 ], [ 9.199997472756309, 45.505269683099549 ], [ 9.19977725558174, 45.504875728106818 ], [ 9.199177400192163, 45.503802226153283 ], [ 9.19912588115138, 45.503709831155696 ], [ 9.198923446783395, 45.503347058432624 ], [ 9.198417255659489, 45.503435438798405 ], [ 9.198115860661279, 45.503485463640601 ], [ 9.197234431649754, 45.503631460697399 ], [ 9.19709682985612, 45.503654219931633 ], [ 9.196412797570494, 45.503762106536314 ], [ 9.195481404863044, 45.503904580905896 ], [ 9.193024480615431, 45.50428460116796 ], [ 9.190904018881842, 45.504612919044042 ], [ 9.188924459643616, 45.504917212409801 ], [ 9.186083190693665, 45.505359713586202 ], [ 9.184892055108762, 45.505543208596492 ], [ 9.184890510860608, 45.505597424887604 ], [ 9.184837467461822, 45.506125084794583 ], [ 9.184721417635016, 45.507256129861865 ], [ 9.184708030782211, 45.507390237665135 ], [ 9.182287868012299, 45.507986652262673 ], [ 9.182101098917567, 45.508032675861287 ], [ 9.181835826601919, 45.508361767257696 ], [ 9.182511979499347, 45.512406119903616 ], [ 9.184155864112027, 45.513099073440209 ], [ 9.18468865790234, 45.51296527758636 ], [ 9.184677003069252, 45.513237932123005 ], [ 9.184662290565116, 45.51335431062607 ], [ 9.184561572158383, 45.51374933791223 ], [ 9.18454959640877, 45.513793995588323 ], [ 9.184227622836588, 45.514136865489824 ], [ 9.183827684298828, 45.514515180324317 ], [ 9.183690660700496, 45.514644796253023 ], [ 9.183451856603348, 45.515008256106981 ], [ 9.183272727310504, 45.515280887601151 ], [ 9.182922870014288, 45.51579013540919 ], [ 9.182733352117239, 45.516363784299742 ], [ 9.183647035615513, 45.516551465685623 ], [ 9.183734153163584, 45.516569249506937 ], [ 9.184099841300549, 45.516728115402245 ], [ 9.18419944004032, 45.516771383397376 ], [ 9.184890521932816, 45.517151322608022 ], [ 9.18501586396266, 45.517204446738155 ], [ 9.185425036304329, 45.517377867438626 ], [ 9.185913820720847, 45.517479774733651 ], [ 9.185902110348245, 45.517509672972395 ], [ 9.185349240671968, 45.518921245670207 ], [ 9.185328046081073, 45.518947335560881 ], [ 9.185122906398869, 45.519199846785497 ], [ 9.185037801556465, 45.519305285912168 ], [ 9.184889389594243, 45.519617310117759 ], [ 9.18445081314092, 45.520552822554421 ], [ 9.184435931604265, 45.520584473761495 ], [ 9.184819638840372, 45.520659525874208 ], [ 9.183930279753852, 45.522744790278935 ], [ 9.184574706613022, 45.522713577353365 ], [ 9.184817424458265, 45.522703569940454 ], [ 9.184937657811275, 45.5226979827913 ], [ 9.184987655307722, 45.522711166758221 ], [ 9.187216571255867, 45.523298884381568 ], [ 9.18719827112743, 45.523497954784396 ], [ 9.18848226274307, 45.523766429967864 ], [ 9.188985981085859, 45.523871750385766 ], [ 9.189114714549927, 45.523904166319468 ], [ 9.188949751897331, 45.524444857137546 ], [ 9.188634025446962, 45.525479671590624 ], [ 9.189568530003298, 45.526170912833756 ], [ 9.189758749356491, 45.526311612661615 ], [ 9.191850678749146, 45.526311969144011 ], [ 9.192502825874708, 45.526312070064137 ], [ 9.194607819856284, 45.526341452777473 ], [ 9.196476164047578, 45.526350501457813 ], [ 9.197083481053888, 45.526319303411142 ], [ 9.197740451424819, 45.526187611679589 ], [ 9.199729432340517, 45.525548377880618 ], [ 9.200207747833634, 45.525469142822175 ], [ 9.200673381226292, 45.525442629458503 ], [ 9.2011209757438, 45.525493194442255 ], [ 9.20166005587175, 45.525594945657843 ], [ 9.202217839314894, 45.525805753601801 ], [ 9.201434966849964, 45.526965484079831 ], [ 9.200546691411418, 45.528281292961296 ], [ 9.200373640172959, 45.528508997518095 ], [ 9.200272971312421, 45.528810441479393 ], [ 9.20016545617578, 45.529132399116484 ], [ 9.199962001337118, 45.529744367805961 ], [ 9.200583400042246, 45.529832347752446 ], [ 9.200753683807225, 45.529856455975391 ], [ 9.201154325468401, 45.529914659711402 ], [ 9.201269250256363, 45.529488623832336 ], [ 9.20148966988859, 45.528686932970814 ], [ 9.201600580371824, 45.528709083396336 ], [ 9.202061229609328, 45.528804053714289 ], [ 9.202040602039771, 45.528887598721205 ], [ 9.202019564047614, 45.52897420662007 ], [ 9.202003565389024, 45.529022567169214 ], [ 9.202921122973718, 45.529209873811844 ], [ 9.203018661511919, 45.528996757204247 ], [ 9.203106420176749, 45.529009149623235 ], [ 9.203610599067291, 45.529073560391744 ], [ 9.204260951350527, 45.529156639647248 ], [ 9.205036520864571, 45.52925560156681 ], [ 9.205422605352055, 45.529301749605111 ], [ 9.205702339256819, 45.529335033615126 ], [ 9.206048929933992, 45.528175661604834 ], [ 9.206123480260034, 45.527926272462643 ], [ 9.207224695931492, 45.528007554608088 ], [ 9.207382315925086, 45.5280191860138 ], [ 9.207460291345242, 45.528175764244281 ], [ 9.208061567137912, 45.528218881336642 ], [ 9.208822500631481, 45.528281829955532 ], [ 9.209521504233564, 45.528339645775581 ], [ 9.209652711227331, 45.528350806728128 ], [ 9.209730485209283, 45.528283203478757 ], [ 9.209668352515832, 45.528175669877186 ], [ 9.210092863789781, 45.528202356751784 ], [ 9.211379689521792, 45.528286335693991 ], [ 9.21144590125399, 45.528401244408137 ], [ 9.211697232997844, 45.528837427259518 ], [ 9.211943403460275, 45.529264643213608 ], [ 9.211805099051196, 45.529990113041961 ], [ 9.211873251869262, 45.530161115362276 ], [ 9.213245845254239, 45.530289040184293 ], [ 9.213244442310343, 45.529917779382046 ], [ 9.21324377072057, 45.52974005412306 ], [ 9.213457275562076, 45.5296905031134 ], [ 9.213503942300546, 45.52967969110319 ], [ 9.213710377726148, 45.529632218582719 ], [ 9.213755329750978, 45.529621787723407 ], [ 9.213804624572045, 45.529609707819546 ], [ 9.213729982571747, 45.529467412451211 ], [ 9.213386557936701, 45.528864678978763 ], [ 9.213175099243239, 45.528493637452591 ] ] ] } },
{ "type": "Feature", "properties": { "MapCommunity": "C1", "CITY": "Milano", "COM_ASC2": "15146015", "DEN_ASC2": "Bicocca", "is_member": 1, "is_incoming": 1, "CommunityInitial": "C1", "CommunityPrev": "C4", "CommunityFinal": "C1", "Transition": "ingresso" }, "geometry": { "type": "Polygon", "coordinates": [ [ [ 9.216426039939416, 45.529292468625904 ], [ 9.21647179655224, 45.529291678040714 ], [ 9.216843694597241, 45.529296115009075 ], [ 9.216732528391679, 45.528387276081787 ], [ 9.216252709442099, 45.526791226795041 ], [ 9.219809265885386, 45.526712423483382 ], [ 9.219797513092077, 45.526171934847063 ], [ 9.219404348923943, 45.525489000726495 ], [ 9.219559170475554, 45.525010872832475 ], [ 9.219798328910013, 45.52503752961541 ], [ 9.220092510760956, 45.523571916524737 ], [ 9.220128183945647, 45.523394180482462 ], [ 9.221466129182724, 45.523428026346203 ], [ 9.222716415659608, 45.523723833458618 ], [ 9.222201167666755, 45.523196679339954 ], [ 9.221731755654847, 45.522686239843253 ], [ 9.221208015383498, 45.522116690743069 ], [ 9.220400390704972, 45.521238401269635 ], [ 9.220159197100127, 45.520976095365178 ], [ 9.219138192815944, 45.51983826492512 ], [ 9.217189495771835, 45.517404845904707 ], [ 9.216629682217372, 45.516535744614629 ], [ 9.216318845263633, 45.516028536890097 ], [ 9.215579273316914, 45.514835196675129 ], [ 9.214578611937775, 45.513503049908778 ], [ 9.214827650327281, 45.513425046221656 ], [ 9.213988295157508, 45.512252663656596 ], [ 9.213914113773701, 45.512147237490936 ], [ 9.212194509264918, 45.50970349584302 ], [ 9.211988647887335, 45.509666916758917 ], [ 9.210974877711665, 45.509436791494906 ], [ 9.210898430835668, 45.509419132941801 ], [ 9.210488640578664, 45.509324476888153 ], [ 9.210230205061993, 45.509181748552926 ], [ 9.209895094807498, 45.508996672544079 ], [ 9.209790115340226, 45.508927052685635 ], [ 9.209719474253601, 45.508880207340695 ], [ 9.209182610403442, 45.508586244727653 ], [ 9.208100602771655, 45.509924662589555 ], [ 9.207520302313668, 45.510622974766235 ], [ 9.207124415277235, 45.510730938917412 ], [ 9.206097955760381, 45.511011011985822 ], [ 9.205822878690215, 45.510526304402681 ], [ 9.204684020878837, 45.510845142438193 ], [ 9.203375719704429, 45.511219624181855 ], [ 9.203470580431306, 45.511381611307598 ], [ 9.204071695863549, 45.512403458439024 ], [ 9.204323948966341, 45.51284959791775 ], [ 9.204439484030875, 45.513054794873057 ], [ 9.204909205841833, 45.513900697164601 ], [ 9.205053103193407, 45.514157244344787 ], [ 9.205495401919803, 45.514968505697247 ], [ 9.205629938644522, 45.515213660931735 ], [ 9.206066734931428, 45.515993828287485 ], [ 9.206299184743841, 45.516401742326543 ], [ 9.206861134077423, 45.517393272168022 ], [ 9.20736400890684, 45.518277279182037 ], [ 9.207457837630132, 45.518436038673677 ], [ 9.207521067843169, 45.518529601048108 ], [ 9.207646820318306, 45.518739906625086 ], [ 9.208116108162246, 45.519549117974123 ], [ 9.208350509309792, 45.519949020248255 ], [ 9.208584392757595, 45.52034895086225 ], [ 9.209144310191649, 45.521341486923717 ], [ 9.209612360636891, 45.522132035640624 ], [ 9.209784246440034, 45.522420496142736 ], [ 9.20983737479178, 45.522521074977575 ], [ 9.209865898406951, 45.522575731269789 ], [ 9.209939806086513, 45.522721574417005 ], [ 9.210175758699636, 45.523185155356323 ], [ 9.21022073301598, 45.523271647878715 ], [ 9.210290910115001, 45.523407246293964 ], [ 9.210824582758656, 45.52435122677263 ], [ 9.211258642536835, 45.525113726931522 ], [ 9.211402194809708, 45.525366348972938 ], [ 9.211989359931135, 45.526399793676369 ], [ 9.212243154525442, 45.526854009101939 ], [ 9.212327582183221, 45.527002843715053 ], [ 9.212758200102877, 45.527761750984574 ], [ 9.213175099243239, 45.528493637452591 ], [ 9.213386557936701, 45.528864678978763 ], [ 9.213729982571747, 45.529467412451211 ], [ 9.213804624572045, 45.529609707819546 ], [ 9.214085274136051, 45.529613604430459 ], [ 9.215356003106622, 45.529632129003772 ], [ 9.216458959345855, 45.529656900895603 ], [ 9.216252690000887, 45.529302327278678 ], [ 9.216378797373773, 45.529295154936761 ], [ 9.216426039939416, 45.529292468625904 ] ] ] } },
{ "type": "Feature", "properties": { "MapCommunity": "C1", "CITY": "Milano", "COM_ASC2": "15146016", "DEN_ASC2": "Gorla - Precotto", "is_member": 1, "is_incoming": 0, "CommunityInitial": "C1", "CommunityPrev": "C1", "CommunityFinal": "C1", "Transition": "stabile" }, "geometry": { "type": "Polygon", "coordinates": [ [ [ 9.223162208022778, 45.523547312381474 ], [ 9.22322211408907, 45.523523732167973 ], [ 9.223344360422544, 45.523649732740253 ], [ 9.223520807256719, 45.523582321327105 ], [ 9.223603085663278, 45.523549234279344 ], [ 9.223929781882546, 45.523594049875413 ], [ 9.223972999554377, 45.523427365594884 ], [ 9.225164390776627, 45.523582610194843 ], [ 9.225159353101464, 45.52362750860766 ], [ 9.225535941818602, 45.52366743717301 ], [ 9.225559044728298, 45.523514910231142 ], [ 9.22586657929277, 45.523567661988295 ], [ 9.2259361643786, 45.523289320187978 ], [ 9.226035723050211, 45.522853141434368 ], [ 9.227643982493509, 45.523036047339637 ], [ 9.227702809718291, 45.523042737624735 ], [ 9.227816229430413, 45.523056706220373 ], [ 9.227904153558537, 45.523066936109117 ], [ 9.229090005013473, 45.523204902020296 ], [ 9.229251899166144, 45.523223736072168 ], [ 9.229294980708335, 45.523048282967672 ], [ 9.230197058709102, 45.523105422296865 ], [ 9.230354218571392, 45.523115376640654 ], [ 9.230862956463939, 45.523147596979243 ], [ 9.230938300969482, 45.523152328680283 ], [ 9.231080930326616, 45.522344121229409 ], [ 9.231186771068741, 45.521734239031744 ], [ 9.231284669465756, 45.521179042753531 ], [ 9.233034335900419, 45.521285317378897 ], [ 9.23312789686908, 45.520941675869537 ], [ 9.233424126854143, 45.519853604274211 ], [ 9.233340924365605, 45.519844440115484 ], [ 9.233479490879791, 45.519061354185027 ], [ 9.233991670701784, 45.519060307087337 ], [ 9.234091510830197, 45.518808826729931 ], [ 9.234629718396389, 45.517453380681644 ], [ 9.235124809826091, 45.517550687216641 ], [ 9.235820151604541, 45.51768322907467 ], [ 9.235891568795767, 45.517513923775468 ], [ 9.235922081116088, 45.517441586355652 ], [ 9.23657034704107, 45.515741156397773 ], [ 9.236123895832844, 45.515661318535848 ], [ 9.236083416558134, 45.515654463244616 ], [ 9.235192312533787, 45.515503548947621 ], [ 9.232238516847021, 45.515003248261522 ], [ 9.231654008519749, 45.514904236510127 ], [ 9.23137272408673, 45.514856587626483 ], [ 9.231488410109554, 45.514475926580275 ], [ 9.231502903454581, 45.514428239910536 ], [ 9.231571656329374, 45.514436884741528 ], [ 9.233509045152802, 45.514680464237657 ], [ 9.233555811446017, 45.51457786394618 ], [ 9.234406678656526, 45.512711066610095 ], [ 9.234840567437178, 45.511775293259866 ], [ 9.235174020787467, 45.511044329372737 ], [ 9.235214755450677, 45.510955033607097 ], [ 9.235676060737283, 45.509869487387945 ], [ 9.235812545254783, 45.509548302232943 ], [ 9.236108347000384, 45.50885212498131 ], [ 9.236289105891956, 45.508414596367878 ], [ 9.236427060033719, 45.508143697536518 ], [ 9.236513478744108, 45.507931996722306 ], [ 9.236753868210929, 45.507392476288977 ], [ 9.2372345627039, 45.506327073333466 ], [ 9.237609521857435, 45.505493886826422 ], [ 9.237773146274863, 45.505181933589256 ], [ 9.237891133504295, 45.505067106266161 ], [ 9.237812986858225, 45.505041875899117 ], [ 9.237438915801942, 45.504921104607021 ], [ 9.236937147268527, 45.504817509250984 ], [ 9.236302730555293, 45.504731489939637 ], [ 9.235614358204311, 45.504638151574461 ], [ 9.234417784995243, 45.504411310505162 ], [ 9.233580393522322, 45.504244166486707 ], [ 9.232116175571143, 45.504078288154446 ], [ 9.231926401909393, 45.504060716361302 ], [ 9.231260697704272, 45.503987577169859 ], [ 9.230990850951775, 45.503957927965722 ], [ 9.229938615742546, 45.50378939035518 ], [ 9.229409006433812, 45.503676877126523 ], [ 9.22898550575276, 45.503586903644681 ], [ 9.228167836443925, 45.503444553215267 ], [ 9.227846673052378, 45.50341144002369 ], [ 9.227302650987067, 45.503440604676399 ], [ 9.226695109720829, 45.503557787958584 ], [ 9.22615680593127, 45.503704532881571 ], [ 9.225237802607301, 45.503976510390984 ], [ 9.224853799928489, 45.504027041366541 ], [ 9.223955988022349, 45.504045886555105 ], [ 9.222962790237684, 45.503959635486183 ], [ 9.221996666027966, 45.503775643798342 ], [ 9.221192104745588, 45.503628910925137 ], [ 9.220686143901752, 45.503523227026598 ], [ 9.219919840447369, 45.503420336789191 ], [ 9.219461932980444, 45.503326525545532 ], [ 9.219107578070894, 45.503199211498909 ], [ 9.218834010117872, 45.5030433430423 ], [ 9.218245930089592, 45.502617865765238 ], [ 9.218103840712791, 45.502483032848112 ], [ 9.218057781124623, 45.502425239897271 ], [ 9.217559851388208, 45.501800500741361 ], [ 9.217332259010487, 45.501426572310223 ], [ 9.217307474485649, 45.50137637512929 ], [ 9.216855277064738, 45.501535174682303 ], [ 9.21719389384789, 45.502176753242949 ], [ 9.217479042338063, 45.502724908071499 ], [ 9.217612363087195, 45.503925067563145 ], [ 9.218035692397052, 45.504644518141305 ], [ 9.218523394417028, 45.505353416126411 ], [ 9.219196587768364, 45.506464144503262 ], [ 9.219220060515838, 45.506502864610567 ], [ 9.218963549770585, 45.507865995556124 ], [ 9.218720272706019, 45.509157379319014 ], [ 9.218714560966594, 45.50918525232899 ], [ 9.218654031522814, 45.509505960267184 ], [ 9.21864843908736, 45.509535567559922 ], [ 9.218280176560924, 45.51029131829133 ], [ 9.217279396431017, 45.509983567008518 ], [ 9.216900202446395, 45.510394952071358 ], [ 9.216697861999464, 45.510614466561499 ], [ 9.216470279605216, 45.511086216483477 ], [ 9.216304035111238, 45.511038090075729 ], [ 9.216030875506648, 45.510959071303816 ], [ 9.215576150050909, 45.508628545457491 ], [ 9.215533480635978, 45.506551836979348 ], [ 9.214976612948014, 45.506308553454453 ], [ 9.213225359938004, 45.507252520070544 ], [ 9.212925443024757, 45.507617058895299 ], [ 9.212256728797003, 45.508402662260956 ], [ 9.212228863810722, 45.508985245107098 ], [ 9.212194509264918, 45.50970349584302 ], [ 9.213914113773701, 45.512147237490936 ], [ 9.213988295157508, 45.512252663656596 ], [ 9.214827650327281, 45.513425046221656 ], [ 9.214578611937775, 45.513503049908778 ], [ 9.215579273316914, 45.514835196675129 ], [ 9.216318845263633, 45.516028536890097 ], [ 9.216629682217372, 45.516535744614629 ], [ 9.217189495771835, 45.517404845904707 ], [ 9.219138192815944, 45.51983826492512 ], [ 9.220159197100127, 45.520976095365178 ], [ 9.220400390704972, 45.521238401269635 ], [ 9.221208015383498, 45.522116690743069 ], [ 9.221731755654847, 45.522686239843253 ], [ 9.222201167666755, 45.523196679339954 ], [ 9.222716415659608, 45.523723833458618 ], [ 9.222822256703516, 45.523681171568221 ], [ 9.223162208022778, 45.523547312381474 ] ] ] } },
{ "type": "Feature", "properties": { "MapCommunity": "C1", "CITY": "Milano", "COM_ASC2": "15146017", "DEN_ASC2": "Adriano", "is_member": 1, "is_incoming": 0, "CommunityInitial": "C1", "CommunityPrev": "C1", "CommunityFinal": "C1", "Transition": "stabile" }, "geometry": { "type": "Polygon", "coordinates": [ [ [ 9.255250959888889, 45.519703404769317 ], [ 9.255289884241503, 45.519545907342795 ], [ 9.2551821191903, 45.519037678317112 ], [ 9.255155719216233, 45.518913173667819 ], [ 9.255296014363715, 45.518901675432851 ], [ 9.255408651573713, 45.518892445040187 ], [ 9.256212094493673, 45.518526868748197 ], [ 9.256768243107832, 45.518273374746883 ], [ 9.256849421159387, 45.518236870074837 ], [ 9.257389953821541, 45.518374885251589 ], [ 9.257467284953819, 45.518253791893393 ], [ 9.258794329794183, 45.518894083422175 ], [ 9.258629047490468, 45.519039817533333 ], [ 9.258746397838785, 45.519073382443793 ], [ 9.258860762926645, 45.519101751358633 ], [ 9.258946744822905, 45.519119106840691 ], [ 9.259029167813084, 45.519135748439354 ], [ 9.259162805072924, 45.519158374747953 ], [ 9.259265224924173, 45.519175715198145 ], [ 9.259481325523103, 45.519214194814168 ], [ 9.259564164394883, 45.519229046561946 ], [ 9.25973682988556, 45.519256339694437 ], [ 9.259775388802337, 45.519264568136229 ], [ 9.259974444686426, 45.519341562609618 ], [ 9.260099277853767, 45.51938984661026 ], [ 9.260165577893082, 45.519427717203378 ], [ 9.260390881130476, 45.519546701635306 ], [ 9.260634300139431, 45.51961815175212 ], [ 9.260914397980912, 45.519569514830522 ], [ 9.261081500646771, 45.519540641830538 ], [ 9.261122540600796, 45.519374030255882 ], [ 9.261065309504209, 45.51919863678534 ], [ 9.261041952207357, 45.519122184355588 ], [ 9.261239031452982, 45.518955216939538 ], [ 9.26128666128073, 45.518914596720364 ], [ 9.261392017355586, 45.518842354028564 ], [ 9.261528375686838, 45.518794772607613 ], [ 9.261569531724776, 45.51878791674325 ], [ 9.261651703049367, 45.518774231395611 ], [ 9.261775083920956, 45.518762763944302 ], [ 9.262048847644888, 45.518737318400795 ], [ 9.262277511222775, 45.518520766128283 ], [ 9.262244694151063, 45.518358827827939 ], [ 9.262182498279781, 45.518048435055576 ], [ 9.262003421787366, 45.517868830953645 ], [ 9.261931808902149, 45.517697968710522 ], [ 9.26191509165325, 45.517604256888077 ], [ 9.261862037689523, 45.517306841441723 ], [ 9.261832832534491, 45.517143115189285 ], [ 9.261789671186948, 45.516901694520982 ], [ 9.261897997795565, 45.516802546510078 ], [ 9.262025971790765, 45.516747987136775 ], [ 9.262131330119807, 45.516635386349407 ], [ 9.26213113810576, 45.516509372136149 ], [ 9.262101994333621, 45.516417137115248 ], [ 9.262082822497339, 45.516356462306661 ], [ 9.262084063609063, 45.516230515907871 ], [ 9.26210946784092, 45.516149381906914 ], [ 9.262160287795815, 45.516159210614987 ], [ 9.262270445818679, 45.516180516312367 ], [ 9.262384888824018, 45.516139751196562 ], [ 9.262384885311823, 45.516009236883903 ], [ 9.262368693893738, 45.515883258505923 ], [ 9.262427958723718, 45.515847363651851 ], [ 9.262540256412306, 45.515779345238272 ], [ 9.262732029634355, 45.515778905220976 ], [ 9.263100173405373, 45.515773561841542 ], [ 9.263506306876478, 45.515781633116788 ], [ 9.264121813122532, 45.515771204209145 ], [ 9.264180177035799, 45.515796683712345 ], [ 9.264285611202927, 45.515842713646265 ], [ 9.264316653492605, 45.515856262305526 ], [ 9.264360699331885, 45.515899722162843 ], [ 9.264494862444698, 45.516031403902225 ], [ 9.264893384275876, 45.516050487228306 ], [ 9.265001410863228, 45.516055593233823 ], [ 9.265124414304628, 45.516061406069355 ], [ 9.265252877273163, 45.516065616498828 ], [ 9.265857168073225, 45.516095715587745 ], [ 9.266097200600083, 45.516091168301358 ], [ 9.267079182375097, 45.516072559378735 ], [ 9.267211584029786, 45.516070049867857 ], [ 9.268088114948752, 45.516049990286668 ], [ 9.268256672670082, 45.51653564919733 ], [ 9.268344639502894, 45.516791969746343 ], [ 9.268427923025087, 45.516767840118483 ], [ 9.268485547729348, 45.51675113814948 ], [ 9.268521887400723, 45.51675291416187 ], [ 9.268710963616709, 45.516762156542349 ], [ 9.268762045167348, 45.516760954436258 ], [ 9.268831283890984, 45.516759324330273 ], [ 9.268892329002227, 45.516222593807875 ], [ 9.268902841314215, 45.516179468139065 ], [ 9.26892681338669, 45.516082499435626 ], [ 9.2689486526848, 45.515994472050963 ], [ 9.268978465113699, 45.515874316219445 ], [ 9.269017791884844, 45.515715809434617 ], [ 9.269056038123511, 45.515561659915207 ], [ 9.269006889452973, 45.515296517371347 ], [ 9.268964013980218, 45.515057815196251 ], [ 9.268808070594835, 45.514572127520033 ], [ 9.268750168831016, 45.51430446260234 ], [ 9.268743374154663, 45.514273228517908 ], [ 9.268664059431453, 45.513906387423454 ], [ 9.268647443360999, 45.513735409809655 ], [ 9.268610152230714, 45.51333945560706 ], [ 9.268544563540766, 45.51291218729915 ], [ 9.268478540658426, 45.512479013408772 ], [ 9.268297346871512, 45.512471843984052 ], [ 9.268247294451017, 45.51247111272712 ], [ 9.268199430008893, 45.512469577912071 ], [ 9.268139176108482, 45.512467139644144 ], [ 9.268010959984355, 45.512463355832054 ], [ 9.267849118819376, 45.512459198868967 ], [ 9.267684706893993, 45.512454224098555 ], [ 9.267637455806899, 45.512454057580804 ], [ 9.267502268577344, 45.51245077379059 ], [ 9.267184607755155, 45.512443066086803 ], [ 9.267210371266321, 45.512388625571333 ], [ 9.267243352732503, 45.512342019838343 ], [ 9.267014997277505, 45.512408405124376 ], [ 9.266490780946025, 45.512450070398451 ], [ 9.265920621189544, 45.512495383968236 ], [ 9.264611794912822, 45.512555838739779 ], [ 9.264201446535701, 45.512574789893499 ], [ 9.263264714813452, 45.512618045391235 ], [ 9.262202711219201, 45.512698291877413 ], [ 9.261979042684676, 45.512715191594459 ], [ 9.261607070733012, 45.51270101130855 ], [ 9.261166682650511, 45.512603109341171 ], [ 9.259549744908753, 45.512243634717152 ], [ 9.258248270310357, 45.51203343887174 ], [ 9.258122704723238, 45.512003343001773 ], [ 9.257610164435659, 45.511878699487113 ], [ 9.257313824183253, 45.511809465614341 ], [ 9.257274654763879, 45.511800077462112 ], [ 9.256884826055455, 45.511706641061096 ], [ 9.256054130705261, 45.511507574149441 ], [ 9.255523481862092, 45.511415786232519 ], [ 9.254878020263046, 45.511304176886703 ], [ 9.254397300571505, 45.511221002505422 ], [ 9.254176612057083, 45.51132492923707 ], [ 9.254117401561814, 45.511352813222267 ], [ 9.253881528675192, 45.511254327188475 ], [ 9.253595861448197, 45.511170756262864 ], [ 9.253548820891735, 45.511158208711002 ], [ 9.253378159984882, 45.511112687976443 ], [ 9.252750680958989, 45.511000348931312 ], [ 9.25159797474009, 45.510780836898853 ], [ 9.249130684971956, 45.510320798417233 ], [ 9.248613764549894, 45.510193569536604 ], [ 9.248286979694603, 45.510043198271823 ], [ 9.247709186914387, 45.509710290541996 ], [ 9.24746573709197, 45.509572742794525 ], [ 9.24723274806505, 45.50944115763108 ], [ 9.244279205332683, 45.508058341534628 ], [ 9.243926354882696, 45.507893136419362 ], [ 9.243751687783453, 45.507811356002918 ], [ 9.242914441871642, 45.507414657893484 ], [ 9.242130554709224, 45.507052327444079 ], [ 9.240889375387679, 45.506469031369491 ], [ 9.240441804141375, 45.506261555937336 ], [ 9.239743511272568, 45.505934559889077 ], [ 9.239306744513129, 45.505730026786104 ], [ 9.239050205692013, 45.505609892110698 ], [ 9.238699721469496, 45.505445763967408 ], [ 9.237891133504295, 45.505067106266161 ], [ 9.237773146274863, 45.505181933589256 ], [ 9.237609521857435, 45.505493886826422 ], [ 9.2372345627039, 45.506327073333466 ], [ 9.236753868210929, 45.507392476288977 ], [ 9.236513478744108, 45.507931996722306 ], [ 9.236427060033719, 45.508143697536518 ], [ 9.236289105891956, 45.508414596367878 ], [ 9.236108347000384, 45.50885212498131 ], [ 9.235812545254783, 45.509548302232943 ], [ 9.235676060737283, 45.509869487387945 ], [ 9.235214755450677, 45.510955033607097 ], [ 9.235174020787467, 45.511044329372737 ], [ 9.234840567437178, 45.511775293259866 ], [ 9.234406678656526, 45.512711066610095 ], [ 9.233555811446017, 45.51457786394618 ], [ 9.233509045152802, 45.514680464237657 ], [ 9.231571656329374, 45.514436884741528 ], [ 9.231502903454581, 45.514428239910536 ], [ 9.231488410109554, 45.514475926580275 ], [ 9.23137272408673, 45.514856587626483 ], [ 9.231654008519749, 45.514904236510127 ], [ 9.232238516847021, 45.515003248261522 ], [ 9.235192312533787, 45.515503548947621 ], [ 9.236083416558134, 45.515654463244616 ], [ 9.236123895832844, 45.515661318535848 ], [ 9.23657034704107, 45.515741156397773 ], [ 9.235922081116088, 45.517441586355652 ], [ 9.23601591133016, 45.517461462303409 ], [ 9.237911350598333, 45.517863439889581 ], [ 9.237840134512341, 45.518068813464147 ], [ 9.237610421296283, 45.518705477217551 ], [ 9.238208244946579, 45.518808570271091 ], [ 9.238934312455713, 45.518934217930543 ], [ 9.240485954288655, 45.5192027944058 ], [ 9.240766502419241, 45.519251347680019 ], [ 9.240983658565625, 45.519288930249424 ], [ 9.242835898733485, 45.519050675629892 ], [ 9.24288340098429, 45.519044564599795 ], [ 9.243017831357534, 45.519028122603466 ], [ 9.243638408475388, 45.519022081414747 ], [ 9.243714977131592, 45.51902133570848 ], [ 9.243898943730558, 45.518971485582682 ], [ 9.244079701238807, 45.518922504323143 ], [ 9.244627268141945, 45.519024479406156 ], [ 9.244699810278243, 45.51883830895553 ], [ 9.244877620429016, 45.518381969618098 ], [ 9.245097268322885, 45.51847604708643 ], [ 9.245140616026715, 45.518494650271649 ], [ 9.245291554367567, 45.51856026567377 ], [ 9.245586277808346, 45.518688385171806 ], [ 9.246090868784011, 45.518864116091379 ], [ 9.246513017755872, 45.519016672945583 ], [ 9.2466248021698, 45.519060392165251 ], [ 9.247585499021179, 45.519437387496794 ], [ 9.248815825725202, 45.519821126345555 ], [ 9.248956800908674, 45.519853566113689 ], [ 9.249347676586895, 45.519943507722274 ], [ 9.249607213464991, 45.520003227608655 ], [ 9.249693385154357, 45.519843240855586 ], [ 9.249781725493209, 45.519679227596832 ], [ 9.249991372859762, 45.519714700499463 ], [ 9.250573932772589, 45.51981234085838 ], [ 9.250803063569142, 45.519852036955065 ], [ 9.251033332243514, 45.519887823611477 ], [ 9.251520016881422, 45.51996345866813 ], [ 9.252520219373162, 45.520033267148165 ], [ 9.252792922177884, 45.520103998647159 ], [ 9.253033014902174, 45.520166833954704 ], [ 9.254019525847246, 45.520322231337282 ], [ 9.255355388098684, 45.520422928568429 ], [ 9.255309748987681, 45.520271895728655 ], [ 9.255198754454005, 45.519914641447102 ], [ 9.255250959888889, 45.519703404769317 ] ] ] } },
{ "type": "Feature", "properties": { "MapCommunity": "C1", "CITY": "Milano", "COM_ASC2": "15146018", "DEN_ASC2": "Cimiano - Rottole - Q.re Feltre", "is_member": 0, "is_incoming": 0, "CommunityInitial": "C1", "CommunityPrev": "C1", "CommunityFinal": "C4", "Transition": "ingresso" }, "geometry": { "type": "Polygon", "coordinates": [ [ [ 9.267028118467517, 45.510665984640752 ], [ 9.267047881817639, 45.510516431628538 ], [ 9.267205334905453, 45.510517009445365 ], [ 9.267446577592597, 45.51051567618736 ], [ 9.267599118648718, 45.510502233114764 ], [ 9.267980287340592, 45.510468642075573 ], [ 9.268927941249656, 45.510385128570825 ], [ 9.269456260499684, 45.51033682659348 ], [ 9.269540637223288, 45.510331129643482 ], [ 9.269845059474056, 45.509205061863128 ], [ 9.270513292946193, 45.509234796259314 ], [ 9.270949542130229, 45.509254206581076 ], [ 9.27099745670189, 45.509256335999837 ], [ 9.271006149014097, 45.509216564620097 ], [ 9.271025871214018, 45.509126353581529 ], [ 9.271079016269452, 45.508904682834839 ], [ 9.271147309186107, 45.508619832317294 ], [ 9.271233283182264, 45.508256658786671 ], [ 9.271242810963667, 45.508216854794341 ], [ 9.271465997369287, 45.507284475044862 ], [ 9.271540338004453, 45.50697282068672 ], [ 9.271569304127006, 45.506852890127881 ], [ 9.271599770914966, 45.506725606571216 ], [ 9.271821176106668, 45.506640006684158 ], [ 9.272033504834351, 45.50655791411851 ], [ 9.272098784535002, 45.506532675199431 ], [ 9.272302517129077, 45.506453905121475 ], [ 9.272794913390786, 45.506405782207445 ], [ 9.273105002926609, 45.506375475256128 ], [ 9.273326118445803, 45.50635244987636 ], [ 9.274273594640913, 45.506316720773128 ], [ 9.274618568768101, 45.506259344167781 ], [ 9.274743861100621, 45.506159881065493 ], [ 9.274880943316854, 45.506051057984649 ], [ 9.274909293138734, 45.506028554449891 ], [ 9.275039377839441, 45.505925287310646 ], [ 9.275601962434276, 45.505788917135909 ], [ 9.276727904463275, 45.505678186004474 ], [ 9.276915847203579, 45.505655696688464 ], [ 9.277050415396266, 45.505639589612329 ], [ 9.277495370695252, 45.505586326424158 ], [ 9.277763073927725, 45.505573896912679 ], [ 9.277905031163709, 45.505567310258094 ], [ 9.277897036194018, 45.505518243853707 ], [ 9.27787441214052, 45.505379377269783 ], [ 9.277852081684063, 45.505242402001201 ], [ 9.277838136677516, 45.505156847783347 ], [ 9.277819478265554, 45.50504237179581 ], [ 9.277693840939293, 45.504271540580604 ], [ 9.27758827806913, 45.503623866033415 ], [ 9.276658966080589, 45.503632226021075 ], [ 9.276299571155187, 45.503635457786345 ], [ 9.276218693272389, 45.503636184451551 ], [ 9.276198348718516, 45.503528196661534 ], [ 9.27617847731673, 45.503422715437267 ], [ 9.27617143212832, 45.503385318365332 ], [ 9.27601869535299, 45.502574544163267 ], [ 9.275787806301873, 45.502561442616333 ], [ 9.27555595411151, 45.502548467141729 ], [ 9.275340915945044, 45.502536432692743 ], [ 9.274865357078701, 45.502509818497224 ], [ 9.274735761720837, 45.502502662921287 ], [ 9.274318606675328, 45.502479628835786 ], [ 9.274262649457452, 45.502231646053204 ], [ 9.274223872799457, 45.502059799487817 ], [ 9.274200866207851, 45.501957843062293 ], [ 9.273866308328255, 45.501963846509092 ], [ 9.27188425423112, 45.501999392164137 ], [ 9.271773329321171, 45.502161146372877 ], [ 9.271655441453641, 45.502332956892829 ], [ 9.271750221996909, 45.502702236075336 ], [ 9.271815078859349, 45.502953647224636 ], [ 9.27183806349357, 45.503043604755121 ], [ 9.272123624107028, 45.503862026035421 ], [ 9.272331807193538, 45.504563613593476 ], [ 9.272493714955514, 45.505075990335193 ], [ 9.272500824341931, 45.505103274700843 ], [ 9.272554458293321, 45.505607199156032 ], [ 9.272242337985558, 45.505724750193004 ], [ 9.272201144878519, 45.505740264592362 ], [ 9.272145571587561, 45.505761195011999 ], [ 9.272018973273822, 45.505773924410683 ], [ 9.271595399165816, 45.505816513001434 ], [ 9.270293603139827, 45.505851104694855 ], [ 9.270004237701295, 45.505859003432839 ], [ 9.269364755625654, 45.505876455971894 ], [ 9.269103780211113, 45.505883577090479 ], [ 9.267968464607765, 45.505914546468233 ], [ 9.267975979926714, 45.505735364984872 ], [ 9.26799302821658, 45.505620959354104 ], [ 9.268001253247082, 45.50547024136398 ], [ 9.267929335075671, 45.505363675588015 ], [ 9.267854344517138, 45.5053388022137 ], [ 9.267784237748343, 45.505319635758511 ], [ 9.267664569043044, 45.505299509769543 ], [ 9.266763032005313, 45.505179759608517 ], [ 9.265723033158491, 45.505035232956224 ], [ 9.265103348216909, 45.504949112502246 ], [ 9.263769729649237, 45.50478134660991 ], [ 9.263246573472188, 45.504719683242847 ], [ 9.263116864737571, 45.504704899792998 ], [ 9.262415582208957, 45.504622829461979 ], [ 9.262367166010284, 45.504618441010948 ], [ 9.261549686901992, 45.504480792776583 ], [ 9.261297514706969, 45.504404864783247 ], [ 9.261296581013097, 45.504374591617513 ], [ 9.261279523972993, 45.503671424489802 ], [ 9.261277313775389, 45.503581311117351 ], [ 9.261265615435118, 45.503092881550764 ], [ 9.261256725519537, 45.502721754583497 ], [ 9.261243475911089, 45.502650350995033 ], [ 9.261216160935382, 45.502510207311325 ], [ 9.261161046403529, 45.502206140026743 ], [ 9.261081643741013, 45.501779287034815 ], [ 9.261073912131337, 45.501736562819119 ], [ 9.261050364995231, 45.501606092982364 ], [ 9.260869776083661, 45.501216867111324 ], [ 9.260591806681326, 45.500617020512884 ], [ 9.260407056151269, 45.500194394717553 ], [ 9.260387052832348, 45.500149438232874 ], [ 9.260358968086759, 45.500086493389631 ], [ 9.260328224487679, 45.499839032184553 ], [ 9.26045580653007, 45.498962051207556 ], [ 9.260559926119912, 45.498690865970993 ], [ 9.260677672662657, 45.498384556786775 ], [ 9.260781275027668, 45.498118792087645 ], [ 9.261036542133152, 45.497564953934727 ], [ 9.26106991158006, 45.49749255350595 ], [ 9.261146897735328, 45.497323782553508 ], [ 9.261184030022864, 45.497244779249527 ], [ 9.261336646378956, 45.496911385247259 ], [ 9.261436477303189, 45.496659125726161 ], [ 9.261447800683367, 45.496631776841944 ], [ 9.261637578845274, 45.496173383976341 ], [ 9.261861442845625, 45.495798547653052 ], [ 9.262057882692542, 45.495249032764946 ], [ 9.262083034432813, 45.495215619518831 ], [ 9.262102000294794, 45.495190423203972 ], [ 9.262204381428599, 45.495059673442192 ], [ 9.262130680799885, 45.49503733702916 ], [ 9.262084884807422, 45.49502351914014 ], [ 9.262056765146884, 45.495001465139836 ], [ 9.262006685683172, 45.494999550259109 ], [ 9.261955047108808, 45.49498515974431 ], [ 9.261780220706374, 45.494936438578868 ], [ 9.261531386311159, 45.49486517312257 ], [ 9.261427798228153, 45.49442083195904 ], [ 9.261379499692262, 45.494213663192319 ], [ 9.261127198485953, 45.493131414826983 ], [ 9.26089590643652, 45.491156202695301 ], [ 9.260869811222397, 45.491044333877674 ], [ 9.260851254689559, 45.490967284093351 ], [ 9.260834968956686, 45.49081879958112 ], [ 9.260753103110563, 45.490715475942352 ], [ 9.260673865160721, 45.490616645922067 ], [ 9.260486778794853, 45.49045955254271 ], [ 9.260423347794017, 45.490405687558372 ], [ 9.259930818844627, 45.490170758655999 ], [ 9.25989749404374, 45.490154862837052 ], [ 9.259696525776068, 45.490059509838574 ], [ 9.259557627922453, 45.48999360855278 ], [ 9.258553101735174, 45.489741859730152 ], [ 9.258489825476222, 45.489726000685458 ], [ 9.258239945746876, 45.489689732246561 ], [ 9.258098648581667, 45.489667293075861 ], [ 9.258310417754325, 45.488116440207811 ], [ 9.258342834173167, 45.487879114426605 ], [ 9.258381295266378, 45.487597494663426 ], [ 9.258387826994637, 45.487547155321408 ], [ 9.256360855224901, 45.487416539405082 ], [ 9.252765303535284, 45.48718199532771 ], [ 9.252169791169312, 45.487140339096534 ], [ 9.250654274558444, 45.487030128668039 ], [ 9.25022247052118, 45.486999180663716 ], [ 9.249314290188195, 45.486934083525519 ], [ 9.248152889233909, 45.486827380725749 ], [ 9.247725914563032, 45.486788149728604 ], [ 9.247337972047935, 45.48675250329849 ], [ 9.246317289501913, 45.486656055211775 ], [ 9.245429113930415, 45.486573265174755 ], [ 9.243649435923777, 45.486406230390394 ], [ 9.243039019514415, 45.48634002208351 ], [ 9.242771662905124, 45.486315701507671 ], [ 9.241468537218998, 45.486193841674705 ], [ 9.240592949591111, 45.486134120396308 ], [ 9.240406778499041, 45.486122629934641 ], [ 9.238553517441066, 45.486008327364019 ], [ 9.237195217945816, 45.486091079923916 ], [ 9.23699318838587, 45.486099603900769 ], [ 9.236310972408972, 45.486131867842317 ], [ 9.235915050092668, 45.486543791629884 ], [ 9.235332333378519, 45.487149431255673 ], [ 9.234928873799518, 45.487562956682723 ], [ 9.234479577532618, 45.48801973979586 ], [ 9.233941518475689, 45.488571119640753 ], [ 9.233508059837863, 45.489015299902803 ], [ 9.232995737568217, 45.489605733492255 ], [ 9.232828975504733, 45.489803959369205 ], [ 9.232543130319005, 45.490158186125754 ], [ 9.232105059515115, 45.490667524263962 ], [ 9.231610575807117, 45.491204864237837 ], [ 9.231150332371506, 45.491704995793398 ], [ 9.230899990294892, 45.491966529143134 ], [ 9.231074017110846, 45.492037226011362 ], [ 9.230858084433841, 45.492288749673357 ], [ 9.230700715936059, 45.492471266162148 ], [ 9.230633999674277, 45.492548644241722 ], [ 9.230832000387752, 45.492599711066191 ], [ 9.231444764691563, 45.492833048292297 ], [ 9.232010888037953, 45.493194640705411 ], [ 9.232335015286209, 45.493400290912973 ], [ 9.233127342261211, 45.493929152017877 ], [ 9.234093903397833, 45.494621827942488 ], [ 9.235198496247895, 45.495461202867155 ], [ 9.235368274781187, 45.495589985379318 ], [ 9.235553180106379, 45.495730239005788 ], [ 9.236003663791099, 45.496087207236904 ], [ 9.237147760530641, 45.49704128383744 ], [ 9.237384056311305, 45.497231658633162 ], [ 9.238394507175277, 45.498077764205703 ], [ 9.23916928433073, 45.498665530254883 ], [ 9.239571555156372, 45.49895096401076 ], [ 9.239915919052965, 45.499207580212726 ], [ 9.240490496847441, 45.49966052529885 ], [ 9.240923029917809, 45.500004835376416 ], [ 9.241665925927338, 45.500585203992522 ], [ 9.241974271562247, 45.500840405824334 ], [ 9.242070435800393, 45.500913261595826 ], [ 9.242690067696062, 45.501382704392931 ], [ 9.243108104342495, 45.501703204588871 ], [ 9.243681372319903, 45.502129096811956 ], [ 9.244225078860149, 45.502536597910684 ], [ 9.244911690416854, 45.503087026908879 ], [ 9.244979939962274, 45.50313757313598 ], [ 9.245452694793274, 45.503487710433589 ], [ 9.245945262405961, 45.503843272184213 ], [ 9.247009205798637, 45.504612283350362 ], [ 9.247712024951277, 45.505135667685899 ], [ 9.247987365300673, 45.505339754138319 ], [ 9.249175843555552, 45.506254639305936 ], [ 9.250183101758553, 45.507026027811939 ], [ 9.251228827975748, 45.507777026100719 ], [ 9.251540047948437, 45.508018366145443 ], [ 9.252989831255746, 45.509151234975441 ], [ 9.253546327428852, 45.50956814196941 ], [ 9.254959489027735, 45.510687238356837 ], [ 9.256054130705261, 45.511507574149441 ], [ 9.256884826055455, 45.511706641061096 ], [ 9.257274654763879, 45.511800077462112 ], [ 9.257313824183253, 45.511809465614341 ], [ 9.257610164435659, 45.511878699487113 ], [ 9.258122704723238, 45.512003343001773 ], [ 9.258248270310357, 45.51203343887174 ], [ 9.259549744908753, 45.512243634717152 ], [ 9.261166682650511, 45.512603109341171 ], [ 9.261607070733012, 45.51270101130855 ], [ 9.261979042684676, 45.512715191594459 ], [ 9.262202711219201, 45.512698291877413 ], [ 9.263264714813452, 45.512618045391235 ], [ 9.264201446535701, 45.512574789893499 ], [ 9.264611794912822, 45.512555838739779 ], [ 9.265920621189544, 45.512495383968236 ], [ 9.266490780946025, 45.512450070398451 ], [ 9.267014997277505, 45.512408405124376 ], [ 9.267243352732503, 45.512342019838343 ], [ 9.267256091272518, 45.512303079103823 ], [ 9.267275789179234, 45.512261423549262 ], [ 9.267238298831764, 45.512011567315824 ], [ 9.267185891207511, 45.511547902771227 ], [ 9.267067078945004, 45.511129628562507 ], [ 9.26703909432624, 45.510796597642184 ], [ 9.267028118467517, 45.510665984640752 ] ] ] } },
{ "type": "Feature", "properties": { "MapCommunity": "C1", "CITY": "Milano", "COM_ASC2": "15146019", "DEN_ASC2": "Padova - Turro - Crescenzago", "is_member": 1, "is_incoming": 0, "CommunityInitial": "C1", "CommunityPrev": "C1", "CommunityFinal": "C1", "Transition": "stabile" }, "geometry": { "type": "Polygon", "coordinates": [ [ [ 9.256054130705261, 45.511507574149441 ], [ 9.254959489027735, 45.510687238356837 ], [ 9.253546327428852, 45.50956814196941 ], [ 9.252989831255746, 45.509151234975441 ], [ 9.251540047948437, 45.508018366145443 ], [ 9.251228827975748, 45.507777026100719 ], [ 9.250183101758553, 45.507026027811939 ], [ 9.249175843555552, 45.506254639305936 ], [ 9.247987365300673, 45.505339754138319 ], [ 9.247712024951277, 45.505135667685899 ], [ 9.247009205798637, 45.504612283350362 ], [ 9.245945262405961, 45.503843272184213 ], [ 9.245452694793274, 45.503487710433589 ], [ 9.244979939962274, 45.50313757313598 ], [ 9.244911690416854, 45.503087026908879 ], [ 9.244225078860149, 45.502536597910684 ], [ 9.243681372319903, 45.502129096811956 ], [ 9.243108104342495, 45.501703204588871 ], [ 9.242690067696062, 45.501382704392931 ], [ 9.242070435800393, 45.500913261595826 ], [ 9.241974271562247, 45.500840405824334 ], [ 9.241665925927338, 45.500585203992522 ], [ 9.240923029917809, 45.500004835376416 ], [ 9.240490496847441, 45.49966052529885 ], [ 9.239915919052965, 45.499207580212726 ], [ 9.239571555156372, 45.49895096401076 ], [ 9.23916928433073, 45.498665530254883 ], [ 9.238394507175277, 45.498077764205703 ], [ 9.237384056311305, 45.497231658633162 ], [ 9.237147760530641, 45.49704128383744 ], [ 9.236003663791099, 45.496087207236904 ], [ 9.235553180106379, 45.495730239005788 ], [ 9.235368274781187, 45.495589985379318 ], [ 9.235198496247895, 45.495461202867155 ], [ 9.234093903397833, 45.494621827942488 ], [ 9.233127342261211, 45.493929152017877 ], [ 9.232335015286209, 45.493400290912973 ], [ 9.232010888037953, 45.493194640705411 ], [ 9.231444764691563, 45.492833048292297 ], [ 9.230832000387752, 45.492599711066191 ], [ 9.230633999674277, 45.492548644241722 ], [ 9.230700715936059, 45.492471266162148 ], [ 9.230858084433841, 45.492288749673357 ], [ 9.231074017110846, 45.492037226011362 ], [ 9.230899990294892, 45.491966529143134 ], [ 9.230442500588564, 45.492499117555923 ], [ 9.229825223252178, 45.493178137714487 ], [ 9.229634880194347, 45.493384757508707 ], [ 9.228241968593451, 45.494851496477047 ], [ 9.227828116247304, 45.495132070120704 ], [ 9.225912989079434, 45.496250667168226 ], [ 9.224054344668239, 45.496995346020185 ], [ 9.223300120297171, 45.49724998809058 ], [ 9.222476938168935, 45.497526551255305 ], [ 9.222439438078524, 45.497539911768989 ], [ 9.221509752231242, 45.497871131291355 ], [ 9.220397561391247, 45.498347913584709 ], [ 9.219465554154509, 45.498991491012362 ], [ 9.219426639018755, 45.499020262300746 ], [ 9.218773378178421, 45.499512200622554 ], [ 9.218365665986846, 45.499709484573316 ], [ 9.218506120438763, 45.499791922038561 ], [ 9.218463286242411, 45.499826639441373 ], [ 9.21828359641278, 45.499972280205192 ], [ 9.217983837905265, 45.500211498856807 ], [ 9.217654210881786, 45.50050083164431 ], [ 9.217106226732415, 45.500970207140689 ], [ 9.217307474485649, 45.50137637512929 ], [ 9.217332259010487, 45.501426572310223 ], [ 9.217559851388208, 45.501800500741361 ], [ 9.218057781124623, 45.502425239897271 ], [ 9.218103840712791, 45.502483032848112 ], [ 9.218245930089592, 45.502617865765238 ], [ 9.218834010117872, 45.5030433430423 ], [ 9.219107578070894, 45.503199211498909 ], [ 9.219461932980444, 45.503326525545532 ], [ 9.219919840447369, 45.503420336789191 ], [ 9.220686143901752, 45.503523227026598 ], [ 9.221192104745588, 45.503628910925137 ], [ 9.221996666027966, 45.503775643798342 ], [ 9.222962790237684, 45.503959635486183 ], [ 9.223955988022349, 45.504045886555105 ], [ 9.224853799928489, 45.504027041366541 ], [ 9.225237802607301, 45.503976510390984 ], [ 9.22615680593127, 45.503704532881571 ], [ 9.226695109720829, 45.503557787958584 ], [ 9.227302650987067, 45.503440604676399 ], [ 9.227846673052378, 45.50341144002369 ], [ 9.228167836443925, 45.503444553215267 ], [ 9.22898550575276, 45.503586903644681 ], [ 9.229409006433812, 45.503676877126523 ], [ 9.229938615742546, 45.50378939035518 ], [ 9.230990850951775, 45.503957927965722 ], [ 9.231260697704272, 45.503987577169859 ], [ 9.231926401909393, 45.504060716361302 ], [ 9.232116175571143, 45.504078288154446 ], [ 9.233580393522322, 45.504244166486707 ], [ 9.234417784995243, 45.504411310505162 ], [ 9.235614358204311, 45.504638151574461 ], [ 9.236302730555293, 45.504731489939637 ], [ 9.236937147268527, 45.504817509250984 ], [ 9.237438915801942, 45.504921104607021 ], [ 9.237812986858225, 45.505041875899117 ], [ 9.237891133504295, 45.505067106266161 ], [ 9.238699721469496, 45.505445763967408 ], [ 9.239050205692013, 45.505609892110698 ], [ 9.239306744513129, 45.505730026786104 ], [ 9.239743511272568, 45.505934559889077 ], [ 9.240441804141375, 45.506261555937336 ], [ 9.240889375387679, 45.506469031369491 ], [ 9.242130554709224, 45.507052327444079 ], [ 9.242914441871642, 45.507414657893484 ], [ 9.243751687783453, 45.507811356002918 ], [ 9.243926354882696, 45.507893136419362 ], [ 9.244279205332683, 45.508058341534628 ], [ 9.24723274806505, 45.50944115763108 ], [ 9.24746573709197, 45.509572742794525 ], [ 9.247709186914387, 45.509710290541996 ], [ 9.248286979694603, 45.510043198271823 ], [ 9.248613764549894, 45.510193569536604 ], [ 9.249130684971956, 45.510320798417233 ], [ 9.25159797474009, 45.510780836898853 ], [ 9.252750680958989, 45.511000348931312 ], [ 9.253378159984882, 45.511112687976443 ], [ 9.253548820891735, 45.511158208711002 ], [ 9.253595861448197, 45.511170756262864 ], [ 9.253881528675192, 45.511254327188475 ], [ 9.254117401561814, 45.511352813222267 ], [ 9.254176612057083, 45.51132492923707 ], [ 9.254397300571505, 45.511221002505422 ], [ 9.254878020263046, 45.511304176886703 ], [ 9.255523481862092, 45.511415786232519 ], [ 9.256054130705261, 45.511507574149441 ] ] ] } },
{ "type": "Feature", "properties": { "MapCommunity": "C1", "CITY": "Milano", "COM_ASC2": "15146020", "DEN_ASC2": "Loreto - Casoretto - NoLo", "is_member": 0, "is_incoming": 0, "CommunityInitial": "", "CommunityPrev": "", "CommunityFinal": "", "Transition": "" }, "geometry": { "type": "Polygon", "coordinates": [ [ [ 9.235915050092668, 45.486543791629884 ], [ 9.236310972408972, 45.486131867842317 ], [ 9.235640889471012, 45.486127940525385 ], [ 9.234734737302826, 45.486120413506221 ], [ 9.234483675272022, 45.486121063267078 ], [ 9.233484145892245, 45.486118877433334 ], [ 9.23189052484898, 45.486095836694204 ], [ 9.231609183932271, 45.486092176038795 ], [ 9.231450557345841, 45.486088311118714 ], [ 9.231198529554591, 45.486087150883591 ], [ 9.229861481977279, 45.486080983989204 ], [ 9.228846921890639, 45.486064070928727 ], [ 9.227927964140559, 45.486050333570617 ], [ 9.227218776986287, 45.486046523979681 ], [ 9.226787992566129, 45.486047109127497 ], [ 9.226435465203863, 45.486049876950297 ], [ 9.225399425431755, 45.486037206391195 ], [ 9.224651214794818, 45.486034492988118 ], [ 9.223561922502647, 45.486032396830915 ], [ 9.222612180322825, 45.486032223696881 ], [ 9.222013796650756, 45.486024880377677 ], [ 9.221138637880927, 45.486019780294434 ], [ 9.220185833749529, 45.486022901740327 ], [ 9.219277056945918, 45.486009771850846 ], [ 9.218411242556192, 45.486008941788263 ], [ 9.217877421708589, 45.486008151097657 ], [ 9.217835690833406, 45.486006800402215 ], [ 9.21784637209973, 45.486058590702427 ], [ 9.21786925258467, 45.486169531351003 ], [ 9.217545123804648, 45.486155765250729 ], [ 9.216982323666825, 45.486132287736574 ], [ 9.216763884525227, 45.486123151331313 ], [ 9.216693722241336, 45.486120145747364 ], [ 9.215972049827499, 45.486098372308454 ], [ 9.215260679555794, 45.486445936531403 ], [ 9.214896710832715, 45.486637666014232 ], [ 9.21357354992638, 45.487313687078228 ], [ 9.21273802961456, 45.487731224729714 ], [ 9.212420280700336, 45.487899774025209 ], [ 9.21146681318799, 45.488366216056356 ], [ 9.210514003774014, 45.488876129852741 ], [ 9.209912643896855, 45.489177695939581 ], [ 9.209703090963087, 45.489282071158677 ], [ 9.209483290903435, 45.48938553136427 ], [ 9.20960822928442, 45.489511357025023 ], [ 9.211430265325546, 45.491346278226828 ], [ 9.211678026755498, 45.491620170825605 ], [ 9.212614280074552, 45.492535858853216 ], [ 9.213239471354195, 45.493135240174233 ], [ 9.214882871098323, 45.494815017514789 ], [ 9.215712970578549, 45.495666358181573 ], [ 9.215845715728472, 45.495790140483408 ], [ 9.215764727180419, 45.495907282247416 ], [ 9.216091918158932, 45.496224624632568 ], [ 9.217261175455347, 45.496658720004604 ], [ 9.217630523208884, 45.496794155592291 ], [ 9.217677195871198, 45.496804427876462 ], [ 9.218222400820508, 45.496905568590691 ], [ 9.218553254703156, 45.496951121813282 ], [ 9.218966292042763, 45.497008000226479 ], [ 9.21897622158138, 45.497152318994125 ], [ 9.218981999690044, 45.497493912018051 ], [ 9.219117332264799, 45.497629770449898 ], [ 9.219266419054057, 45.497793541856915 ], [ 9.219323745201299, 45.497992288590652 ], [ 9.219346592795217, 45.498414814918959 ], [ 9.219262732355054, 45.498843423828887 ], [ 9.219326571469658, 45.498905230006031 ], [ 9.219426639018755, 45.499020262300746 ], [ 9.219465554154509, 45.498991491012362 ], [ 9.220397561391247, 45.498347913584709 ], [ 9.221509752231242, 45.497871131291355 ], [ 9.222439438078524, 45.497539911768989 ], [ 9.222476938168935, 45.497526551255305 ], [ 9.223300120297171, 45.49724998809058 ], [ 9.224054344668239, 45.496995346020185 ], [ 9.225912989079434, 45.496250667168226 ], [ 9.227828116247304, 45.495132070120704 ], [ 9.228241968593451, 45.494851496477047 ], [ 9.229634880194347, 45.493384757508707 ], [ 9.229825223252178, 45.493178137714487 ], [ 9.230442500588564, 45.492499117555923 ], [ 9.230899990294892, 45.491966529143134 ], [ 9.231150332371506, 45.491704995793398 ], [ 9.231610575807117, 45.491204864237837 ], [ 9.232105059515115, 45.490667524263962 ], [ 9.232543130319005, 45.490158186125754 ], [ 9.232828975504733, 45.489803959369205 ], [ 9.232995737568217, 45.489605733492255 ], [ 9.233508059837863, 45.489015299902803 ], [ 9.233941518475689, 45.488571119640753 ], [ 9.234479577532618, 45.48801973979586 ], [ 9.234928873799518, 45.487562956682723 ], [ 9.235332333378519, 45.487149431255673 ], [ 9.235915050092668, 45.486543791629884 ] ] ] } },
{ "type": "Feature", "properties": { "MapCommunity": "C1", "CITY": "Milano", "COM_ASC2": "15146021", "DEN_ASC2": "Buenos Aires - Porta Venezia - Porta Monforte", "is_member": 0, "is_incoming": 0, "CommunityInitial": "", "CommunityPrev": "", "CommunityFinal": "", "Transition": "" }, "geometry": { "type": "Polygon", "coordinates": [ [ [ 9.215260679555794, 45.486445936531403 ], [ 9.215972049827499, 45.486098372308454 ], [ 9.216693722241336, 45.486120145747364 ], [ 9.216763884525227, 45.486123151331313 ], [ 9.216982323666825, 45.486132287736574 ], [ 9.217545123804648, 45.486155765250729 ], [ 9.21786925258467, 45.486169531351003 ], [ 9.21784637209973, 45.486058590702427 ], [ 9.217835690833406, 45.486006800402215 ], [ 9.217877421708589, 45.486008151097657 ], [ 9.218411242556192, 45.486008941788263 ], [ 9.219277056945918, 45.486009771850846 ], [ 9.220185833749529, 45.486022901740327 ], [ 9.221138637880927, 45.486019780294434 ], [ 9.222013796650756, 45.486024880377677 ], [ 9.222612180322825, 45.486032223696881 ], [ 9.223561922502647, 45.486032396830915 ], [ 9.223581108491818, 45.484232566483939 ], [ 9.223598712716463, 45.483246788620988 ], [ 9.223606605387994, 45.482102746810945 ], [ 9.223633490089952, 45.4808267590887 ], [ 9.223638643210718, 45.480751509144078 ], [ 9.223717142314559, 45.480736224468259 ], [ 9.223901148436884, 45.480700396644238 ], [ 9.224108494962298, 45.480555974055441 ], [ 9.224145459237864, 45.480477540063724 ], [ 9.224227442639348, 45.480303713331686 ], [ 9.224144068481246, 45.480065154283153 ], [ 9.223897905441099, 45.479885813506861 ], [ 9.223683904567235, 45.479844572658074 ], [ 9.223689489153369, 45.47973127301276 ], [ 9.223679233695698, 45.478527949214332 ], [ 9.223676933217829, 45.477945543740539 ], [ 9.223675896766355, 45.477683256123598 ], [ 9.223680225640951, 45.477011052681362 ], [ 9.223682676576912, 45.476630306348277 ], [ 9.223702484883779, 45.476090297923406 ], [ 9.223729622231652, 45.47567273247892 ], [ 9.223738289484004, 45.475098002137955 ], [ 9.223740255183994, 45.474203207501397 ], [ 9.223733474413587, 45.473879229689018 ], [ 9.223739785075781, 45.473404144132495 ], [ 9.223734754490694, 45.472810807950133 ], [ 9.223750218727616, 45.472563969806679 ], [ 9.223750918728262, 45.471349012415665 ], [ 9.223760027980385, 45.470886162773603 ], [ 9.223774139963123, 45.470157448831131 ], [ 9.22377584268269, 45.470069509328518 ], [ 9.223798755516631, 45.468886241568384 ], [ 9.223806383679268, 45.468744955708068 ], [ 9.223806144417711, 45.468684497909443 ], [ 9.223803652207147, 45.468053772534226 ], [ 9.222683130774428, 45.468014340060719 ], [ 9.22253998883104, 45.468009297519743 ], [ 9.221422046167085, 45.468001386011387 ], [ 9.220610545136823, 45.467994583260499 ], [ 9.219713259175251, 45.467984113376538 ], [ 9.218355063483257, 45.467972537277511 ], [ 9.217433544861507, 45.467977527441271 ], [ 9.217335349523472, 45.467978078862984 ], [ 9.217106896521038, 45.467977029905128 ], [ 9.216894664645968, 45.467976055004847 ], [ 9.21596835447699, 45.467971846833343 ], [ 9.21505775767238, 45.46795929527169 ], [ 9.214700958112244, 45.467952854626965 ], [ 9.213322363030068, 45.467924380701781 ], [ 9.21174722847328, 45.467933382736071 ], [ 9.211243840547752, 45.4679282380703 ], [ 9.210176603063282, 45.467913897499542 ], [ 9.208640639001183, 45.467880312513195 ], [ 9.20699891396329, 45.467870108139749 ], [ 9.206926440218545, 45.468533479303872 ], [ 9.206915194779203, 45.468651100173133 ], [ 9.206866307615133, 45.469161634260985 ], [ 9.20673371015574, 45.470457569598658 ], [ 9.206715962352323, 45.470712329799007 ], [ 9.206574980530444, 45.471850942728835 ], [ 9.206575310540533, 45.471941627230677 ], [ 9.206425224505464, 45.473690118453156 ], [ 9.206347459723997, 45.473959208755147 ], [ 9.206211918645343, 45.474083847097845 ], [ 9.20568253566114, 45.474352670283672 ], [ 9.205207429431598, 45.474578368784826 ], [ 9.204546233649392, 45.474874561048587 ], [ 9.20406899903158, 45.475097917398891 ], [ 9.203046030679976, 45.47555086757113 ], [ 9.2020428436778, 45.476013089774057 ], [ 9.200901119882804, 45.47654062355172 ], [ 9.201593453445806, 45.477343150043069 ], [ 9.201974812800097, 45.477744372405283 ], [ 9.202257152722478, 45.478039782746052 ], [ 9.202751629664608, 45.478531442107688 ], [ 9.203108988833124, 45.478961055082216 ], [ 9.203932137751661, 45.479814190986573 ], [ 9.204406952104456, 45.48026810653257 ], [ 9.205068175588439, 45.480900212016266 ], [ 9.205309932790986, 45.481131318356965 ], [ 9.205917653322478, 45.481717605435641 ], [ 9.206476268221889, 45.48225150840485 ], [ 9.206550646684082, 45.482324961157595 ], [ 9.206580061404017, 45.482354009630605 ], [ 9.206634478397936, 45.482407749870845 ], [ 9.207743119590972, 45.483464934736254 ], [ 9.207925078471494, 45.483639987723947 ], [ 9.208085178164843, 45.483785963278727 ], [ 9.208686815197238, 45.48435282913119 ], [ 9.20917678736566, 45.484807699528872 ], [ 9.209738266209175, 45.485340250643496 ], [ 9.210622799388323, 45.486182468278756 ], [ 9.211059443876833, 45.486586393108297 ], [ 9.211081001596527, 45.48660810007172 ], [ 9.211336126708352, 45.486862474523214 ], [ 9.211634796470657, 45.487149996397051 ], [ 9.211844096063531, 45.487350821191114 ], [ 9.212271643397848, 45.487757895978831 ], [ 9.212343511506409, 45.487826495230976 ], [ 9.212420280700336, 45.487899774025209 ], [ 9.21273802961456, 45.487731224729714 ], [ 9.21357354992638, 45.487313687078228 ], [ 9.214896710832715, 45.486637666014232 ], [ 9.215260679555794, 45.486445936531403 ] ] ] } },
{ "type": "Feature", "properties": { "MapCommunity": "C1", "CITY": "Milano", "COM_ASC2": "15146022", "DEN_ASC2": "CittÃ  studi", "is_member": 0, "is_incoming": 0, "CommunityInitial": "", "CommunityPrev": "", "CommunityFinal": "", "Transition": "" }, "geometry": { "type": "Polygon", "coordinates": [ [ [ 9.236310972408972, 45.486131867842317 ], [ 9.236748003958558, 45.485568097907219 ], [ 9.236858439733687, 45.485434344862803 ], [ 9.237269278374246, 45.484984975218133 ], [ 9.237442299503604, 45.484716859066836 ], [ 9.237654248888994, 45.484386064879132 ], [ 9.237895185880173, 45.484007967312841 ], [ 9.238074251342059, 45.48356402595897 ], [ 9.238126898554981, 45.483354919115499 ], [ 9.238435277561205, 45.482068923086857 ], [ 9.238455330713972, 45.481962413643366 ], [ 9.238523097427688, 45.480716057970035 ], [ 9.238583771727793, 45.479600114036053 ], [ 9.238617949617307, 45.478618192329428 ], [ 9.238564172256373, 45.477694504530163 ], [ 9.238525432146803, 45.47721403893334 ], [ 9.23846788085825, 45.476861837873528 ], [ 9.238362453670009, 45.476189469494997 ], [ 9.238278296179649, 45.475454122153792 ], [ 9.238226296349302, 45.474712776719073 ], [ 9.238164671892125, 45.47359359256685 ], [ 9.238148998791473, 45.473319721171897 ], [ 9.238133859430258, 45.473026125264411 ], [ 9.238074824460337, 45.471885401808116 ], [ 9.238020459805645, 45.470947014054602 ], [ 9.238015737443218, 45.470853300878069 ], [ 9.23796527068188, 45.469705243813664 ], [ 9.237691732326734, 45.469695713106525 ], [ 9.236709802270049, 45.469661524175457 ], [ 9.236089924288549, 45.46955096732102 ], [ 9.235068764551929, 45.469182814070457 ], [ 9.234404504706038, 45.468948890822119 ], [ 9.234069556072821, 45.468799168754273 ], [ 9.232639377063688, 45.468194338431687 ], [ 9.232433179781989, 45.468104387173966 ], [ 9.231801567000742, 45.468105218789631 ], [ 9.231279221745991, 45.468111496476602 ], [ 9.231190057375404, 45.468111316927455 ], [ 9.230114507704561, 45.468116770546892 ], [ 9.229412875263401, 45.468106613523105 ], [ 9.228311812277038, 45.468113676613896 ], [ 9.228185998092743, 45.468113342937841 ], [ 9.227433672636231, 45.468109710861015 ], [ 9.22710515848202, 45.468107348181078 ], [ 9.226655610919124, 45.468100544163072 ], [ 9.224886702630901, 45.468084953396556 ], [ 9.223803652207147, 45.468053772534226 ], [ 9.223806144417711, 45.468684497909443 ], [ 9.223806383679268, 45.468744955708068 ], [ 9.223798755516631, 45.468886241568384 ], [ 9.22377584268269, 45.470069509328518 ], [ 9.223774139963123, 45.470157448831131 ], [ 9.223760027980385, 45.470886162773603 ], [ 9.223750918728262, 45.471349012415665 ], [ 9.223750218727616, 45.472563969806679 ], [ 9.223734754490694, 45.472810807950133 ], [ 9.223739785075781, 45.473404144132495 ], [ 9.223733474413587, 45.473879229689018 ], [ 9.223740255183994, 45.474203207501397 ], [ 9.223738289484004, 45.475098002137955 ], [ 9.223729622231652, 45.47567273247892 ], [ 9.223702484883779, 45.476090297923406 ], [ 9.223682676576912, 45.476630306348277 ], [ 9.223680225640951, 45.477011052681362 ], [ 9.223675896766355, 45.477683256123598 ], [ 9.223676933217829, 45.477945543740539 ], [ 9.223679233695698, 45.478527949214332 ], [ 9.223689489153369, 45.47973127301276 ], [ 9.223683904567235, 45.479844572658074 ], [ 9.223897905441099, 45.479885813506861 ], [ 9.224144068481246, 45.480065154283153 ], [ 9.224227442639348, 45.480303713331686 ], [ 9.224145459237864, 45.480477540063724 ], [ 9.224108494962298, 45.480555974055441 ], [ 9.223901148436884, 45.480700396644238 ], [ 9.223717142314559, 45.480736224468259 ], [ 9.223638643210718, 45.480751509144078 ], [ 9.223633490089952, 45.4808267590887 ], [ 9.223606605387994, 45.482102746810945 ], [ 9.223598712716463, 45.483246788620988 ], [ 9.223581108491818, 45.484232566483939 ], [ 9.223561922502647, 45.486032396830915 ], [ 9.224651214794818, 45.486034492988118 ], [ 9.225399425431755, 45.486037206391195 ], [ 9.226435465203863, 45.486049876950297 ], [ 9.226787992566129, 45.486047109127497 ], [ 9.227218776986287, 45.486046523979681 ], [ 9.227927964140559, 45.486050333570617 ], [ 9.228846921890639, 45.486064070928727 ], [ 9.229861481977279, 45.486080983989204 ], [ 9.231198529554591, 45.486087150883591 ], [ 9.231450557345841, 45.486088311118714 ], [ 9.231609183932271, 45.486092176038795 ], [ 9.23189052484898, 45.486095836694204 ], [ 9.233484145892245, 45.486118877433334 ], [ 9.234483675272022, 45.486121063267078 ], [ 9.234734737302826, 45.486120413506221 ], [ 9.235640889471012, 45.486127940525385 ], [ 9.236310972408972, 45.486131867842317 ] ] ] } },
{ "type": "Feature", "properties": { "MapCommunity": "C1", "CITY": "Milano", "COM_ASC2": "15146023", "DEN_ASC2": "Lambrate - Ortica", "is_member": 0, "is_incoming": 0, "CommunityInitial": "C1", "CommunityPrev": "C1", "CommunityFinal": "C4", "Transition": "ingresso" }, "geometry": { "type": "Polygon", "coordinates": [ [ [ 9.258582930988208, 45.486109020976933 ], [ 9.258593433984723, 45.486043204128009 ], [ 9.25866571003265, 45.486080923663827 ], [ 9.262138835354312, 45.486856124936985 ], [ 9.263366051258618, 45.484172978922395 ], [ 9.263410071790654, 45.48407672970513 ], [ 9.263494635983978, 45.483886484124973 ], [ 9.263586417591547, 45.483679995425184 ], [ 9.263673630969571, 45.483483783915887 ], [ 9.263791902184453, 45.483217693890147 ], [ 9.263908398191711, 45.48295558724547 ], [ 9.264021723645456, 45.482700611319757 ], [ 9.264094356744975, 45.482537187493037 ], [ 9.264194877427641, 45.482311015005038 ], [ 9.264281832015806, 45.482115360754626 ], [ 9.264339375085942, 45.481985879057987 ], [ 9.264379548974397, 45.481895481888309 ], [ 9.264457753906562, 45.481719507187066 ], [ 9.264559910089433, 45.481489628378959 ], [ 9.264641403467978, 45.481306241563324 ], [ 9.26474153475794, 45.481080911056374 ], [ 9.265196018711343, 45.480386947832983 ], [ 9.265317450859213, 45.480131767161112 ], [ 9.265576554807653, 45.479587266709764 ], [ 9.265800621877119, 45.479116388513106 ], [ 9.265807000566769, 45.479090620422099 ], [ 9.26593564654087, 45.478570885937657 ], [ 9.262194066751958, 45.477578615057404 ], [ 9.261720752215146, 45.47750449390341 ], [ 9.261639759971994, 45.477491546733972 ], [ 9.261550159333899, 45.477477169129251 ], [ 9.260851611264247, 45.477351629404865 ], [ 9.260221318976793, 45.477238353353123 ], [ 9.260238711355486, 45.477050894901531 ], [ 9.260294751676881, 45.476446825352397 ], [ 9.260329218348071, 45.476075302533793 ], [ 9.2603499852118, 45.475851459886769 ], [ 9.260439048716979, 45.474889387583673 ], [ 9.260426820156056, 45.474562726743379 ], [ 9.260420933415746, 45.474405453589497 ], [ 9.260410055836491, 45.474114846558756 ], [ 9.260702554611706, 45.474160515626942 ], [ 9.260706196139786, 45.474122588053262 ], [ 9.260717264089504, 45.474009660114724 ], [ 9.260724355510321, 45.473936925209863 ], [ 9.260728632251086, 45.47389359367682 ], [ 9.259979410854076, 45.473829579235996 ], [ 9.256537572183959, 45.473262660839183 ], [ 9.256141919252578, 45.473196800481588 ], [ 9.252878092300502, 45.47255693185275 ], [ 9.252227655313963, 45.472425763649717 ], [ 9.250505831692141, 45.472093096609655 ], [ 9.249401216412144, 45.471886086846631 ], [ 9.249133134286517, 45.471838997996144 ], [ 9.248602519215424, 45.471755737364624 ], [ 9.248213585633025, 45.471697095258172 ], [ 9.247578643701939, 45.471603527837637 ], [ 9.246791430208303, 45.471490464470612 ], [ 9.246836902797984, 45.471224702623751 ], [ 9.246407360196917, 45.471148444882644 ], [ 9.246188994017103, 45.471110069320567 ], [ 9.245844761629895, 45.471047622405152 ], [ 9.245540028581933, 45.470991898046819 ], [ 9.24533024051938, 45.470950667930047 ], [ 9.243844860415949, 45.470604923002448 ], [ 9.243360137367727, 45.470492090853327 ], [ 9.242143710188028, 45.470208924372031 ], [ 9.241846623719793, 45.470142070982391 ], [ 9.241626116119329, 45.470094004150575 ], [ 9.240984684450348, 45.469918025938874 ], [ 9.240377769941853, 45.469751518144768 ], [ 9.240134158260256, 45.469684675569532 ], [ 9.239910839513598, 45.469699640329189 ], [ 9.239768776932653, 45.469709159426642 ], [ 9.239529422811, 45.46972307155545 ], [ 9.239452005318748, 45.469561069422738 ], [ 9.23942909765419, 45.469513128523076 ], [ 9.239299967374917, 45.469374130978402 ], [ 9.238918930092504, 45.468963973161841 ], [ 9.237904289139626, 45.468128377448423 ], [ 9.237921896612564, 45.468509659859258 ], [ 9.237933354357228, 45.468879563150693 ], [ 9.23796527068188, 45.469705243813664 ], [ 9.238015737443218, 45.470853300878069 ], [ 9.238020459805645, 45.470947014054602 ], [ 9.238074824460337, 45.471885401808116 ], [ 9.238133859430258, 45.473026125264411 ], [ 9.238148998791473, 45.473319721171897 ], [ 9.238164671892125, 45.47359359256685 ], [ 9.238226296349302, 45.474712776719073 ], [ 9.238278296179649, 45.475454122153792 ], [ 9.238362453670009, 45.476189469494997 ], [ 9.23846788085825, 45.476861837873528 ], [ 9.238525432146803, 45.47721403893334 ], [ 9.238564172256373, 45.477694504530163 ], [ 9.238617949617307, 45.478618192329428 ], [ 9.238583771727793, 45.479600114036053 ], [ 9.238523097427688, 45.480716057970035 ], [ 9.238455330713972, 45.481962413643366 ], [ 9.238435277561205, 45.482068923086857 ], [ 9.238126898554981, 45.483354919115499 ], [ 9.238074251342059, 45.48356402595897 ], [ 9.237895185880173, 45.484007967312841 ], [ 9.237654248888994, 45.484386064879132 ], [ 9.237442299503604, 45.484716859066836 ], [ 9.237269278374246, 45.484984975218133 ], [ 9.236858439733687, 45.485434344862803 ], [ 9.236748003958558, 45.485568097907219 ], [ 9.236310972408972, 45.486131867842317 ], [ 9.23699318838587, 45.486099603900769 ], [ 9.237195217945816, 45.486091079923916 ], [ 9.238553517441066, 45.486008327364019 ], [ 9.240406778499041, 45.486122629934641 ], [ 9.240592949591111, 45.486134120396308 ], [ 9.241468537218998, 45.486193841674705 ], [ 9.242771662905124, 45.486315701507671 ], [ 9.243039019514415, 45.48634002208351 ], [ 9.243649435923777, 45.486406230390394 ], [ 9.245429113930415, 45.486573265174755 ], [ 9.246317289501913, 45.486656055211775 ], [ 9.247337972047935, 45.48675250329849 ], [ 9.247725914563032, 45.486788149728604 ], [ 9.248152889233909, 45.486827380725749 ], [ 9.249314290188195, 45.486934083525519 ], [ 9.25022247052118, 45.486999180663716 ], [ 9.250654274558444, 45.487030128668039 ], [ 9.252169791169312, 45.487140339096534 ], [ 9.252765303535284, 45.48718199532771 ], [ 9.256360855224901, 45.487416539405082 ], [ 9.258387826994637, 45.487547155321408 ], [ 9.258397746576753, 45.487471462857343 ], [ 9.258405617843659, 45.487413789040623 ], [ 9.258443472828663, 45.487136602774534 ], [ 9.258452352711604, 45.48707116407094 ], [ 9.258503139871541, 45.486696953828435 ], [ 9.258582930988208, 45.486109020976933 ] ] ] } },
{ "type": "Feature", "properties": { "MapCommunity": "C1", "CITY": "Milano", "COM_ASC2": "15146024", "DEN_ASC2": "Parco Forlanini - Cavriano", "is_member": 0, "is_incoming": 0, "CommunityInitial": "C1", "CommunityPrev": "C1", "CommunityFinal": "C4", "Transition": "ingresso" }, "geometry": { "type": "Polygon", "coordinates": [ [ [ 9.260962625778731, 45.471461138444788 ], [ 9.260981791983111, 45.471425242947461 ], [ 9.26168041558152, 45.471502704714297 ], [ 9.263235756351136, 45.471622972010771 ], [ 9.265011263120686, 45.471773667113183 ], [ 9.26627763501431, 45.47193637892461 ], [ 9.267520970882371, 45.472092900027157 ], [ 9.2681059964798, 45.472167761205 ], [ 9.268209949745698, 45.472196446063215 ], [ 9.268379786151696, 45.472270306900228 ], [ 9.268890234951989, 45.472493595003066 ], [ 9.26954327087093, 45.472452089757752 ], [ 9.269835017223997, 45.472405757763411 ], [ 9.269917995755806, 45.472392657623921 ], [ 9.270334267445843, 45.472326453366485 ], [ 9.271373565063481, 45.472310595252289 ], [ 9.271434004092908, 45.472224834215652 ], [ 9.272582573754836, 45.47259204678145 ], [ 9.272554047962487, 45.470787159129493 ], [ 9.272707439803387, 45.468312102527889 ], [ 9.272850171477979, 45.468125757541209 ], [ 9.272647472928304, 45.468149852554205 ], [ 9.271650650560847, 45.468026210876616 ], [ 9.271678977481322, 45.467339820000284 ], [ 9.271891907124317, 45.467205509794418 ], [ 9.271872187507894, 45.466881591325127 ], [ 9.271730697877629, 45.465388698858398 ], [ 9.271542545710222, 45.465403544598182 ], [ 9.271613788848313, 45.465041029523221 ], [ 9.27174552358048, 45.46437962538257 ], [ 9.271724506383594, 45.464132155154523 ], [ 9.271656486571176, 45.463352480449132 ], [ 9.271650307407374, 45.463281709745218 ], [ 9.271640383781001, 45.463219370363277 ], [ 9.271492032108538, 45.462287461977368 ], [ 9.271590963009805, 45.46228722679772 ], [ 9.271655418632529, 45.461961945787323 ], [ 9.271665906367742, 45.461909010906425 ], [ 9.271716450225002, 45.461826172382047 ], [ 9.268852874255241, 45.461846832547884 ], [ 9.267932684560529, 45.461854653720813 ], [ 9.2660103832887, 45.461870968702847 ], [ 9.263356797468344, 45.461893437592323 ], [ 9.257781554217015, 45.461924374899759 ], [ 9.256795604955736, 45.461930146656528 ], [ 9.254059018552599, 45.46195764478508 ], [ 9.252794153063698, 45.461966215410733 ], [ 9.251286635745233, 45.461976412341691 ], [ 9.25002920430642, 45.461984272607332 ], [ 9.237826290370169, 45.462059834471141 ], [ 9.237593355480877, 45.462061437163904 ], [ 9.237732320141788, 45.464326216858147 ], [ 9.237800683998259, 45.465513147301969 ], [ 9.237814627776439, 45.465803522803256 ], [ 9.237831449954701, 45.466284338579882 ], [ 9.237875515925495, 45.467434561006115 ], [ 9.237892119167842, 45.467842701502967 ], [ 9.237902754824455, 45.468092375894791 ], [ 9.237904289139626, 45.468128377448423 ], [ 9.238918930092504, 45.468963973161841 ], [ 9.239299967374917, 45.469374130978402 ], [ 9.23942909765419, 45.469513128523076 ], [ 9.239452005318748, 45.469561069422738 ], [ 9.239529422811, 45.46972307155545 ], [ 9.239768776932653, 45.469709159426642 ], [ 9.239910839513598, 45.469699640329189 ], [ 9.240134158260256, 45.469684675569532 ], [ 9.240377769941853, 45.469751518144768 ], [ 9.240984684450348, 45.469918025938874 ], [ 9.241626116119329, 45.470094004150575 ], [ 9.241846623719793, 45.470142070982391 ], [ 9.242143710188028, 45.470208924372031 ], [ 9.243360137367727, 45.470492090853327 ], [ 9.243844860415949, 45.470604923002448 ], [ 9.24533024051938, 45.470950667930047 ], [ 9.245540028581933, 45.470991898046819 ], [ 9.245844761629895, 45.471047622405152 ], [ 9.246188994017103, 45.471110069320567 ], [ 9.246407360196917, 45.471148444882644 ], [ 9.246836902797984, 45.471224702623751 ], [ 9.246791430208303, 45.471490464470612 ], [ 9.247578643701939, 45.471603527837637 ], [ 9.248213585633025, 45.471697095258172 ], [ 9.248602519215424, 45.471755737364624 ], [ 9.249133134286517, 45.471838997996144 ], [ 9.249401216412144, 45.471886086846631 ], [ 9.250505831692141, 45.472093096609655 ], [ 9.252227655313963, 45.472425763649717 ], [ 9.252878092300502, 45.47255693185275 ], [ 9.256141919252578, 45.473196800481588 ], [ 9.256537572183959, 45.473262660839183 ], [ 9.259979410854076, 45.473829579235996 ], [ 9.260728632251086, 45.47389359367682 ], [ 9.260735139590246, 45.473827652392302 ], [ 9.260742060885772, 45.47375743100141 ], [ 9.260793807640484, 45.47321816114848 ], [ 9.260844398767377, 45.472690944640135 ], [ 9.260847631901326, 45.472661316172918 ], [ 9.260912351153552, 45.472011842979306 ], [ 9.260920810593616, 45.471894942415076 ], [ 9.260953299276306, 45.471557285176104 ], [ 9.260962625778731, 45.471461138444788 ] ] ] } },
{ "type": "Feature", "properties": { "MapCommunity": "C1", "CITY": "Milano", "COM_ASC2": "15146025", "DEN_ASC2": "Corsica", "is_member": 0, "is_incoming": 0, "CommunityInitial": "", "CommunityPrev": "", "CommunityFinal": "", "Transition": "" }, "geometry": { "type": "Polygon", "coordinates": [ [ [ 9.237904289139626, 45.468128377448423 ], [ 9.237902754824455, 45.468092375894791 ], [ 9.237892119167842, 45.467842701502967 ], [ 9.237875515925495, 45.467434561006115 ], [ 9.237831449954701, 45.466284338579882 ], [ 9.237814627776439, 45.465803522803256 ], [ 9.237800683998259, 45.465513147301969 ], [ 9.237732320141788, 45.464326216858147 ], [ 9.237593355480877, 45.462061437163904 ], [ 9.237481991590922, 45.460317340945132 ], [ 9.237471454185993, 45.4578190100451 ], [ 9.237225442512871, 45.45782831720161 ], [ 9.2370659541008, 45.457835287602528 ], [ 9.236908008740047, 45.458082468793314 ], [ 9.236313330197749, 45.458723986763374 ], [ 9.23554818887947, 45.459238533013618 ], [ 9.235206310496979, 45.459368271511387 ], [ 9.234699994562236, 45.45956039854623 ], [ 9.233292517275489, 45.459703151449901 ], [ 9.23195249926629, 45.459712007506049 ], [ 9.230352019112825, 45.459709419797079 ], [ 9.230257139224829, 45.459709274449168 ], [ 9.22949050243049, 45.459703672999666 ], [ 9.229266777105241, 45.459702077188737 ], [ 9.229145658352369, 45.459701232878906 ], [ 9.22903115251828, 45.459700433689378 ], [ 9.224269002196836, 45.45968769482711 ], [ 9.223923008043151, 45.459689968627849 ], [ 9.223908801236256, 45.460674529697158 ], [ 9.223903411731856, 45.461351995655029 ], [ 9.223898180840877, 45.462009451560725 ], [ 9.223897475393134, 45.462101708009044 ], [ 9.223896497527596, 45.462229520616063 ], [ 9.223895884483564, 45.46230957575807 ], [ 9.223891654176317, 45.463278019980415 ], [ 9.223892736887727, 45.463551873802786 ], [ 9.223904224667166, 45.463675254958517 ], [ 9.223889632510012, 45.464141986458195 ], [ 9.223840415125013, 45.465557584315725 ], [ 9.223836729746528, 45.466016553257056 ], [ 9.223823035904296, 45.466710873373309 ], [ 9.223812316975067, 45.467453933509312 ], [ 9.223803652207147, 45.468053772534226 ], [ 9.224886702630901, 45.468084953396556 ], [ 9.226655610919124, 45.468100544163072 ], [ 9.22710515848202, 45.468107348181078 ], [ 9.227433672636231, 45.468109710861015 ], [ 9.228185998092743, 45.468113342937841 ], [ 9.228311812277038, 45.468113676613896 ], [ 9.229412875263401, 45.468106613523105 ], [ 9.230114507704561, 45.468116770546892 ], [ 9.231190057375404, 45.468111316927455 ], [ 9.231279221745991, 45.468111496476602 ], [ 9.231801567000742, 45.468105218789631 ], [ 9.232433179781989, 45.468104387173966 ], [ 9.232639377063688, 45.468194338431687 ], [ 9.234069556072821, 45.468799168754273 ], [ 9.234404504706038, 45.468948890822119 ], [ 9.235068764551929, 45.469182814070457 ], [ 9.236089924288549, 45.46955096732102 ], [ 9.236709802270049, 45.469661524175457 ], [ 9.237691732326734, 45.469695713106525 ], [ 9.23796527068188, 45.469705243813664 ], [ 9.237933354357228, 45.468879563150693 ], [ 9.237921896612564, 45.468509659859258 ], [ 9.237904289139626, 45.468128377448423 ] ] ] } },
{ "type": "Feature", "properties": { "MapCommunity": "C1", "CITY": "Milano", "COM_ASC2": "15146026", "DEN_ASC2": "XXII Marzo", "is_member": 0, "is_incoming": 0, "CommunityInitial": "", "CommunityPrev": "", "CommunityFinal": "", "Transition": "" }, "geometry": { "type": "Polygon", "coordinates": [ [ [ 9.223803652207147, 45.468053772534226 ], [ 9.223812316975067, 45.467453933509312 ], [ 9.223823035904296, 45.466710873373309 ], [ 9.223836729746528, 45.466016553257056 ], [ 9.223840415125013, 45.465557584315725 ], [ 9.223889632510012, 45.464141986458195 ], [ 9.223904224667166, 45.463675254958517 ], [ 9.223892736887727, 45.463551873802786 ], [ 9.223891654176317, 45.463278019980415 ], [ 9.223895884483564, 45.46230957575807 ], [ 9.223896497527596, 45.462229520616063 ], [ 9.223897475393134, 45.462101708009044 ], [ 9.223898180840877, 45.462009451560725 ], [ 9.223903411731856, 45.461351995655029 ], [ 9.223908801236256, 45.460674529697158 ], [ 9.223703524997587, 45.460667625623657 ], [ 9.22356374641811, 45.46066292341925 ], [ 9.22251484994408, 45.460627608413468 ], [ 9.22194385062542, 45.460613177825415 ], [ 9.221893294315786, 45.460613323751787 ], [ 9.220234955275936, 45.460597517209166 ], [ 9.21809080752652, 45.460554758254958 ], [ 9.21761556988162, 45.460553729367447 ], [ 9.217402719268982, 45.460553251656094 ], [ 9.217385903336414, 45.458592457620512 ], [ 9.217353465638148, 45.458245867740906 ], [ 9.217262394833131, 45.45774387377692 ], [ 9.217163522176028, 45.457327771417901 ], [ 9.217069221743188, 45.456930906630419 ], [ 9.216681377835354, 45.455941432084323 ], [ 9.216626666067544, 45.45580184613344 ], [ 9.216586319074105, 45.455725849845287 ], [ 9.216095550348619, 45.45482029655026 ], [ 9.216228254972387, 45.454774365189571 ], [ 9.215713932950933, 45.45405115798318 ], [ 9.215593333519246, 45.45410215158855 ], [ 9.215435389674983, 45.453891652962916 ], [ 9.214944517353452, 45.45332918747615 ], [ 9.214749681930726, 45.453068580938847 ], [ 9.214385764447183, 45.452642202071218 ], [ 9.214211174269638, 45.452711115247943 ], [ 9.21400204348436, 45.45279366129953 ], [ 9.213115807409787, 45.453143007091796 ], [ 9.212523876799398, 45.453382095645992 ], [ 9.211042063127396, 45.453976162197996 ], [ 9.211138731127768, 45.454088274542059 ], [ 9.211599618570714, 45.454622830700409 ], [ 9.21164852525245, 45.454679553019197 ], [ 9.210968771048362, 45.454960112586186 ], [ 9.21071896234427, 45.455063452996392 ], [ 9.210552346467809, 45.455129045097166 ], [ 9.209668325415327, 45.455479116013834 ], [ 9.209205411331601, 45.454911906674489 ], [ 9.209133741811801, 45.454824098812772 ], [ 9.208132187170138, 45.455216614753539 ], [ 9.207746453540148, 45.455363909708176 ], [ 9.207687560755726, 45.455386074260595 ], [ 9.206488777085411, 45.455847388359238 ], [ 9.205974697438394, 45.456062835955898 ], [ 9.205756608517595, 45.456143247928409 ], [ 9.204947691145675, 45.456449834937303 ], [ 9.205676456079216, 45.457792516478932 ], [ 9.205873805733626, 45.45814473178384 ], [ 9.206335229425241, 45.458731262772496 ], [ 9.206962175902918, 45.459511915290975 ], [ 9.207156559408494, 45.459766337409015 ], [ 9.207727296943895, 45.460525124585615 ], [ 9.207691044012703, 45.460841441325215 ], [ 9.20759462347735, 45.462051400953698 ], [ 9.207577483353505, 45.46226471365177 ], [ 9.207545976912579, 45.462570654045727 ], [ 9.207463106330799, 45.4633717282315 ], [ 9.207387918935579, 45.464339295065813 ], [ 9.207313982700379, 45.465265002974817 ], [ 9.207314206760179, 45.465326479805796 ], [ 9.207224205287941, 45.466319275516895 ], [ 9.207193876569562, 45.466560917062992 ], [ 9.207115152785175, 45.467211068989258 ], [ 9.20699891396329, 45.467870108139749 ], [ 9.208640639001183, 45.467880312513195 ], [ 9.210176603063282, 45.467913897499542 ], [ 9.211243840547752, 45.4679282380703 ], [ 9.21174722847328, 45.467933382736071 ], [ 9.213322363030068, 45.467924380701781 ], [ 9.214700958112244, 45.467952854626965 ], [ 9.21505775767238, 45.46795929527169 ], [ 9.21596835447699, 45.467971846833343 ], [ 9.216894664645968, 45.467976055004847 ], [ 9.217106896521038, 45.467977029905128 ], [ 9.217335349523472, 45.467978078862984 ], [ 9.217433544861507, 45.467977527441271 ], [ 9.218355063483257, 45.467972537277511 ], [ 9.219713259175251, 45.467984113376538 ], [ 9.220610545136823, 45.467994583260499 ], [ 9.221422046167085, 45.468001386011387 ], [ 9.22253998883104, 45.468009297519743 ], [ 9.222683130774428, 45.468014340060719 ], [ 9.223803652207147, 45.468053772534226 ] ] ] } },
{ "type": "Feature", "properties": { "MapCommunity": "C1", "CITY": "Milano", "COM_ASC2": "15146027", "DEN_ASC2": "Pta Romana", "is_member": 0, "is_incoming": 0, "CommunityInitial": "C1", "CommunityPrev": "C1", "CommunityFinal": "C4", "Transition": "ingresso" }, "geometry": { "type": "Polygon", "coordinates": [ [ [ 9.208132187170138, 45.455216614753539 ], [ 9.209133741811801, 45.454824098812772 ], [ 9.209205411331601, 45.454911906674489 ], [ 9.209668325415327, 45.455479116013834 ], [ 9.210552346467809, 45.455129045097166 ], [ 9.21071896234427, 45.455063452996392 ], [ 9.210968771048362, 45.454960112586186 ], [ 9.21164852525245, 45.454679553019197 ], [ 9.211599618570714, 45.454622830700409 ], [ 9.211138731127768, 45.454088274542059 ], [ 9.211042063127396, 45.453976162197996 ], [ 9.212523876799398, 45.453382095645992 ], [ 9.213115807409787, 45.453143007091796 ], [ 9.21400204348436, 45.45279366129953 ], [ 9.214211174269638, 45.452711115247943 ], [ 9.214385764447183, 45.452642202071218 ], [ 9.213236525435098, 45.451233815511259 ], [ 9.211528087196722, 45.449116155358979 ], [ 9.21140599882359, 45.448962583883791 ], [ 9.210397898522613, 45.447813824868788 ], [ 9.210024371216347, 45.447388129908475 ], [ 9.210176705762466, 45.447305793693218 ], [ 9.210630163575409, 45.447056119697642 ], [ 9.20731598799213, 45.446928464348659 ], [ 9.204288340713836, 45.446803427692416 ], [ 9.204434924782879, 45.446637474567098 ], [ 9.204479305972763, 45.44548798860442 ], [ 9.198572977603936, 45.445271612382314 ], [ 9.198360950118646, 45.445264066003283 ], [ 9.198065681390995, 45.446377309461134 ], [ 9.198034214596502, 45.446495965910444 ], [ 9.197995112984998, 45.446633860390371 ], [ 9.197977284446075, 45.446696730615237 ], [ 9.197785016929299, 45.447365582521307 ], [ 9.197694135696516, 45.447688203135094 ], [ 9.197436669638478, 45.448628356754703 ], [ 9.1973209040236, 45.44907721347262 ], [ 9.197234969591628, 45.44935265870361 ], [ 9.196913359510381, 45.450551567017193 ], [ 9.196872070031844, 45.450758751633835 ], [ 9.196825343219531, 45.450928997413754 ], [ 9.196742275757179, 45.451221313619556 ], [ 9.19652436930561, 45.452035382183055 ], [ 9.198027315454143, 45.452043862499679 ], [ 9.198621967198628, 45.452038241223576 ], [ 9.199883656261433, 45.451974071529712 ], [ 9.200496747737848, 45.451939695256776 ], [ 9.201152303471257, 45.451961361681406 ], [ 9.201860305465216, 45.452381319022123 ], [ 9.202554136395481, 45.45196424468071 ], [ 9.202650027494039, 45.452118982764631 ], [ 9.202916547385978, 45.452638185584028 ], [ 9.203475262381621, 45.453717543093212 ], [ 9.203577040610169, 45.453942973464514 ], [ 9.203904186993082, 45.454548160507265 ], [ 9.204223177558188, 45.455123433016148 ], [ 9.204947691145675, 45.456449834937303 ], [ 9.205756608517595, 45.456143247928409 ], [ 9.205974697438394, 45.456062835955898 ], [ 9.206488777085411, 45.455847388359238 ], [ 9.207687560755726, 45.455386074260595 ], [ 9.207746453540148, 45.455363909708176 ], [ 9.208132187170138, 45.455216614753539 ] ] ] } },
{ "type": "Feature", "properties": { "MapCommunity": "C1", "CITY": "Milano", "COM_ASC2": "15146028", "DEN_ASC2": "Umbria - Molise - Calvairate", "is_member": 0, "is_incoming": 0, "CommunityInitial": "C1", "CommunityPrev": "C1", "CommunityFinal": "C4", "Transition": "ingresso" }, "geometry": { "type": "Polygon", "coordinates": [ [ [ 9.223908801236256, 45.460674529697158 ], [ 9.223923008043151, 45.459689968627849 ], [ 9.223918444164529, 45.459344158642828 ], [ 9.223917234374406, 45.458689516228354 ], [ 9.223917096171677, 45.458614852427871 ], [ 9.223939468458248, 45.457544541227733 ], [ 9.223947360657723, 45.456370206074979 ], [ 9.223948610933302, 45.456184917401508 ], [ 9.223956345132898, 45.455374943959391 ], [ 9.223959085092829, 45.454676818408828 ], [ 9.22396359335263, 45.45442608540484 ], [ 9.223987761200915, 45.453616079487894 ], [ 9.224001919528961, 45.452991785366812 ], [ 9.224047623847095, 45.452131016065735 ], [ 9.224056205753319, 45.451860823334819 ], [ 9.224057456550717, 45.45182143247392 ], [ 9.224072644987992, 45.451343240228312 ], [ 9.224071821160599, 45.451134868244864 ], [ 9.224067911862148, 45.450631401987742 ], [ 9.224072950366844, 45.450260589749099 ], [ 9.224083495991325, 45.449484594034068 ], [ 9.224102830823846, 45.44806180562616 ], [ 9.22410750200136, 45.447868948944958 ], [ 9.22411801576029, 45.44637241332741 ], [ 9.223783179267279, 45.446359401450508 ], [ 9.221581447114854, 45.446262623487108 ], [ 9.218840774914177, 45.446145826235288 ], [ 9.213253469764624, 45.445930043940344 ], [ 9.213252877191206, 45.445773791929469 ], [ 9.213182792690834, 45.445774366511678 ], [ 9.213066176824647, 45.445777882143119 ], [ 9.212672704561914, 45.445791772497522 ], [ 9.212508094943997, 45.445899200604678 ], [ 9.211733855657783, 45.446387193131748 ], [ 9.21066706110625, 45.447035803408362 ], [ 9.210630163575409, 45.447056119697642 ], [ 9.210176705762466, 45.447305793693218 ], [ 9.210024371216347, 45.447388129908475 ], [ 9.210397898522613, 45.447813824868788 ], [ 9.21140599882359, 45.448962583883791 ], [ 9.211528087196722, 45.449116155358979 ], [ 9.213236525435098, 45.451233815511259 ], [ 9.214385764447183, 45.452642202071218 ], [ 9.214749681930726, 45.453068580938847 ], [ 9.214944517353452, 45.45332918747615 ], [ 9.215435389674983, 45.453891652962916 ], [ 9.215593333519246, 45.45410215158855 ], [ 9.215713932950933, 45.45405115798318 ], [ 9.216228254972387, 45.454774365189571 ], [ 9.216095550348619, 45.45482029655026 ], [ 9.216586319074105, 45.455725849845287 ], [ 9.216626666067544, 45.45580184613344 ], [ 9.216681377835354, 45.455941432084323 ], [ 9.217069221743188, 45.456930906630419 ], [ 9.217163522176028, 45.457327771417901 ], [ 9.217262394833131, 45.45774387377692 ], [ 9.217353465638148, 45.458245867740906 ], [ 9.217385903336414, 45.458592457620512 ], [ 9.217402719268982, 45.460553251656094 ], [ 9.21761556988162, 45.460553729367447 ], [ 9.21809080752652, 45.460554758254958 ], [ 9.220234955275936, 45.460597517209166 ], [ 9.221893294315786, 45.460613323751787 ], [ 9.22194385062542, 45.460613177825415 ], [ 9.22251484994408, 45.460627608413468 ], [ 9.22356374641811, 45.46066292341925 ], [ 9.223703524997587, 45.460667625623657 ], [ 9.223908801236256, 45.460674529697158 ] ] ] } },
{ "type": "Feature", "properties": { "MapCommunity": "C1", "CITY": "Milano", "COM_ASC2": "15146029", "DEN_ASC2": "Ortomercato", "is_member": 0, "is_incoming": 0, "CommunityInitial": "C1", "CommunityPrev": "C1", "CommunityFinal": "C4", "Transition": "ingresso" }, "geometry": { "type": "Polygon", "coordinates": [ [ [ 9.233292517275489, 45.459703151449901 ], [ 9.234699994562236, 45.45956039854623 ], [ 9.235206310496979, 45.459368271511387 ], [ 9.23554818887947, 45.459238533013618 ], [ 9.236313330197749, 45.458723986763374 ], [ 9.236908008740047, 45.458082468793314 ], [ 9.2370659541008, 45.457835287602528 ], [ 9.237225442512871, 45.45782831720161 ], [ 9.237471454185993, 45.4578190100451 ], [ 9.237401251562074, 45.456271538328984 ], [ 9.237385202529369, 45.455876697763614 ], [ 9.237337866508588, 45.454845255055005 ], [ 9.237302037989091, 45.454272563681052 ], [ 9.237278862975375, 45.453972608716079 ], [ 9.237259167860289, 45.453815932263794 ], [ 9.237063839929121, 45.452398278930538 ], [ 9.237048635222571, 45.452294192563592 ], [ 9.236835962295626, 45.450867610147036 ], [ 9.2362539260675, 45.449416720440091 ], [ 9.235722806968024, 45.448579278701239 ], [ 9.235595386046427, 45.448537055832809 ], [ 9.235486598900968, 45.448501007049188 ], [ 9.235354154499653, 45.448313479497003 ], [ 9.235022959121759, 45.448055751731623 ], [ 9.23428195398736, 45.447524544897725 ], [ 9.234158640252918, 45.447466588663993 ], [ 9.233704181945651, 45.447252998704414 ], [ 9.233243883450951, 45.447063700546899 ], [ 9.232693552815579, 45.446887231586707 ], [ 9.232260581047335, 45.446767625145284 ], [ 9.231935811493372, 45.446875272662822 ], [ 9.230917609736347, 45.44717141445981 ], [ 9.230165987195159, 45.447524690133648 ], [ 9.229410126298502, 45.44804894480707 ], [ 9.229404731686822, 45.447269240301502 ], [ 9.22937687803595, 45.446604294155492 ], [ 9.228994661433722, 45.446583848766359 ], [ 9.228638394353181, 45.446565771488288 ], [ 9.22768560458143, 45.44652544632001 ], [ 9.226983072703636, 45.446496132343036 ], [ 9.226315470221262, 45.446466337089603 ], [ 9.224212885927928, 45.446376399213392 ], [ 9.22411801576029, 45.44637241332741 ], [ 9.22410750200136, 45.447868948944958 ], [ 9.224102830823846, 45.44806180562616 ], [ 9.224083495991325, 45.449484594034068 ], [ 9.224072950366844, 45.450260589749099 ], [ 9.224067911862148, 45.450631401987742 ], [ 9.224071821160599, 45.451134868244864 ], [ 9.224072644987992, 45.451343240228312 ], [ 9.224057456550717, 45.45182143247392 ], [ 9.224056205753319, 45.451860823334819 ], [ 9.224047623847095, 45.452131016065735 ], [ 9.224001919528961, 45.452991785366812 ], [ 9.223987761200915, 45.453616079487894 ], [ 9.22396359335263, 45.45442608540484 ], [ 9.223959085092829, 45.454676818408828 ], [ 9.223956345132898, 45.455374943959391 ], [ 9.223948610933302, 45.456184917401508 ], [ 9.223947360657723, 45.456370206074979 ], [ 9.223939468458248, 45.457544541227733 ], [ 9.223917096171677, 45.458614852427871 ], [ 9.223917234374406, 45.458689516228354 ], [ 9.223918444164529, 45.459344158642828 ], [ 9.223923008043151, 45.459689968627849 ], [ 9.224269002196836, 45.45968769482711 ], [ 9.22903115251828, 45.459700433689378 ], [ 9.229145658352369, 45.459701232878906 ], [ 9.229266777105241, 45.459702077188737 ], [ 9.22949050243049, 45.459703672999666 ], [ 9.230257139224829, 45.459709274449168 ], [ 9.230352019112825, 45.459709419797079 ], [ 9.23195249926629, 45.459712007506049 ], [ 9.233292517275489, 45.459703151449901 ] ] ] } },
{ "type": "Feature", "properties": { "MapCommunity": "C1", "CITY": "Milano", "COM_ASC2": "15146030", "DEN_ASC2": "Taliedo - Morsenchio - Q.re Forlanini", "is_member": 0, "is_incoming": 0, "CommunityInitial": "C1", "CommunityPrev": "C1", "CommunityFinal": "C4", "Transition": "ingresso" }, "geometry": { "type": "Polygon", "coordinates": [ [ [ 9.258674636536801, 45.446098080642301 ], [ 9.258066000872125, 45.444025260301913 ], [ 9.257870569218804, 45.443424430570651 ], [ 9.257486528885192, 45.442103085003239 ], [ 9.257107655550067, 45.440380549445905 ], [ 9.25682393697231, 45.439390459901979 ], [ 9.256404442058017, 45.43800962830295 ], [ 9.255955078758008, 45.436743475415085 ], [ 9.25537251030293, 45.435428984668768 ], [ 9.25363850562743, 45.435949879365921 ], [ 9.253022763640873, 45.436134811720486 ], [ 9.251294312270993, 45.43470391718386 ], [ 9.250736070489124, 45.434241062488752 ], [ 9.250589007026974, 45.434119263577145 ], [ 9.250201859799347, 45.433798623916189 ], [ 9.249603797040477, 45.434131710021433 ], [ 9.249042106391034, 45.434457182341873 ], [ 9.248884910283898, 45.434885405220029 ], [ 9.248819020299852, 45.43506489667049 ], [ 9.248691541817555, 45.435389657265695 ], [ 9.248670270189484, 45.435443848729712 ], [ 9.248327997929367, 45.435648845862097 ], [ 9.247759114684184, 45.436004928031338 ], [ 9.247350036582445, 45.436248572592753 ], [ 9.246768157843665, 45.436601768729062 ], [ 9.246665096505142, 45.436664324899859 ], [ 9.246880357894511, 45.436742980720886 ], [ 9.245646602266488, 45.437483363962279 ], [ 9.244332898961536, 45.438326067030417 ], [ 9.24282404307233, 45.43921318502062 ], [ 9.242808542512297, 45.439459981367712 ], [ 9.242907168861343, 45.439709730498663 ], [ 9.243046373359171, 45.439836304953438 ], [ 9.243972027646045, 45.440584168397983 ], [ 9.243579731321212, 45.440885564813819 ], [ 9.243965278501229, 45.441199360200244 ], [ 9.243929693750145, 45.441222164302786 ], [ 9.243479080724571, 45.441510931918152 ], [ 9.24338186201819, 45.441858445228661 ], [ 9.243489003612749, 45.441892748304419 ], [ 9.243523794459932, 45.441903423404533 ], [ 9.243158422008133, 45.442529049041184 ], [ 9.24307047012169, 45.442675294655849 ], [ 9.242956682362568, 45.442864496803963 ], [ 9.24285679635549, 45.443066373608197 ], [ 9.242663213696302, 45.443457613781469 ], [ 9.242573173228026, 45.443874109030006 ], [ 9.242469681243737, 45.444352819494327 ], [ 9.241961455315513, 45.444275182375229 ], [ 9.241417705802933, 45.44424793222678 ], [ 9.240841880681234, 45.444240279783223 ], [ 9.240444668602276, 45.444273025046208 ], [ 9.239505544421993, 45.444350378796081 ], [ 9.238695070868721, 45.444537630146961 ], [ 9.238081737995095, 45.44482505098852 ], [ 9.237508876034321, 45.445117407961114 ], [ 9.237464373093687, 45.445140119661879 ], [ 9.237379826719602, 45.445183266335398 ], [ 9.23673769987869, 45.445376274625289 ], [ 9.23615863438989, 45.445527812622402 ], [ 9.234994216022427, 45.445832559758742 ], [ 9.234797760689341, 45.445883927774013 ], [ 9.234803784037789, 45.446242201837322 ], [ 9.234996402922484, 45.447069452710089 ], [ 9.235646133266146, 45.448422279233014 ], [ 9.235722806968024, 45.448579278701239 ], [ 9.2362539260675, 45.449416720440091 ], [ 9.236835962295626, 45.450867610147036 ], [ 9.237048635222571, 45.452294192563592 ], [ 9.237063839929121, 45.452398278930538 ], [ 9.237259167860289, 45.453815932263794 ], [ 9.237278862975375, 45.453972608716079 ], [ 9.237302037989091, 45.454272563681052 ], [ 9.237337866508588, 45.454845255055005 ], [ 9.237385202529369, 45.455876697763614 ], [ 9.237401251562074, 45.456271538328984 ], [ 9.237471454185993, 45.4578190100451 ], [ 9.237481991590922, 45.460317340945132 ], [ 9.237593355480877, 45.462061437163904 ], [ 9.237826290370169, 45.462059834471141 ], [ 9.25002920430642, 45.461984272607332 ], [ 9.251286635745233, 45.461976412341691 ], [ 9.251355277792797, 45.461210112670493 ], [ 9.251468519477845, 45.460105459490805 ], [ 9.251532580568515, 45.459523001976962 ], [ 9.251778013476123, 45.458536461515251 ], [ 9.251955127073883, 45.457959987691339 ], [ 9.252341531384552, 45.457188872890697 ], [ 9.253930039347225, 45.455108756316179 ], [ 9.256634965064023, 45.451872342275202 ], [ 9.257881588867464, 45.450395864844644 ], [ 9.258021034371323, 45.450239336545124 ], [ 9.258299694743174, 45.449679293766366 ], [ 9.258566410866518, 45.44917949273492 ], [ 9.258711619599042, 45.448843515736478 ], [ 9.258831038725171, 45.448223568019351 ], [ 9.258875863141755, 45.447328402263274 ], [ 9.258836750517988, 45.446786268162484 ], [ 9.258674636536801, 45.446098080642301 ] ] ] } },
{ "type": "Feature", "properties": { "MapCommunity": "C1", "CITY": "Milano", "COM_ASC2": "15146031", "DEN_ASC2": "MonluÃ¨ - Ponte Lambro", "is_member": 0, "is_incoming": 0, "CommunityInitial": "C1", "CommunityPrev": "C1", "CommunityFinal": "C4", "Transition": "ingresso" }, "geometry": { "type": "Polygon", "coordinates": [ [ [ 9.265116372308944, 45.451150917826155 ], [ 9.265193760696626, 45.451014836046873 ], [ 9.265473834271457, 45.451053585585122 ], [ 9.26570345624423, 45.451085355246477 ], [ 9.265769616497526, 45.451094509486573 ], [ 9.266178718958386, 45.451066560453604 ], [ 9.266253864230453, 45.450979970959153 ], [ 9.266349307277897, 45.450870003837281 ], [ 9.266382238271104, 45.450832049932885 ], [ 9.266378970480064, 45.450752656036336 ], [ 9.266377486256822, 45.450716635734921 ], [ 9.266368100645835, 45.45048432635533 ], [ 9.267131588366036, 45.449784850145178 ], [ 9.266986802497911, 45.448868378670632 ], [ 9.266881368545398, 45.448635799549812 ], [ 9.266865029487798, 45.44859979054457 ], [ 9.26669227184949, 45.448220762953959 ], [ 9.266611112926142, 45.448041348387491 ], [ 9.266512303528705, 45.447302571620895 ], [ 9.26645314161901, 45.446880375063799 ], [ 9.266498714447108, 45.446629730553724 ], [ 9.266533770424491, 45.446436933503961 ], [ 9.266577626618533, 45.446159987776547 ], [ 9.266593419206256, 45.446047324024605 ], [ 9.26663947802078, 45.445718791605827 ], [ 9.266559104730018, 45.444944872168165 ], [ 9.266563264905702, 45.444909406637699 ], [ 9.266597406517732, 45.444618312870475 ], [ 9.266657325804434, 45.444430460562934 ], [ 9.266690599465262, 45.444325760742295 ], [ 9.266712835089391, 45.444247633097646 ], [ 9.266734892770701, 45.444186298549212 ], [ 9.266757958183884, 45.444027594485568 ], [ 9.266766443818804, 45.443969295332508 ], [ 9.266828242511675, 45.44354457485764 ], [ 9.266833686943848, 45.443513058747115 ], [ 9.266751301896806, 45.443031689136838 ], [ 9.266728500716237, 45.442901226386688 ], [ 9.266686774423354, 45.442115978371085 ], [ 9.266691143076351, 45.441990752078311 ], [ 9.266706960091943, 45.441537277327015 ], [ 9.266720291819462, 45.441155033275145 ], [ 9.266934209810239, 45.440356553755997 ], [ 9.26693915004504, 45.440243407532357 ], [ 9.266940361981693, 45.440209743694318 ], [ 9.266946970511004, 45.440026583787315 ], [ 9.266951432501127, 45.439918861916624 ], [ 9.266956712923081, 45.439777277295249 ], [ 9.266903124521061, 45.439645340942818 ], [ 9.266708004179037, 45.439150855808016 ], [ 9.266651753863107, 45.439017878695125 ], [ 9.266646631716835, 45.438986366532184 ], [ 9.266645362094305, 45.438743959069413 ], [ 9.26665160468891, 45.438642822833103 ], [ 9.266655322794572, 45.438604274469206 ], [ 9.266662999193281, 45.438505154759596 ], [ 9.266663131419676, 45.438346746226109 ], [ 9.266662785556356, 45.438307249615988 ], [ 9.266654368787675, 45.438024145323155 ], [ 9.266653684564846, 45.437987730623462 ], [ 9.266653216307292, 45.437779732970945 ], [ 9.266615853628384, 45.437670485778249 ], [ 9.266604972762801, 45.4376248065007 ], [ 9.266544700107142, 45.437462394744806 ], [ 9.266521167639283, 45.437393002419043 ], [ 9.266501510875106, 45.437334549248753 ], [ 9.266326079562008, 45.436817382812556 ], [ 9.266410495372424, 45.436416638098251 ], [ 9.26650367725934, 45.436011365921097 ], [ 9.266568809348914, 45.435894115929599 ], [ 9.266931745208048, 45.435240765848505 ], [ 9.266801558795422, 45.435209565668146 ], [ 9.266624194724717, 45.435110824854426 ], [ 9.266564321204887, 45.435075804853241 ], [ 9.266512936024254, 45.435045736400262 ], [ 9.266277393582182, 45.434818953115524 ], [ 9.265770978756665, 45.434325174116275 ], [ 9.265339931824768, 45.433903288019209 ], [ 9.26515317892823, 45.433735754015238 ], [ 9.264833146289938, 45.433448652947931 ], [ 9.264458092881, 45.433112188636358 ], [ 9.264083273738491, 45.432775929560705 ], [ 9.26397951123799, 45.432686058860646 ], [ 9.263895381807663, 45.432615313556681 ], [ 9.263860568482347, 45.432576092751198 ], [ 9.263780259294984, 45.432503962246052 ], [ 9.260101873184595, 45.433918456459722 ], [ 9.260060427872444, 45.433934393012571 ], [ 9.25537251030293, 45.435428984668768 ], [ 9.255955078758008, 45.436743475415085 ], [ 9.256404442058017, 45.43800962830295 ], [ 9.25682393697231, 45.439390459901979 ], [ 9.257107655550067, 45.440380549445905 ], [ 9.257486528885192, 45.442103085003239 ], [ 9.257870569218804, 45.443424430570651 ], [ 9.258066000872125, 45.444025260301913 ], [ 9.258674636536801, 45.446098080642301 ], [ 9.258836750517988, 45.446786268162484 ], [ 9.258875863141755, 45.447328402263274 ], [ 9.258831038725171, 45.448223568019351 ], [ 9.258711619599042, 45.448843515736478 ], [ 9.258566410866518, 45.44917949273492 ], [ 9.258299694743174, 45.449679293766366 ], [ 9.258021034371323, 45.450239336545124 ], [ 9.257881588867464, 45.450395864844644 ], [ 9.256634965064023, 45.451872342275202 ], [ 9.253930039347225, 45.455108756316179 ], [ 9.252341531384552, 45.457188872890697 ], [ 9.251955127073883, 45.457959987691339 ], [ 9.251778013476123, 45.458536461515251 ], [ 9.251532580568515, 45.459523001976962 ], [ 9.251468519477845, 45.460105459490805 ], [ 9.251355277792797, 45.461210112670493 ], [ 9.251286635745233, 45.461976412341691 ], [ 9.252794153063698, 45.461966215410733 ], [ 9.254059018552599, 45.46195764478508 ], [ 9.256795604955736, 45.461930146656528 ], [ 9.257781554217015, 45.461924374899759 ], [ 9.263356797468344, 45.461893437592323 ], [ 9.2660103832887, 45.461870968702847 ], [ 9.267932684560529, 45.461854653720813 ], [ 9.268852874255241, 45.461846832547884 ], [ 9.271716450225002, 45.461826172382047 ], [ 9.271744620704352, 45.461779992232906 ], [ 9.271790888658895, 45.461704152375916 ], [ 9.272160850197061, 45.461097729381912 ], [ 9.272197028104634, 45.460695304882364 ], [ 9.272209413100466, 45.460557544415302 ], [ 9.271531254126367, 45.460505149498744 ], [ 9.270780197196892, 45.460427991863916 ], [ 9.270417924648614, 45.460390772298894 ], [ 9.270339928510447, 45.460129925718348 ], [ 9.270319183189844, 45.459918175668854 ], [ 9.27028614681258, 45.459580985150843 ], [ 9.270168533468768, 45.459059200903482 ], [ 9.269937410026232, 45.458870722078636 ], [ 9.269839605772752, 45.458816036830221 ], [ 9.269616796975233, 45.458691453445667 ], [ 9.269410523209871, 45.458593188847914 ], [ 9.26933477459902, 45.458557103435197 ], [ 9.269243486930385, 45.458188268422859 ], [ 9.269266738659484, 45.458138626884846 ], [ 9.269357445866891, 45.457944974460489 ], [ 9.268959968932334, 45.457738879769792 ], [ 9.268050904482962, 45.457533995257556 ], [ 9.267103858022402, 45.457410196866 ], [ 9.265773423619931, 45.457350291732801 ], [ 9.26459671443555, 45.457344025042282 ], [ 9.264555840445169, 45.457224324483647 ], [ 9.264480002373435, 45.45700224955295 ], [ 9.264373733801575, 45.456156392116092 ], [ 9.26428630150472, 45.455790585573695 ], [ 9.264178068329477, 45.455337737665729 ], [ 9.263869777941371, 45.455050413396336 ], [ 9.263840468831679, 45.454959774122536 ], [ 9.263701091584037, 45.454528740049774 ], [ 9.264054388581933, 45.453501794069162 ], [ 9.264523843305691, 45.452699606373926 ], [ 9.26504886900187, 45.452599959265115 ], [ 9.265105483654528, 45.452447453563103 ], [ 9.265172667388754, 45.452270793743047 ], [ 9.265248044530534, 45.452072580350411 ], [ 9.264893865431377, 45.451806651300885 ], [ 9.264787859142272, 45.451726865495068 ], [ 9.264876465380144, 45.45157450714877 ], [ 9.264922996771251, 45.451491638478963 ], [ 9.265042334837981, 45.451281131984139 ], [ 9.265116372308944, 45.451150917826155 ] ] ] } },
{ "type": "Feature", "properties": { "MapCommunity": "C1", "CITY": "Milano", "COM_ASC2": "15146032", "DEN_ASC2": "Triulzo Superiore", "is_member": 1, "is_incoming": 0, "CommunityInitial": "C1", "CommunityPrev": "C1", "CommunityFinal": "C1", "Transition": "stabile" }, "geometry": { "type": "Polygon", "coordinates": [ [ [ 9.263607475143685, 45.4322115218555 ], [ 9.262038290087066, 45.431329086792523 ], [ 9.261915849476125, 45.431368021662131 ], [ 9.261715304765801, 45.431257272743089 ], [ 9.261605523005136, 45.43119742470811 ], [ 9.261349669341094, 45.431057940207801 ], [ 9.260567695199441, 45.430631631936301 ], [ 9.260244781271503, 45.430455578218059 ], [ 9.259947501842747, 45.430399705706563 ], [ 9.259471495538827, 45.430310882633286 ], [ 9.259364008300485, 45.430290824436618 ], [ 9.258734091365168, 45.429688189187672 ], [ 9.258604738348989, 45.429564435913917 ], [ 9.258506662431131, 45.429470606571279 ], [ 9.258440891949647, 45.429430134565969 ], [ 9.257293657905976, 45.428724138067707 ], [ 9.257264174263558, 45.428707346936136 ], [ 9.25721957631108, 45.428682045847196 ], [ 9.25611989059075, 45.42809745807299 ], [ 9.256030908064327, 45.428050343385259 ], [ 9.25575911669551, 45.42790593672256 ], [ 9.255066377715419, 45.427534680005238 ], [ 9.254886410865936, 45.427438229167194 ], [ 9.254773031072284, 45.427377218693067 ], [ 9.254011632553718, 45.426967515797308 ], [ 9.253990940025709, 45.426941207944417 ], [ 9.253914303903642, 45.426843772345606 ], [ 9.253867511630355, 45.426784279958689 ], [ 9.253824117772774, 45.426755431966427 ], [ 9.253760380348584, 45.426713057065491 ], [ 9.253702513333664, 45.426587137462491 ], [ 9.253472308069279, 45.426392750702547 ], [ 9.253223694067671, 45.426236912547026 ], [ 9.253190776286555, 45.4262162772336 ], [ 9.253091614178889, 45.42615411830635 ], [ 9.252893204612366, 45.426073521270901 ], [ 9.252582993898802, 45.425947507807535 ], [ 9.252505356594986, 45.425915969841881 ], [ 9.252417125787328, 45.425878327179873 ], [ 9.251764515276195, 45.425599901378156 ], [ 9.251990571509491, 45.425382387146769 ], [ 9.252324698878029, 45.4250537275108 ], [ 9.252359305870035, 45.425024515793957 ], [ 9.252409236263759, 45.424978551274258 ], [ 9.252553719586203, 45.424842379556516 ], [ 9.252787309462443, 45.424618383259606 ], [ 9.253333436411905, 45.424094077007631 ], [ 9.253542641998152, 45.423893352858059 ], [ 9.253868339090561, 45.423580857388764 ], [ 9.253802214226793, 45.423560867621319 ], [ 9.253583268292088, 45.423493846268286 ], [ 9.253523111455252, 45.423475222082246 ], [ 9.253119240646528, 45.423350666335416 ], [ 9.253058735844796, 45.423333626896863 ], [ 9.253020302225341, 45.423321986999561 ], [ 9.2529615970733, 45.423302334058249 ], [ 9.25276987758172, 45.423251774453909 ], [ 9.251849519374298, 45.423006386241248 ], [ 9.251638530925074, 45.422930133520701 ], [ 9.250989369426906, 45.4226943066109 ], [ 9.250799248017636, 45.422774018106175 ], [ 9.250608862124157, 45.422855608426865 ], [ 9.250444544309712, 45.422945393629881 ], [ 9.25005695062025, 45.423136412390043 ], [ 9.249253257447604, 45.423498213916247 ], [ 9.249205947869253, 45.423506210345685 ], [ 9.248956491446931, 45.423548372534952 ], [ 9.248889906984882, 45.423559526177542 ], [ 9.248698197979042, 45.423591657874489 ], [ 9.247861007206549, 45.423735263616514 ], [ 9.247649085113585, 45.423715294026756 ], [ 9.247552186020989, 45.423706135563457 ], [ 9.247183261899218, 45.423671400253575 ], [ 9.246646099645654, 45.423620823091149 ], [ 9.24606327934575, 45.423381299150549 ], [ 9.245983800765028, 45.423344440061221 ], [ 9.245941424961901, 45.423325378433411 ], [ 9.245836567354905, 45.423281495293807 ], [ 9.245758572823949, 45.423248698721444 ], [ 9.245596632199115, 45.423181839134415 ], [ 9.245524388760451, 45.423151117427679 ], [ 9.245417883392491, 45.423105877354118 ], [ 9.245316920792868, 45.423062746873562 ], [ 9.24514168987251, 45.422962143359513 ], [ 9.244945843265977, 45.422846512077882 ], [ 9.244558564865999, 45.42262087293625 ], [ 9.24445500151017, 45.42255971683602 ], [ 9.244352562636065, 45.422500205466193 ], [ 9.243879104024243, 45.422222577033018 ], [ 9.242891920408098, 45.421531586147253 ], [ 9.240968476768257, 45.420330058952963 ], [ 9.24012750876795, 45.419804701598871 ], [ 9.24002117880144, 45.419737417404377 ], [ 9.240240482764161, 45.4196664134613 ], [ 9.240376096516419, 45.419622506227235 ], [ 9.24029516281494, 45.419559586658572 ], [ 9.238937132210674, 45.420146423079288 ], [ 9.239511352759406, 45.422481049558435 ], [ 9.240226477488511, 45.425447973361834 ], [ 9.240469154708721, 45.427000600213979 ], [ 9.240458606728049, 45.427680909121634 ], [ 9.24044651920371, 45.428460532879726 ], [ 9.240369448224463, 45.428881502610864 ], [ 9.2402326187705, 45.429628871606667 ], [ 9.239983780617745, 45.430699982329152 ], [ 9.239924115592057, 45.431041990299505 ], [ 9.239830840029491, 45.431504690880111 ], [ 9.239772060451793, 45.431511560714135 ], [ 9.239291789103453, 45.432994456149224 ], [ 9.239342729219494, 45.432984492161488 ], [ 9.239903862205303, 45.432740066314402 ], [ 9.240567231223933, 45.432451076901053 ], [ 9.242684834651776, 45.431528367874598 ], [ 9.243267059903426, 45.431240581934745 ], [ 9.244065185596588, 45.430860476883069 ], [ 9.245121757237593, 45.430354922305355 ], [ 9.246174163451574, 45.429866244225295 ], [ 9.246697203328123, 45.429607500966966 ], [ 9.24682508778093, 45.429544277166904 ], [ 9.246836317583227, 45.429343789696027 ], [ 9.247305773042825, 45.429106365451368 ], [ 9.247815095357977, 45.428848773694192 ], [ 9.24801469041034, 45.428964218072871 ], [ 9.250153817904087, 45.430287323898419 ], [ 9.252093134592652, 45.431584888029022 ], [ 9.253001036327326, 45.432340278708871 ], [ 9.25343017773606, 45.432793233991042 ], [ 9.254389146690391, 45.433851944628799 ], [ 9.255045935049088, 45.434796279093142 ], [ 9.25537251030293, 45.435428984668768 ], [ 9.260060427872444, 45.433934393012571 ], [ 9.260101873184595, 45.433918456459722 ], [ 9.263780259294984, 45.432503962246052 ], [ 9.263764887393201, 45.432477363963194 ], [ 9.263685430724101, 45.432343088633203 ], [ 9.263607475143685, 45.4322115218555 ] ] ] } },
{ "type": "Feature", "properties": { "MapCommunity": "C1", "CITY": "Milano", "COM_ASC2": "15146033", "DEN_ASC2": "Rogoredo - Santa Giulia", "is_member": 1, "is_incoming": 0, "CommunityInitial": "C1", "CommunityPrev": "C1", "CommunityFinal": "C1", "Transition": "stabile" }, "geometry": { "type": "Polygon", "coordinates": [ [ [ 9.240444668602276, 45.444273025046208 ], [ 9.240841880681234, 45.444240279783223 ], [ 9.241417705802933, 45.44424793222678 ], [ 9.241961455315513, 45.444275182375229 ], [ 9.242469681243737, 45.444352819494327 ], [ 9.242573173228026, 45.443874109030006 ], [ 9.242663213696302, 45.443457613781469 ], [ 9.24285679635549, 45.443066373608197 ], [ 9.242956682362568, 45.442864496803963 ], [ 9.24307047012169, 45.442675294655849 ], [ 9.243158422008133, 45.442529049041184 ], [ 9.243523794459932, 45.441903423404533 ], [ 9.243489003612749, 45.441892748304419 ], [ 9.24338186201819, 45.441858445228661 ], [ 9.243479080724571, 45.441510931918152 ], [ 9.243929693750145, 45.441222164302786 ], [ 9.243965278501229, 45.441199360200244 ], [ 9.243579731321212, 45.440885564813819 ], [ 9.243972027646045, 45.440584168397983 ], [ 9.243046373359171, 45.439836304953438 ], [ 9.242907168861343, 45.439709730498663 ], [ 9.242808542512297, 45.439459981367712 ], [ 9.24282404307233, 45.43921318502062 ], [ 9.244332898961536, 45.438326067030417 ], [ 9.245646602266488, 45.437483363962279 ], [ 9.246880357894511, 45.436742980720886 ], [ 9.246665096505142, 45.436664324899859 ], [ 9.246768157843665, 45.436601768729062 ], [ 9.247350036582445, 45.436248572592753 ], [ 9.247759114684184, 45.436004928031338 ], [ 9.248327997929367, 45.435648845862097 ], [ 9.248670270189484, 45.435443848729712 ], [ 9.248691541817555, 45.435389657265695 ], [ 9.248819020299852, 45.43506489667049 ], [ 9.248884910283898, 45.434885405220029 ], [ 9.249042106391034, 45.434457182341873 ], [ 9.249603797040477, 45.434131710021433 ], [ 9.250201859799347, 45.433798623916189 ], [ 9.250589007026974, 45.434119263577145 ], [ 9.250736070489124, 45.434241062488752 ], [ 9.251294312270993, 45.43470391718386 ], [ 9.253022763640873, 45.436134811720486 ], [ 9.25363850562743, 45.435949879365921 ], [ 9.25537251030293, 45.435428984668768 ], [ 9.255045935049088, 45.434796279093142 ], [ 9.254389146690391, 45.433851944628799 ], [ 9.25343017773606, 45.432793233991042 ], [ 9.253001036327326, 45.432340278708871 ], [ 9.252093134592652, 45.431584888029022 ], [ 9.250153817904087, 45.430287323898419 ], [ 9.24801469041034, 45.428964218072871 ], [ 9.247815095357977, 45.428848773694192 ], [ 9.247305773042825, 45.429106365451368 ], [ 9.246836317583227, 45.429343789696027 ], [ 9.24682508778093, 45.429544277166904 ], [ 9.246697203328123, 45.429607500966966 ], [ 9.246174163451574, 45.429866244225295 ], [ 9.245121757237593, 45.430354922305355 ], [ 9.244065185596588, 45.430860476883069 ], [ 9.243267059903426, 45.431240581934745 ], [ 9.242684834651776, 45.431528367874598 ], [ 9.240567231223933, 45.432451076901053 ], [ 9.239903862205303, 45.432740066314402 ], [ 9.239342729219494, 45.432984492161488 ], [ 9.239291789103453, 45.432994456149224 ], [ 9.238808552173902, 45.434486430428279 ], [ 9.237690877999045, 45.437354881009931 ], [ 9.237522707694263, 45.437756330388702 ], [ 9.236416052991691, 45.440397952514971 ], [ 9.23584455012505, 45.44197212045659 ], [ 9.235274715411073, 45.443571296973417 ], [ 9.23497285496539, 45.444643717614127 ], [ 9.23490698904471, 45.444946788384527 ], [ 9.234797760689341, 45.445883927774013 ], [ 9.234994216022427, 45.445832559758742 ], [ 9.23615863438989, 45.445527812622402 ], [ 9.23673769987869, 45.445376274625289 ], [ 9.237379826719602, 45.445183266335398 ], [ 9.237464373093687, 45.445140119661879 ], [ 9.237508876034321, 45.445117407961114 ], [ 9.238081737995095, 45.44482505098852 ], [ 9.238695070868721, 45.444537630146961 ], [ 9.239505544421993, 45.444350378796081 ], [ 9.240444668602276, 45.444273025046208 ] ] ] } },
{ "type": "Feature", "properties": { "MapCommunity": "C1", "CITY": "Milano", "COM_ASC2": "15146034", "DEN_ASC2": "Chiaravalle", "is_member": 0, "is_incoming": 0, "CommunityInitial": "", "CommunityPrev": "", "CommunityFinal": "", "Transition": "" }, "geometry": { "type": "Polygon", "coordinates": [ [ [ 9.238937132210674, 45.420146423079288 ], [ 9.24029516281494, 45.419559586658572 ], [ 9.240376096516419, 45.419622506227235 ], [ 9.240504460111332, 45.419580944524881 ], [ 9.240748721474228, 45.419501857924544 ], [ 9.241373894839141, 45.419239496474688 ], [ 9.242547421349926, 45.418687937927416 ], [ 9.24264764239852, 45.418640823076281 ], [ 9.243403017008403, 45.418285713712642 ], [ 9.244956715337588, 45.417555065672353 ], [ 9.245109496138523, 45.417483224658113 ], [ 9.244944935551155, 45.41729120077629 ], [ 9.243032755720455, 45.415077602966555 ], [ 9.241963575968549, 45.414779037758898 ], [ 9.241438074562248, 45.414632287647244 ], [ 9.241328144769383, 45.414601587986006 ], [ 9.240914790565848, 45.414418472760531 ], [ 9.240297216933875, 45.41414488289076 ], [ 9.239812842219376, 45.414291293918296 ], [ 9.239556511367637, 45.414368772873715 ], [ 9.239359079604869, 45.414428449344648 ], [ 9.239692182974682, 45.414864664461476 ], [ 9.239286174834145, 45.415960498688456 ], [ 9.238915570897117, 45.41621042420141 ], [ 9.23897126646872, 45.416294557772211 ], [ 9.238764331946463, 45.416458724503549 ], [ 9.238549854609154, 45.416630566687822 ], [ 9.238347881441548, 45.416869093472499 ], [ 9.238155018780338, 45.416899199036592 ], [ 9.23813830146962, 45.416829598279172 ], [ 9.238108148909314, 45.416711030721665 ], [ 9.237983662585528, 45.416191502880253 ], [ 9.237940119140843, 45.416004485105738 ], [ 9.237741962146481, 45.415179453328051 ], [ 9.237628755221225, 45.414723684494547 ], [ 9.237566955134865, 45.414474879272397 ], [ 9.237315801110844, 45.413491897086004 ], [ 9.23699505324371, 45.413638723013918 ], [ 9.236935235073947, 45.41366610476706 ], [ 9.236504076972276, 45.413863469999086 ], [ 9.235359945949797, 45.414387187842372 ], [ 9.23378327555727, 45.41511402624127 ], [ 9.234389967514939, 45.415595565153794 ], [ 9.234907972301299, 45.416006703374137 ], [ 9.235095139479544, 45.416191500516341 ], [ 9.235534771856047, 45.41662555503828 ], [ 9.235738377697823, 45.41682346626088 ], [ 9.23639130871568, 45.4174712009779 ], [ 9.236438475951195, 45.417517765022758 ], [ 9.237009064186129, 45.418054461302553 ], [ 9.237143866334442, 45.418181255091291 ], [ 9.237613576503913, 45.418686992600136 ], [ 9.237696667467297, 45.418776454320366 ], [ 9.238120474527388, 45.419232756648526 ], [ 9.238190989434582, 45.419308676611237 ], [ 9.238545318167994, 45.41969016505908 ], [ 9.238812555843275, 45.420110948589418 ], [ 9.238937132210674, 45.420146423079288 ] ] ] } },
{ "type": "Feature", "properties": { "MapCommunity": "C1", "CITY": "Milano", "COM_ASC2": "15146035", "DEN_ASC2": "Lodi - Corvetto", "is_member": 0, "is_incoming": 0, "CommunityInitial": "C1", "CommunityPrev": "C1", "CommunityFinal": "C4", "Transition": "ingresso" }, "geometry": { "type": "Polygon", "coordinates": [ [ [ 9.234996402922484, 45.447069452710089 ], [ 9.234803784037789, 45.446242201837322 ], [ 9.234797760689341, 45.445883927774013 ], [ 9.23490698904471, 45.444946788384527 ], [ 9.23497285496539, 45.444643717614127 ], [ 9.235274715411073, 45.443571296973417 ], [ 9.23584455012505, 45.44197212045659 ], [ 9.236416052991691, 45.440397952514971 ], [ 9.237522707694263, 45.437756330388702 ], [ 9.237690877999045, 45.437354881009931 ], [ 9.238808552173902, 45.434486430428279 ], [ 9.239291789103453, 45.432994456149224 ], [ 9.239772060451793, 45.431511560714135 ], [ 9.239830840029491, 45.431504690880111 ], [ 9.239924115592057, 45.431041990299505 ], [ 9.239983780617745, 45.430699982329152 ], [ 9.2402326187705, 45.429628871606667 ], [ 9.240369448224463, 45.428881502610864 ], [ 9.24044651920371, 45.428460532879726 ], [ 9.240458606728049, 45.427680909121634 ], [ 9.240469154708721, 45.427000600213979 ], [ 9.240226477488511, 45.425447973361834 ], [ 9.239511352759406, 45.422481049558435 ], [ 9.238937132210674, 45.420146423079288 ], [ 9.237580043215557, 45.420923331784657 ], [ 9.234631645984456, 45.422609326989189 ], [ 9.233221466052656, 45.423799370223662 ], [ 9.23309467008581, 45.423906171523996 ], [ 9.232462422062316, 45.42438050933248 ], [ 9.231811760744755, 45.424918383929189 ], [ 9.231078472159147, 45.425523773842094 ], [ 9.230800230451987, 45.425753480423964 ], [ 9.230486616697277, 45.426038637912988 ], [ 9.228857153164169, 45.427404852452902 ], [ 9.228464021506449, 45.427772882393626 ], [ 9.228188364927689, 45.428157148623839 ], [ 9.227874011151894, 45.428503551101045 ], [ 9.227428528109153, 45.428937479164254 ], [ 9.226509465436957, 45.429801426048719 ], [ 9.226108985684759, 45.43032185071025 ], [ 9.224125649632962, 45.431694952523529 ], [ 9.223599427141934, 45.43175142880245 ], [ 9.222975852964362, 45.431970337465913 ], [ 9.222019776100199, 45.432422520331585 ], [ 9.221164094482866, 45.432970497269061 ], [ 9.220145075490263, 45.433699523990519 ], [ 9.219224742410033, 45.434432538644522 ], [ 9.218359026234461, 45.43519505456873 ], [ 9.217757800561499, 45.435722313023291 ], [ 9.217609059607115, 45.435875433908443 ], [ 9.21727189343455, 45.436318882629429 ], [ 9.217046963395253, 45.436591817308809 ], [ 9.21685070584269, 45.436857945274973 ], [ 9.216538639869574, 45.437264935001515 ], [ 9.215614320431172, 45.438490060241847 ], [ 9.215224645132261, 45.438968256567563 ], [ 9.215128677184397, 45.439083111259812 ], [ 9.214670586875034, 45.439730158069885 ], [ 9.214465931083952, 45.439979061115544 ], [ 9.214132956797934, 45.440445398710601 ], [ 9.213787783166293, 45.440916258744871 ], [ 9.213405257451981, 45.441418061703452 ], [ 9.213112523753288, 45.441844807424395 ], [ 9.212720026013551, 45.442605812457899 ], [ 9.21250571129603, 45.443028404923488 ], [ 9.212297997925512, 45.443388292947006 ], [ 9.211873571356881, 45.444250840312264 ], [ 9.211554018906828, 45.444881926046229 ], [ 9.211681536082947, 45.444985263285254 ], [ 9.211810080154356, 45.445089863147786 ], [ 9.212311983613565, 45.445498263783314 ], [ 9.212547469036441, 45.44568711885551 ], [ 9.212672704561914, 45.445791772497522 ], [ 9.213066176824647, 45.445777882143119 ], [ 9.213182792690834, 45.445774366511678 ], [ 9.213252877191206, 45.445773791929469 ], [ 9.213253469764624, 45.445930043940344 ], [ 9.218840774914177, 45.446145826235288 ], [ 9.221581447114854, 45.446262623487108 ], [ 9.223783179267279, 45.446359401450508 ], [ 9.22411801576029, 45.44637241332741 ], [ 9.224212885927928, 45.446376399213392 ], [ 9.226315470221262, 45.446466337089603 ], [ 9.226983072703636, 45.446496132343036 ], [ 9.22768560458143, 45.44652544632001 ], [ 9.228638394353181, 45.446565771488288 ], [ 9.228994661433722, 45.446583848766359 ], [ 9.22937687803595, 45.446604294155492 ], [ 9.229404731686822, 45.447269240301502 ], [ 9.229410126298502, 45.44804894480707 ], [ 9.230165987195159, 45.447524690133648 ], [ 9.230917609736347, 45.44717141445981 ], [ 9.231935811493372, 45.446875272662822 ], [ 9.232260581047335, 45.446767625145284 ], [ 9.232693552815579, 45.446887231586707 ], [ 9.233243883450951, 45.447063700546899 ], [ 9.233704181945651, 45.447252998704414 ], [ 9.234158640252918, 45.447466588663993 ], [ 9.23428195398736, 45.447524544897725 ], [ 9.235022959121759, 45.448055751731623 ], [ 9.235354154499653, 45.448313479497003 ], [ 9.235486598900968, 45.448501007049188 ], [ 9.235595386046427, 45.448537055832809 ], [ 9.235722806968024, 45.448579278701239 ], [ 9.235646133266146, 45.448422279233014 ], [ 9.234996402922484, 45.447069452710089 ] ] ] } },
{ "type": "Feature", "properties": { "MapCommunity": "C1", "CITY": "Milano", "COM_ASC2": "15146036", "DEN_ASC2": "Scalo Romana", "is_member": 0, "is_incoming": 0, "CommunityInitial": "C1", "CommunityPrev": "C1", "CommunityFinal": "C4", "Transition": "ingresso" }, "geometry": { "type": "Polygon", "coordinates": [ [ [ 9.217046963395253, 45.436591817308809 ], [ 9.21727189343455, 45.436318882629429 ], [ 9.217609059607115, 45.435875433908443 ], [ 9.217757800561499, 45.435722313023291 ], [ 9.218359026234461, 45.43519505456873 ], [ 9.219224742410033, 45.434432538644522 ], [ 9.220145075490263, 45.433699523990519 ], [ 9.221164094482866, 45.432970497269061 ], [ 9.222019776100199, 45.432422520331585 ], [ 9.222975852964362, 45.431970337465913 ], [ 9.223599427141934, 45.43175142880245 ], [ 9.224125649632962, 45.431694952523529 ], [ 9.223400586171808, 45.431138123778247 ], [ 9.224326586236794, 45.43060484388733 ], [ 9.222174911044782, 45.429844131435388 ], [ 9.221947384487638, 45.43009403973528 ], [ 9.221171719716684, 45.430221869579363 ], [ 9.22098101622877, 45.430389784285467 ], [ 9.220243526689872, 45.43103912916829 ], [ 9.219467134117149, 45.431722707291939 ], [ 9.218656071856588, 45.432307934030575 ], [ 9.217334666927032, 45.431598242347896 ], [ 9.217107249753465, 45.431868076676103 ], [ 9.2153105233732, 45.432324765827971 ], [ 9.21525457869066, 45.432465638115445 ], [ 9.215038830915413, 45.433008904948153 ], [ 9.214845080904794, 45.433496770511027 ], [ 9.214299858040915, 45.433471330164494 ], [ 9.211778478352272, 45.432708504006683 ], [ 9.210292633112852, 45.432433380790634 ], [ 9.208709487751845, 45.432121490257202 ], [ 9.208562254732744, 45.432092482637479 ], [ 9.20825316818166, 45.432588690153004 ], [ 9.20804355445668, 45.432845557142642 ], [ 9.207698614826363, 45.433067069969333 ], [ 9.207752385943371, 45.433122959010596 ], [ 9.206951453533534, 45.433387692068052 ], [ 9.206800135905414, 45.433540686591833 ], [ 9.206361804903574, 45.433668511153869 ], [ 9.206264073527887, 45.433696589724079 ], [ 9.206261220443162, 45.433733567475024 ], [ 9.206040027127681, 45.43660010792339 ], [ 9.20428999443949, 45.436421154408471 ], [ 9.200599773280164, 45.436078173049161 ], [ 9.200495153983633, 45.436718241174368 ], [ 9.200435181152438, 45.437040990342147 ], [ 9.200330361035538, 45.437643390191759 ], [ 9.20008468349778, 45.438819223564657 ], [ 9.200068136282722, 45.438894186014799 ], [ 9.199827823594303, 45.440090036919237 ], [ 9.199659845889895, 45.440933369712631 ], [ 9.199417109484074, 45.441517601784703 ], [ 9.198895536267113, 45.443387668264627 ], [ 9.198360950118646, 45.445264066003283 ], [ 9.198572977603936, 45.445271612382314 ], [ 9.204479305972763, 45.44548798860442 ], [ 9.204434924782879, 45.446637474567098 ], [ 9.204288340713836, 45.446803427692416 ], [ 9.20731598799213, 45.446928464348659 ], [ 9.210630163575409, 45.447056119697642 ], [ 9.21066706110625, 45.447035803408362 ], [ 9.211733855657783, 45.446387193131748 ], [ 9.212508094943997, 45.445899200604678 ], [ 9.212672704561914, 45.445791772497522 ], [ 9.212547469036441, 45.44568711885551 ], [ 9.212311983613565, 45.445498263783314 ], [ 9.211810080154356, 45.445089863147786 ], [ 9.211681536082947, 45.444985263285254 ], [ 9.211554018906828, 45.444881926046229 ], [ 9.211873571356881, 45.444250840312264 ], [ 9.212297997925512, 45.443388292947006 ], [ 9.21250571129603, 45.443028404923488 ], [ 9.212720026013551, 45.442605812457899 ], [ 9.213112523753288, 45.441844807424395 ], [ 9.213405257451981, 45.441418061703452 ], [ 9.213787783166293, 45.440916258744871 ], [ 9.214132956797934, 45.440445398710601 ], [ 9.214465931083952, 45.439979061115544 ], [ 9.214670586875034, 45.439730158069885 ], [ 9.215128677184397, 45.439083111259812 ], [ 9.215224645132261, 45.438968256567563 ], [ 9.215614320431172, 45.438490060241847 ], [ 9.216538639869574, 45.437264935001515 ], [ 9.21685070584269, 45.436857945274973 ], [ 9.217046963395253, 45.436591817308809 ] ] ] } },
{ "type": "Feature", "properties": { "MapCommunity": "C1", "CITY": "Milano", "COM_ASC2": "15146037", "DEN_ASC2": "Morivione", "is_member": 0, "is_incoming": 0, "CommunityInitial": "C1", "CommunityPrev": "C1", "CommunityFinal": "C4", "Transition": "ingresso" }, "geometry": { "type": "Polygon", "coordinates": [ [ [ 9.200330361035538, 45.437643390191759 ], [ 9.200435181152438, 45.437040990342147 ], [ 9.200495153983633, 45.436718241174368 ], [ 9.200599773280164, 45.436078173049161 ], [ 9.200256038271036, 45.436057262333172 ], [ 9.199874210148428, 45.436074086524691 ], [ 9.199538517189101, 45.436176834780476 ], [ 9.198905914976905, 45.436559716583687 ], [ 9.198570839762892, 45.436839915788333 ], [ 9.198364991476151, 45.436947791419399 ], [ 9.198144944204405, 45.437346108981423 ], [ 9.197716689827251, 45.437196263091622 ], [ 9.197239295798873, 45.437198436816836 ], [ 9.195979162013327, 45.437211357784292 ], [ 9.195768019840013, 45.437209930404919 ], [ 9.194077246215338, 45.437198488397939 ], [ 9.19060989259318, 45.437258052730805 ], [ 9.189407082786666, 45.437285613455202 ], [ 9.187750164597386, 45.4373209279888 ], [ 9.187773531216507, 45.439203956744741 ], [ 9.187775048837885, 45.439662648941962 ], [ 9.187759514570626, 45.440145536538026 ], [ 9.187806048053305, 45.441880457866169 ], [ 9.187816047434268, 45.44254454031136 ], [ 9.187792936594475, 45.443114524290628 ], [ 9.187749090856839, 45.444153541224317 ], [ 9.187728561014564, 45.444640027234406 ], [ 9.187720287326071, 45.444738998487004 ], [ 9.188660356784849, 45.444914028503497 ], [ 9.189580211277335, 45.445016065506749 ], [ 9.189960504348583, 45.445038481336191 ], [ 9.190678578020762, 45.445080804020719 ], [ 9.192412610664679, 45.445117871554579 ], [ 9.192621836419761, 45.445123923294602 ], [ 9.193483529234799, 45.445145481280569 ], [ 9.194658080296668, 45.445174752359065 ], [ 9.196275575762677, 45.445214284802674 ], [ 9.198049397315073, 45.445256410096519 ], [ 9.198360950118646, 45.445264066003283 ], [ 9.198895536267113, 45.443387668264627 ], [ 9.199417109484074, 45.441517601784703 ], [ 9.199659845889895, 45.440933369712631 ], [ 9.199827823594303, 45.440090036919237 ], [ 9.200068136282722, 45.438894186014799 ], [ 9.20008468349778, 45.438819223564657 ], [ 9.200330361035538, 45.437643390191759 ] ] ] } },
{ "type": "Feature", "properties": { "MapCommunity": "C1", "CITY": "Milano", "COM_ASC2": "15146038", "DEN_ASC2": "Vigentino - Q.re Fatima", "is_member": 0, "is_incoming": 0, "CommunityInitial": "C1", "CommunityPrev": "C1", "CommunityFinal": "C4", "Transition": "ingresso" }, "geometry": { "type": "Polygon", "coordinates": [ [ [ 9.198144944204405, 45.437346108981423 ], [ 9.198364991476151, 45.436947791419399 ], [ 9.198570839762892, 45.436839915788333 ], [ 9.198905914976905, 45.436559716583687 ], [ 9.199538517189101, 45.436176834780476 ], [ 9.199874210148428, 45.436074086524691 ], [ 9.200256038271036, 45.436057262333172 ], [ 9.200599773280164, 45.436078173049161 ], [ 9.20428999443949, 45.436421154408471 ], [ 9.206040027127681, 45.43660010792339 ], [ 9.206261220443162, 45.433733567475024 ], [ 9.206264073527887, 45.433696589724079 ], [ 9.206361804903574, 45.433668511153869 ], [ 9.206800135905414, 45.433540686591833 ], [ 9.206951453533534, 45.433387692068052 ], [ 9.207752385943371, 45.433122959010596 ], [ 9.207698614826363, 45.433067069969333 ], [ 9.20804355445668, 45.432845557142642 ], [ 9.20825316818166, 45.432588690153004 ], [ 9.208562254732744, 45.432092482637479 ], [ 9.208809336513568, 45.431666050940024 ], [ 9.208970248690457, 45.431482275296887 ], [ 9.209541621667917, 45.431220918853683 ], [ 9.210391504856306, 45.429121074118974 ], [ 9.210880551413466, 45.427511143957055 ], [ 9.210993138893947, 45.427140494038028 ], [ 9.21145384527175, 45.42642185163335 ], [ 9.211975372965375, 45.425790754036903 ], [ 9.212433808554957, 45.425235989470174 ], [ 9.212344168712233, 45.425187791503994 ], [ 9.212075624114368, 45.425043399913214 ], [ 9.21161038897753, 45.424999856855727 ], [ 9.210945384048504, 45.424937611845728 ], [ 9.209518241417202, 45.424742942705699 ], [ 9.209442302066313, 45.424732583809181 ], [ 9.209506424753773, 45.424613602833873 ], [ 9.210121557482051, 45.423472176621821 ], [ 9.207610062436007, 45.422949792186465 ], [ 9.207433513502567, 45.423239137938367 ], [ 9.20692346924031, 45.423141049211189 ], [ 9.20686815508264, 45.423307669074205 ], [ 9.206559964386564, 45.42330094749579 ], [ 9.205343489513957, 45.422194737559977 ], [ 9.205157939205998, 45.422026383769577 ], [ 9.205991847295255, 45.419638066075436 ], [ 9.20570432939229, 45.419566665026977 ], [ 9.205650000302269, 45.419554704761524 ], [ 9.204845609562847, 45.419377613692198 ], [ 9.204733457438882, 45.41935291997099 ], [ 9.203753622623639, 45.420235426726649 ], [ 9.202076241719505, 45.421003988171677 ], [ 9.199097512513914, 45.422431473092168 ], [ 9.198484847910732, 45.42289874874519 ], [ 9.197736617263306, 45.423824050781072 ], [ 9.196502740695987, 45.426700762292306 ], [ 9.195991982286404, 45.427916199375822 ], [ 9.195123233872994, 45.42979179895508 ], [ 9.194791108207601, 45.430348000200873 ], [ 9.193990883659831, 45.431517475299913 ], [ 9.193134149435956, 45.432751800454675 ], [ 9.192571946455747, 45.433613115381014 ], [ 9.191523667528768, 45.43529253979375 ], [ 9.191219490058677, 45.435701696633181 ], [ 9.190488979362293, 45.436487988044803 ], [ 9.189940687091726, 45.436983598248965 ], [ 9.189407082786666, 45.437285613455202 ], [ 9.19060989259318, 45.437258052730805 ], [ 9.194077246215338, 45.437198488397939 ], [ 9.195768019840013, 45.437209930404919 ], [ 9.195979162013327, 45.437211357784292 ], [ 9.197239295798873, 45.437198436816836 ], [ 9.197716689827251, 45.437196263091622 ], [ 9.198144944204405, 45.437346108981423 ] ] ] } },
{ "type": "Feature", "properties": { "MapCommunity": "C1", "CITY": "Milano", "COM_ASC2": "15146039", "DEN_ASC2": "Quintosole", "is_member": 0, "is_incoming": 0, "CommunityInitial": "", "CommunityPrev": "", "CommunityFinal": "", "Transition": "" }, "geometry": { "type": "Polygon", "coordinates": [ [ [ 9.206449753686277, 45.412870122252869 ], [ 9.20663109929469, 45.412149177476557 ], [ 9.207009668194519, 45.410643294031175 ], [ 9.207506356186059, 45.408672398883184 ], [ 9.207590349899359, 45.408339092642279 ], [ 9.207724012521291, 45.407808675039426 ], [ 9.207831749975629, 45.407381133262895 ], [ 9.207918825330701, 45.406936196179217 ], [ 9.207943514698771, 45.406810035147352 ], [ 9.208558034392944, 45.404515972237128 ], [ 9.208821997656782, 45.403449218045139 ], [ 9.207087010711296, 45.403182550513186 ], [ 9.207050343322493, 45.403176914668556 ], [ 9.206895845105098, 45.403133781400712 ], [ 9.206364514641118, 45.402985439087395 ], [ 9.205605038225478, 45.402615655794186 ], [ 9.205273708434067, 45.40244833534144 ], [ 9.204921098886656, 45.402270249652204 ], [ 9.204785577509591, 45.402201803850808 ], [ 9.205241745355393, 45.401658263018483 ], [ 9.20546842024071, 45.401430488250988 ], [ 9.205846624643613, 45.400884430664483 ], [ 9.205990775917011, 45.400591950098487 ], [ 9.20598324748989, 45.400436153978788 ], [ 9.205920222561229, 45.400197647809421 ], [ 9.205953140436559, 45.399744696417947 ], [ 9.206021908607093, 45.399647181089264 ], [ 9.206187390835399, 45.399529999771438 ], [ 9.208738435186865, 45.400008081453791 ], [ 9.209440895867766, 45.400140048933295 ], [ 9.209650199417229, 45.400180113175303 ], [ 9.209825425082393, 45.399480695047558 ], [ 9.210086754326264, 45.398437446013233 ], [ 9.210095888713075, 45.398400977559078 ], [ 9.210249696083716, 45.397786945565109 ], [ 9.210343109753063, 45.397414010906715 ], [ 9.210375975978573, 45.39728279875289 ], [ 9.210438244504873, 45.397034202284807 ], [ 9.210482783573442, 45.396856389560142 ], [ 9.210383566382284, 45.396840684154874 ], [ 9.210145323346389, 45.396802684470202 ], [ 9.210017280259011, 45.396780423922408 ], [ 9.209948005222495, 45.39694838950863 ], [ 9.209935072767632, 45.396979744101721 ], [ 9.20983151897665, 45.397230825795766 ], [ 9.209780036946599, 45.397357076264349 ], [ 9.209688262644939, 45.39758213772663 ], [ 9.209450297767637, 45.397517434634317 ], [ 9.208077021141984, 45.397144021515494 ], [ 9.208840870563623, 45.396458536791222 ], [ 9.208903033957739, 45.396324069706928 ], [ 9.209111541513348, 45.395873041647107 ], [ 9.209132404647763, 45.395827915032136 ], [ 9.209133605338447, 45.395801171767815 ], [ 9.209140667848017, 45.395643884497069 ], [ 9.209144521464021, 45.395558080634281 ], [ 9.209155892888596, 45.395323800030212 ], [ 9.208976197583224, 45.395210075234559 ], [ 9.208808863563103, 45.395104616856486 ], [ 9.208776042499418, 45.395083932450049 ], [ 9.2086438828242, 45.395000710257996 ], [ 9.20839965839939, 45.394596097477674 ], [ 9.208320125541078, 45.393867149551937 ], [ 9.208432683183869, 45.393209848954427 ], [ 9.208488116032511, 45.39296374570516 ], [ 9.208495561508595, 45.39293071172446 ], [ 9.207726059191149, 45.392658041076388 ], [ 9.207459666289461, 45.392563644261443 ], [ 9.207420216738745, 45.392549593756435 ], [ 9.206704865732199, 45.392294860082153 ], [ 9.20627004500489, 45.392169628740945 ], [ 9.206078235097134, 45.392553595354393 ], [ 9.20595367384151, 45.392998314414491 ], [ 9.205600956181417, 45.393241256897866 ], [ 9.205523884438119, 45.393294348480502 ], [ 9.205495094955685, 45.393314178846786 ], [ 9.205028755667183, 45.393400258336825 ], [ 9.204841163467405, 45.393434887182352 ], [ 9.204805684945683, 45.393441440743402 ], [ 9.204348322388276, 45.39409934162655 ], [ 9.203737913078877, 45.394883535533573 ], [ 9.203700910074, 45.39525265673047 ], [ 9.203625417040962, 45.395522823194959 ], [ 9.203435395471983, 45.395973224158595 ], [ 9.203294839462131, 45.396111495856296 ], [ 9.203212289994207, 45.396194639242665 ], [ 9.202960651771265, 45.396410630894621 ], [ 9.202505634127613, 45.396726483106512 ], [ 9.20244293421424, 45.397059636933164 ], [ 9.202367441617636, 45.397383813872835 ], [ 9.202309398858551, 45.397448888966487 ], [ 9.202240370438199, 45.397523563563482 ], [ 9.202208357090717, 45.397559624535255 ], [ 9.201824484396294, 45.397562926438972 ], [ 9.201623608565521, 45.397564659296798 ], [ 9.201550603019847, 45.397565296714923 ], [ 9.201452520746907, 45.397576312707344 ], [ 9.201420033889081, 45.397667326319336 ], [ 9.203818878939867, 45.3982280275685 ], [ 9.20382034695835, 45.39826036030972 ], [ 9.203866792570311, 45.398812766228581 ], [ 9.204277397448909, 45.399655439655987 ], [ 9.204476716087461, 45.399762286642591 ], [ 9.20440738744422, 45.400441479189404 ], [ 9.20440424086622, 45.400467116904949 ], [ 9.202050899979648, 45.400172277427835 ], [ 9.201991519753726, 45.400163751110099 ], [ 9.200784513453359, 45.399990433171446 ], [ 9.199932730765861, 45.399823559868864 ], [ 9.19980861501227, 45.400098896222126 ], [ 9.198817752959974, 45.399876088833949 ], [ 9.198735145127017, 45.400567788529393 ], [ 9.198751788950174, 45.401672422531981 ], [ 9.20179201782234, 45.401592437049928 ], [ 9.201845188819531, 45.401591037015415 ], [ 9.201524645168236, 45.402213399628209 ], [ 9.201464507766675, 45.402314536204337 ], [ 9.201115341847753, 45.402901750324567 ], [ 9.200867491576425, 45.403318568112034 ], [ 9.20041411123775, 45.404081012158009 ], [ 9.200371693926293, 45.40435517759375 ], [ 9.20028481043016, 45.40491672225955 ], [ 9.200384837811345, 45.405393672614316 ], [ 9.200434792371352, 45.405631868807774 ], [ 9.20042584521086, 45.405977396149503 ], [ 9.200329120238951, 45.40971264699219 ], [ 9.200317077821442, 45.411309344510784 ], [ 9.201117378977345, 45.411613077869518 ], [ 9.204072268349639, 45.412827613195624 ], [ 9.204637699752336, 45.413062086629324 ], [ 9.204857273462881, 45.412793328150322 ], [ 9.206136228169461, 45.413042628133361 ], [ 9.206392377785853, 45.413092556512161 ], [ 9.206449753686277, 45.412870122252869 ] ] ] } },
{ "type": "Feature", "properties": { "MapCommunity": "C1", "CITY": "Milano", "COM_ASC2": "15146040", "DEN_ASC2": "Ronchetto delle Rane", "is_member": 0, "is_incoming": 0, "CommunityInitial": "", "CommunityPrev": "", "CommunityFinal": "", "Transition": "" }, "geometry": { "type": "Polygon", "coordinates": [ [ [ 9.183897418154574, 45.400828126358832 ], [ 9.184422679873665, 45.400037507764353 ], [ 9.184988263213842, 45.399277260130248 ], [ 9.185031999701435, 45.399163261688649 ], [ 9.18560008940455, 45.397682515080994 ], [ 9.185612073782876, 45.397651277304476 ], [ 9.185171995578946, 45.397669909569153 ], [ 9.184117562719484, 45.397714546687432 ], [ 9.183668249858208, 45.397733564297575 ], [ 9.183022408309398, 45.397760896466977 ], [ 9.182821518404621, 45.397848598282501 ], [ 9.182677546964834, 45.397911450657617 ], [ 9.18269833852146, 45.397982461046304 ], [ 9.182730642131903, 45.398092784183909 ], [ 9.182880529245066, 45.398356592856281 ], [ 9.182996589341666, 45.398689493664207 ], [ 9.182993078776393, 45.398908541336155 ], [ 9.182982871567644, 45.398970759345488 ], [ 9.182846845292186, 45.399799931681677 ], [ 9.182818181784482, 45.399846062391489 ], [ 9.182737220962064, 45.400018429016143 ], [ 9.182657370944405, 45.399994011104774 ], [ 9.182323611326927, 45.399891947586973 ], [ 9.181066034706486, 45.399746370892451 ], [ 9.181038880825087, 45.400044809552391 ], [ 9.180957289768815, 45.400023126905289 ], [ 9.180481017837563, 45.399897928930883 ], [ 9.179751788957168, 45.400835667074851 ], [ 9.179333017276301, 45.401374162468642 ], [ 9.179170612470259, 45.401430353163555 ], [ 9.17910487290815, 45.401453099014581 ], [ 9.178153362328846, 45.402287584568626 ], [ 9.178108396687266, 45.402326652785163 ], [ 9.178063049290854, 45.402400002994582 ], [ 9.177811861935108, 45.402809617259855 ], [ 9.181774675705023, 45.40391033651791 ], [ 9.18306214508754, 45.403648061231848 ], [ 9.18311732691574, 45.40312725810336 ], [ 9.183263620496724, 45.402796590628888 ], [ 9.183324753418422, 45.402696360376389 ], [ 9.183472346746205, 45.402454521561069 ], [ 9.183412636093015, 45.402138404807936 ], [ 9.183381354252464, 45.401973387554612 ], [ 9.183557106719666, 45.401456410401295 ], [ 9.183610179405251, 45.401300298499507 ], [ 9.183637910433545, 45.401218726512418 ], [ 9.183664199465349, 45.401179156867784 ], [ 9.183897418154574, 45.400828126358832 ] ] ] } },
{ "type": "Feature", "properties": { "MapCommunity": "C1", "CITY": "Milano", "COM_ASC2": "15146041", "DEN_ASC2": "Gratosoglio - Q.re Missaglia - Q.re Terrazze", "is_member": 0, "is_incoming": 0, "CommunityInitial": "C1", "CommunityPrev": "C4", "CommunityFinal": "C4", "Transition": "stabile" }, "geometry": { "type": "Polygon", "coordinates": [ [ [ 9.173129393956103, 45.422228257346426 ], [ 9.173286552318865, 45.422020895552976 ], [ 9.174019474390036, 45.422045616721995 ], [ 9.174828729384515, 45.422202938151123 ], [ 9.177077436238568, 45.422180218713429 ], [ 9.177137832095822, 45.42275380860633 ], [ 9.177923450062618, 45.422745209246564 ], [ 9.178287676970037, 45.422400711324627 ], [ 9.178517459229742, 45.422347966008928 ], [ 9.178917859003327, 45.42234643760974 ], [ 9.180534821793586, 45.422340252390939 ], [ 9.180633157472862, 45.422339875495361 ], [ 9.180648331804315, 45.422039878226805 ], [ 9.180658344162676, 45.421841941790696 ], [ 9.180677890160162, 45.421455538978563 ], [ 9.180409847670557, 45.421070264920637 ], [ 9.180502013942432, 45.421024172374899 ], [ 9.182274694314501, 45.420137631457578 ], [ 9.182212813824295, 45.419947470495011 ], [ 9.181690589362718, 45.41834261724366 ], [ 9.181922556941915, 45.418160967039199 ], [ 9.181672820069842, 45.417962529252868 ], [ 9.18182791375073, 45.417143588456064 ], [ 9.181936756684044, 45.415613319194179 ], [ 9.182146197219575, 45.415251718527443 ], [ 9.182165473191684, 45.415218437094595 ], [ 9.181982560973909, 45.414775255848909 ], [ 9.181963380374206, 45.414728783138685 ], [ 9.182010774935714, 45.414437436384397 ], [ 9.182232213047914, 45.413076162885837 ], [ 9.182323730378569, 45.412513550615877 ], [ 9.182385070506349, 45.412136445085295 ], [ 9.182419235340541, 45.411933736711774 ], [ 9.182436032379536, 45.411834274592366 ], [ 9.18252530945116, 45.411273302048187 ], [ 9.18256445455855, 45.410923365253922 ], [ 9.182583220140776, 45.410755609057048 ], [ 9.182655254441508, 45.4105660656016 ], [ 9.183513809311977, 45.408305823740847 ], [ 9.183031701931515, 45.408271820837008 ], [ 9.18207006543906, 45.408204702242273 ], [ 9.182076441886192, 45.408173201094606 ], [ 9.182257182031686, 45.407280261080082 ], [ 9.180050986446139, 45.407082893693172 ], [ 9.179991361624612, 45.406252589515169 ], [ 9.180027126682912, 45.405542705304384 ], [ 9.176207026058995, 45.406030795427547 ], [ 9.176170673025204, 45.4065665980551 ], [ 9.174979887132194, 45.406658345866248 ], [ 9.17529089725465, 45.405411576295172 ], [ 9.175263797989485, 45.404725102362974 ], [ 9.174831195631562, 45.403810440581793 ], [ 9.174448103211779, 45.402765410439741 ], [ 9.173988192373843, 45.400767817064207 ], [ 9.173598594831747, 45.400768111905137 ], [ 9.173058574277475, 45.400769270712992 ], [ 9.172445235576339, 45.400770583588141 ], [ 9.17051820873418, 45.400775851155544 ], [ 9.170766430984948, 45.402828469710123 ], [ 9.170712203089103, 45.402826631694332 ], [ 9.170009018331626, 45.402802799109637 ], [ 9.169120307589411, 45.402513349726462 ], [ 9.168370134206359, 45.402269013487619 ], [ 9.168178659114499, 45.402199702989996 ], [ 9.168042293075677, 45.402139055862946 ], [ 9.167684791737971, 45.401619960098806 ], [ 9.167466235955647, 45.401302611639274 ], [ 9.167324128392377, 45.401190975240411 ], [ 9.16716706797822, 45.401126106960561 ], [ 9.166879180043598, 45.401007204989433 ], [ 9.166616780485596, 45.400898829030737 ], [ 9.166540528806499, 45.400867335793535 ], [ 9.166604134009132, 45.400507291218368 ], [ 9.16635670698065, 45.40050512608142 ], [ 9.16555790324481, 45.400498132411272 ], [ 9.165455491704442, 45.400497404077534 ], [ 9.165252092043737, 45.400495957677066 ], [ 9.166362750263426, 45.402213858695511 ], [ 9.166286214791723, 45.402236887428352 ], [ 9.16610477758408, 45.402290876525541 ], [ 9.166058916369598, 45.402324540526187 ], [ 9.165976238794757, 45.402385227678693 ], [ 9.165723581790468, 45.402983705960864 ], [ 9.165601525370093, 45.403074065104953 ], [ 9.165355327547479, 45.403119522740255 ], [ 9.164786334108058, 45.403337934094232 ], [ 9.164685227051633, 45.403376744050895 ], [ 9.164369696097559, 45.403530739829499 ], [ 9.164257947837696, 45.403449474023709 ], [ 9.164173918536465, 45.403451895560124 ], [ 9.164105296812401, 45.403453879040036 ], [ 9.164057134955035, 45.403305732098559 ], [ 9.164232880228456, 45.403283230156127 ], [ 9.164138442580466, 45.403130411492839 ], [ 9.16405977830283, 45.403098546525193 ], [ 9.163679714910332, 45.403213478367356 ], [ 9.163041396433638, 45.403406502197164 ], [ 9.162915782159319, 45.403393576452451 ], [ 9.162630932335654, 45.403302590488352 ], [ 9.162365966028233, 45.403217952963665 ], [ 9.162328482319934, 45.403214405724157 ], [ 9.162251600277919, 45.403207129401515 ], [ 9.161585884829403, 45.403144124336492 ], [ 9.159987591939817, 45.402992838285734 ], [ 9.159239235160031, 45.402823484210288 ], [ 9.158837318300312, 45.402732527703002 ], [ 9.1585304625586, 45.402663083286647 ], [ 9.158148697044478, 45.402576683441495 ], [ 9.158115304757363, 45.402522503196806 ], [ 9.15813461496108, 45.402490649702052 ], [ 9.158569271144607, 45.401762842721311 ], [ 9.158583784960326, 45.401723053065048 ], [ 9.158435053152385, 45.401554646365064 ], [ 9.15719584745017, 45.401236968355697 ], [ 9.156826115808268, 45.401143179948988 ], [ 9.156456097812281, 45.401352588471461 ], [ 9.156278881794451, 45.401453732858876 ], [ 9.155866730879783, 45.401539911805216 ], [ 9.157264106734752, 45.402497498957977 ], [ 9.157704948538923, 45.402800861118514 ], [ 9.157782748681436, 45.402854226738128 ], [ 9.157839692584128, 45.402895932951651 ], [ 9.15796898631495, 45.402990630507432 ], [ 9.157939363857572, 45.403020077784106 ], [ 9.157295743431833, 45.403659863019492 ], [ 9.156875759934646, 45.404077334368289 ], [ 9.15706932193031, 45.404413188146286 ], [ 9.157534131084843, 45.405218416138545 ], [ 9.157557940261539, 45.405259571383866 ], [ 9.157672388397518, 45.405455937633363 ], [ 9.158309897316387, 45.406558562063751 ], [ 9.158473530638892, 45.406832201915741 ], [ 9.158662080411366, 45.407157955846365 ], [ 9.158764787728636, 45.407334814361867 ], [ 9.158778185969123, 45.407359797701204 ], [ 9.158869345205948, 45.407542367279873 ], [ 9.158936772583921, 45.407632589644642 ], [ 9.159165581722517, 45.408085920346117 ], [ 9.159113143064575, 45.408101737546744 ], [ 9.159029874540241, 45.40812688607334 ], [ 9.158995639325319, 45.408137206895432 ], [ 9.158914241224995, 45.408161789253775 ], [ 9.160817337688332, 45.411226485268109 ], [ 9.161387657335135, 45.412173337008369 ], [ 9.162521384879124, 45.414055462973558 ], [ 9.162770641457438, 45.414484432712797 ], [ 9.162786858139507, 45.414512341448166 ], [ 9.164517649500029, 45.417504294075698 ], [ 9.165078241533777, 45.418472683987424 ], [ 9.166289925027257, 45.420565672570866 ], [ 9.167311892661958, 45.42036768714916 ], [ 9.168821130482588, 45.420143011999308 ], [ 9.169448337514289, 45.420215218536356 ], [ 9.169502434284649, 45.420208265808704 ], [ 9.169654036333986, 45.420187781597647 ], [ 9.169731943669138, 45.420176024524736 ], [ 9.169741192467058, 45.42020972050917 ], [ 9.170111769056406, 45.421598257377738 ], [ 9.170208512179137, 45.421963720137271 ], [ 9.170224903344828, 45.422025637879578 ], [ 9.170286101500635, 45.422267192671811 ], [ 9.170607634270723, 45.423278790972439 ], [ 9.170742223968727, 45.423409537461914 ], [ 9.172811865610587, 45.423497731976582 ], [ 9.173180512223228, 45.42351343712275 ], [ 9.173343729092201, 45.42352039055212 ], [ 9.173344810232598, 45.423455985815387 ], [ 9.17333350826237, 45.423402593105493 ], [ 9.173094637625661, 45.422274116529458 ], [ 9.173129393956103, 45.422228257346426 ] ] ] } },
{ "type": "Feature", "properties": { "MapCommunity": "C1", "CITY": "Milano", "COM_ASC2": "15146042", "DEN_ASC2": "Stadera - Chiesa Rossa - Q.re Torretta - Conca Fallata", "is_member": 0, "is_incoming": 0, "CommunityInitial": "C1", "CommunityPrev": "C1", "CommunityFinal": "C4", "Transition": "ingresso" }, "geometry": { "type": "Polygon", "coordinates": [ [ [ 9.193729571189166, 45.427827520661715 ], [ 9.193853733038688, 45.425556653182667 ], [ 9.191060262950542, 45.42545630896263 ], [ 9.190797631680587, 45.425262414473053 ], [ 9.190093001189593, 45.425760941896264 ], [ 9.189169906202771, 45.425206879165671 ], [ 9.189076628588769, 45.425289499501261 ], [ 9.187906094839683, 45.426326266532975 ], [ 9.185836830161895, 45.425199108772958 ], [ 9.185304839138468, 45.425623603587304 ], [ 9.184482689354279, 45.426279608157991 ], [ 9.184427276983822, 45.426323822682349 ], [ 9.18422246185256, 45.426482569841667 ], [ 9.183408030303999, 45.426092244944783 ], [ 9.183357113901025, 45.42614777530877 ], [ 9.182583190888225, 45.426990305377061 ], [ 9.18177811333984, 45.42648939875734 ], [ 9.181515685318068, 45.426326174210999 ], [ 9.181316527159101, 45.426201321798182 ], [ 9.181038061179066, 45.426027529828538 ], [ 9.180870728217412, 45.425924673857239 ], [ 9.180809530676708, 45.42588489969242 ], [ 9.180478627316065, 45.425555892507511 ], [ 9.180631215622505, 45.425424966601987 ], [ 9.180695848497269, 45.425380175847884 ], [ 9.180686031780263, 45.425210036162248 ], [ 9.180643822490437, 45.423562206091816 ], [ 9.180633157472862, 45.422339875495361 ], [ 9.180534821793586, 45.422340252390939 ], [ 9.178917859003327, 45.42234643760974 ], [ 9.178517459229742, 45.422347966008928 ], [ 9.178287676970037, 45.422400711324627 ], [ 9.177923450062618, 45.422745209246564 ], [ 9.177137832095822, 45.42275380860633 ], [ 9.177077436238568, 45.422180218713429 ], [ 9.174828729384515, 45.422202938151123 ], [ 9.174019474390036, 45.422045616721995 ], [ 9.173286552318865, 45.422020895552976 ], [ 9.173129393956103, 45.422228257346426 ], [ 9.173094637625661, 45.422274116529458 ], [ 9.17333350826237, 45.423402593105493 ], [ 9.173344810232598, 45.423455985815387 ], [ 9.173343729092201, 45.42352039055212 ], [ 9.173180512223228, 45.42351343712275 ], [ 9.172811865610587, 45.423497731976582 ], [ 9.170742223968727, 45.423409537461914 ], [ 9.170607634270723, 45.423278790972439 ], [ 9.170286101500635, 45.422267192671811 ], [ 9.170224903344828, 45.422025637879578 ], [ 9.170208512179137, 45.421963720137271 ], [ 9.170111769056406, 45.421598257377738 ], [ 9.169741192467058, 45.42020972050917 ], [ 9.169731943669138, 45.420176024524736 ], [ 9.169654036333986, 45.420187781597647 ], [ 9.169502434284649, 45.420208265808704 ], [ 9.169448337514289, 45.420215218536356 ], [ 9.168821130482588, 45.420143011999308 ], [ 9.167311892661958, 45.42036768714916 ], [ 9.166289925027257, 45.420565672570866 ], [ 9.16691101540143, 45.421643594827962 ], [ 9.167505300018309, 45.422681902273453 ], [ 9.167329203535177, 45.422747795752429 ], [ 9.167102690292579, 45.422832553753466 ], [ 9.166870871184361, 45.422919296631939 ], [ 9.16582618887923, 45.423310189045708 ], [ 9.165425351466194, 45.423664581780166 ], [ 9.165089969841684, 45.423962034665813 ], [ 9.164868883989266, 45.424140049591941 ], [ 9.164796320774785, 45.424193036684933 ], [ 9.164681692204052, 45.424281964292923 ], [ 9.164140234038387, 45.424709141231411 ], [ 9.163459381553668, 45.425176551814339 ], [ 9.162699195294559, 45.425441186664187 ], [ 9.161433711273132, 45.425802579574068 ], [ 9.16112301013392, 45.425891339464805 ], [ 9.162265909900608, 45.427867696292623 ], [ 9.16287950154126, 45.428691413067916 ], [ 9.163518722840925, 45.429398076220004 ], [ 9.163991542543306, 45.429848039534868 ], [ 9.16558713558169, 45.431121508544507 ], [ 9.166246660788897, 45.431580822009629 ], [ 9.167600971557292, 45.43256793013947 ], [ 9.16864608557864, 45.433515782594945 ], [ 9.169397786545636, 45.434386111905937 ], [ 9.169947462828322, 45.43519710278732 ], [ 9.171104021509006, 45.437647087162475 ], [ 9.171521330272693, 45.437639758073438 ], [ 9.172802255897865, 45.437617252427799 ], [ 9.173571502925071, 45.437609897759174 ], [ 9.174653175634294, 45.437599556488493 ], [ 9.174805721377185, 45.437596523757001 ], [ 9.176621895402397, 45.437560519869152 ], [ 9.177346459074453, 45.437546123088822 ], [ 9.17778101833413, 45.437439596640338 ], [ 9.178247755679159, 45.437422352888362 ], [ 9.178650337307223, 45.437413580536763 ], [ 9.179992288342557, 45.437395186087834 ], [ 9.180793705222435, 45.437385911134335 ], [ 9.181652844221725, 45.43737568455979 ], [ 9.182108486107701, 45.437367264787504 ], [ 9.183443168422636, 45.43733569958065 ], [ 9.185540263174268, 45.437331552745846 ], [ 9.186437011912602, 45.437328385072384 ], [ 9.187750164597386, 45.4373209279888 ], [ 9.189407082786666, 45.437285613455202 ], [ 9.189940687091726, 45.436983598248965 ], [ 9.190488979362293, 45.436487988044803 ], [ 9.191219490058677, 45.435701696633181 ], [ 9.191523667528768, 45.43529253979375 ], [ 9.192571946455747, 45.433613115381014 ], [ 9.193134149435956, 45.432751800454675 ], [ 9.193990883659831, 45.431517475299913 ], [ 9.194791108207601, 45.430348000200873 ], [ 9.195123233872994, 45.42979179895508 ], [ 9.195991982286404, 45.427916199375822 ], [ 9.193729571189166, 45.427827520661715 ] ] ] } },
{ "type": "Feature", "properties": { "MapCommunity": "C1", "CITY": "Milano", "COM_ASC2": "15146043", "DEN_ASC2": "Tibaldi", "is_member": 0, "is_incoming": 0, "CommunityInitial": "C1", "CommunityPrev": "C1", "CommunityFinal": "C4", "Transition": "ingresso" }, "geometry": { "type": "Polygon", "coordinates": [ [ [ 9.187792936594475, 45.443114524290628 ], [ 9.187816047434268, 45.44254454031136 ], [ 9.187806048053305, 45.441880457866169 ], [ 9.187759514570626, 45.440145536538026 ], [ 9.187775048837885, 45.439662648941962 ], [ 9.187773531216507, 45.439203956744741 ], [ 9.187750164597386, 45.4373209279888 ], [ 9.186437011912602, 45.437328385072384 ], [ 9.185540263174268, 45.437331552745846 ], [ 9.183443168422636, 45.43733569958065 ], [ 9.182108486107701, 45.437367264787504 ], [ 9.181652844221725, 45.43737568455979 ], [ 9.180793705222435, 45.437385911134335 ], [ 9.179992288342557, 45.437395186087834 ], [ 9.178650337307223, 45.437413580536763 ], [ 9.178247755679159, 45.437422352888362 ], [ 9.17778101833413, 45.437439596640338 ], [ 9.177346459074453, 45.437546123088822 ], [ 9.176621895402397, 45.437560519869152 ], [ 9.174805721377185, 45.437596523757001 ], [ 9.174653175634294, 45.437599556488493 ], [ 9.173571502925071, 45.437609897759174 ], [ 9.172802255897865, 45.437617252427799 ], [ 9.171521330272693, 45.437639758073438 ], [ 9.171104021509006, 45.437647087162475 ], [ 9.171950846316424, 45.438928034092825 ], [ 9.172238878485008, 45.439487151851544 ], [ 9.172498278964474, 45.440362564017228 ], [ 9.172519133799003, 45.440723969724885 ], [ 9.172599979746321, 45.441887917148442 ], [ 9.172669261732938, 45.443008140298353 ], [ 9.17276101914501, 45.443004123828381 ], [ 9.17387092385904, 45.442957268005756 ], [ 9.17463662934248, 45.442923251731827 ], [ 9.175766355400807, 45.442873054536165 ], [ 9.17587143163559, 45.442868392187329 ], [ 9.175925635717256, 45.442866219532803 ], [ 9.176942128971621, 45.442825477914212 ], [ 9.177541273668512, 45.442801455588004 ], [ 9.178923461353627, 45.44272976981501 ], [ 9.179851650716024, 45.442737579791199 ], [ 9.18128812052448, 45.442907999336242 ], [ 9.181927166214995, 45.44307399657604 ], [ 9.182697540713129, 45.443274101934065 ], [ 9.182864953784328, 45.443322286743943 ], [ 9.183342187631135, 45.443469300267068 ], [ 9.183860235925161, 45.443631229544259 ], [ 9.184244711546503, 45.443749496423528 ], [ 9.184652205782745, 45.443873372166458 ], [ 9.184993220833899, 45.443978501072209 ], [ 9.185353012610403, 45.444090336807662 ], [ 9.185735822230926, 45.444208697675158 ], [ 9.186411085418902, 45.444416130843237 ], [ 9.187160706502661, 45.444626072858178 ], [ 9.187720287326071, 45.444738998487004 ], [ 9.187728561014564, 45.444640027234406 ], [ 9.187749090856839, 45.444153541224317 ], [ 9.187792936594475, 45.443114524290628 ] ] ] } },
{ "type": "Feature", "properties": { "MapCommunity": "C1", "CITY": "Milano", "COM_ASC2": "15146044", "DEN_ASC2": "Porta Ticinese - Conchetta", "is_member": 1, "is_incoming": 0, "CommunityInitial": "C12", "CommunityPrev": "C1", "CommunityFinal": "C1", "Transition": "stabile" }, "geometry": { "type": "Polygon", "coordinates": [ [ [ 9.171337504324848, 45.455858866148454 ], [ 9.171726927880576, 45.45557898112731 ], [ 9.172248447140628, 45.45595898562329 ], [ 9.172527576687918, 45.456162370571029 ], [ 9.172727874137905, 45.456308313154238 ], [ 9.173480477836934, 45.455827689196298 ], [ 9.174166897287096, 45.455351842699578 ], [ 9.174477116850957, 45.45512791880639 ], [ 9.174871184762226, 45.454846979895748 ], [ 9.175455657924102, 45.454415161587917 ], [ 9.175869652997571, 45.454129597970095 ], [ 9.1766479699185, 45.453444095335101 ], [ 9.177158480738894, 45.453039014445011 ], [ 9.177203760498337, 45.453003086087108 ], [ 9.177294573711123, 45.452931026395746 ], [ 9.178438957892967, 45.452985099644181 ], [ 9.178676510797878, 45.453005296970986 ], [ 9.178844711114987, 45.452587636787477 ], [ 9.178910813734873, 45.452423492493196 ], [ 9.178935055377099, 45.452363298523871 ], [ 9.178794870141466, 45.452347695706877 ], [ 9.178175751157514, 45.452278784006495 ], [ 9.178102860823854, 45.452270670573213 ], [ 9.177951803495247, 45.451631426573506 ], [ 9.177901523734503, 45.451441627904764 ], [ 9.17785831073062, 45.451241871863523 ], [ 9.177556035512227, 45.449928368236534 ], [ 9.177318618649267, 45.448904553436329 ], [ 9.177038237188041, 45.447775850345515 ], [ 9.17698053995187, 45.447481155228211 ], [ 9.176901443927338, 45.447151569375599 ], [ 9.176533558362118, 45.445572785158724 ], [ 9.176505740559737, 45.445448506862093 ], [ 9.176410646589559, 45.445056055525455 ], [ 9.176127000853159, 45.44388541326957 ], [ 9.176114564891686, 45.443859331591682 ], [ 9.176050117464253, 45.443660465155048 ], [ 9.176027642965108, 45.443560917433366 ], [ 9.176005287835938, 45.443461900593924 ], [ 9.175891621535442, 45.442957960209448 ], [ 9.17587143163559, 45.442868392187329 ], [ 9.175766355400807, 45.442873054536165 ], [ 9.17463662934248, 45.442923251731827 ], [ 9.17387092385904, 45.442957268005756 ], [ 9.17276101914501, 45.443004123828381 ], [ 9.172669261732938, 45.443008140298353 ], [ 9.172518818801372, 45.443015372370233 ], [ 9.172432170139331, 45.443019537555081 ], [ 9.171045746981397, 45.443088932315746 ], [ 9.169204416209105, 45.443181202740483 ], [ 9.16833024551147, 45.443224998105457 ], [ 9.167760803193875, 45.443253066359361 ], [ 9.167569093136303, 45.443261572178379 ], [ 9.167145696314767, 45.443283031253529 ], [ 9.166234257504355, 45.443331135286456 ], [ 9.165794111435011, 45.443354356362825 ], [ 9.165258568979755, 45.443382603265235 ], [ 9.164855454690816, 45.443406412529924 ], [ 9.16435918080075, 45.443437622046311 ], [ 9.163723874292556, 45.443547984821549 ], [ 9.163113012987376, 45.443698384411704 ], [ 9.162641539851782, 45.443819965652459 ], [ 9.162526717173758, 45.443854945824384 ], [ 9.161858908655111, 45.444092078103651 ], [ 9.161652992619876, 45.444165174307052 ], [ 9.161486676226209, 45.444250761868176 ], [ 9.160603434213108, 45.444705311476604 ], [ 9.159813768182136, 45.445269882100597 ], [ 9.159327326036859, 45.445717463338319 ], [ 9.159042999335925, 45.446035235455454 ], [ 9.158580582805381, 45.446522574395111 ], [ 9.158145340948829, 45.446881238264119 ], [ 9.157628357096295, 45.447201467359164 ], [ 9.157355482806627, 45.447372973876888 ], [ 9.156863773359392, 45.447594174657183 ], [ 9.156738157837863, 45.447636939060651 ], [ 9.156554381407515, 45.447699502023966 ], [ 9.156390182313181, 45.447755401290124 ], [ 9.156327224865414, 45.447772944433176 ], [ 9.156128168743082, 45.447831404161285 ], [ 9.155872835780157, 45.447893805474202 ], [ 9.155736862494605, 45.44792702541406 ], [ 9.154971158609493, 45.448062874460625 ], [ 9.154960503860432, 45.448192772894188 ], [ 9.154935628384957, 45.448422482615271 ], [ 9.154922574588781, 45.44854308963383 ], [ 9.156186602410061, 45.448760677531091 ], [ 9.1570428607832, 45.448927842486242 ], [ 9.157586852326935, 45.449044137014191 ], [ 9.159979011073142, 45.449532267358983 ], [ 9.160904019038778, 45.449720015238029 ], [ 9.161530426264717, 45.449847384959575 ], [ 9.162366136051492, 45.449960457034024 ], [ 9.162927483589717, 45.450030707025903 ], [ 9.163908294065026, 45.450145643638123 ], [ 9.164932836291113, 45.45025977689123 ], [ 9.165435358400689, 45.450315753342309 ], [ 9.165953765573986, 45.450433483441692 ], [ 9.166462065252064, 45.450556752661718 ], [ 9.16754303239418, 45.451024040098439 ], [ 9.16769368149582, 45.451133356602149 ], [ 9.168195300839471, 45.451497348246022 ], [ 9.168832715994419, 45.452132333654276 ], [ 9.169128347007385, 45.452762025225219 ], [ 9.169435233878989, 45.453647517249244 ], [ 9.169557951742167, 45.454118330627111 ], [ 9.169587260138773, 45.454489265628254 ], [ 9.169593122035085, 45.454843586777521 ], [ 9.16955388953887, 45.455176228833245 ], [ 9.169423428395085, 45.455586273462018 ], [ 9.169328230085283, 45.45588548420212 ], [ 9.169086071075204, 45.456296424816763 ], [ 9.168663370484042, 45.456788594747749 ], [ 9.168535743343757, 45.457029785874205 ], [ 9.168400602555394, 45.457153343989631 ], [ 9.16874486949747, 45.457550276881371 ], [ 9.169428036532528, 45.457099891314712 ], [ 9.170624580074021, 45.456334735193032 ], [ 9.171337504324848, 45.455858866148454 ] ] ] } },
{ "type": "Feature", "properties": { "MapCommunity": "C1", "CITY": "Milano", "COM_ASC2": "15146045", "DEN_ASC2": "Moncucco - San Cristoforo", "is_member": 0, "is_incoming": 0, "CommunityInitial": "C1", "CommunityPrev": "C1", "CommunityFinal": "C4", "Transition": "ingresso" }, "geometry": { "type": "Polygon", "coordinates": [ [ [ 9.154602560618882, 45.437076395219776 ], [ 9.154193919995061, 45.437067359461317 ], [ 9.154221031559105, 45.437751675069855 ], [ 9.152744588421957, 45.43887284533934 ], [ 9.151911153923642, 45.439588100150019 ], [ 9.15047243264666, 45.440672692324561 ], [ 9.150087489298684, 45.44093089767923 ], [ 9.149445072006865, 45.441424140520994 ], [ 9.148029400781622, 45.442533649816944 ], [ 9.14774847336542, 45.442800264424044 ], [ 9.145990477917778, 45.445691272439909 ], [ 9.145574106939913, 45.446356530544179 ], [ 9.14582787735935, 45.446414042393073 ], [ 9.146943371517896, 45.44666826371251 ], [ 9.147268693773118, 45.446744287611835 ], [ 9.148545441765652, 45.447048422053093 ], [ 9.149299342652323, 45.447228000924504 ], [ 9.150123533575631, 45.447424314736743 ], [ 9.152114912528358, 45.447898612468975 ], [ 9.152659411205198, 45.448028291217014 ], [ 9.152809748342516, 45.448064095071423 ], [ 9.153906753295241, 45.448122132007434 ], [ 9.153943925591527, 45.448124098188963 ], [ 9.154971158609493, 45.448062874460625 ], [ 9.155736862494605, 45.44792702541406 ], [ 9.155872835780157, 45.447893805474202 ], [ 9.156128168743082, 45.447831404161285 ], [ 9.156327224865414, 45.447772944433176 ], [ 9.156390182313181, 45.447755401290124 ], [ 9.156554381407515, 45.447699502023966 ], [ 9.156738157837863, 45.447636939060651 ], [ 9.156863773359392, 45.447594174657183 ], [ 9.157355482806627, 45.447372973876888 ], [ 9.157628357096295, 45.447201467359164 ], [ 9.158145340948829, 45.446881238264119 ], [ 9.158580582805381, 45.446522574395111 ], [ 9.159042999335925, 45.446035235455454 ], [ 9.159327326036859, 45.445717463338319 ], [ 9.159813768182136, 45.445269882100597 ], [ 9.160603434213108, 45.444705311476604 ], [ 9.161486676226209, 45.444250761868176 ], [ 9.161652992619876, 45.444165174307052 ], [ 9.161858908655111, 45.444092078103651 ], [ 9.162526717173758, 45.443854945824384 ], [ 9.162641539851782, 45.443819965652459 ], [ 9.163113012987376, 45.443698384411704 ], [ 9.163723874292556, 45.443547984821549 ], [ 9.16435918080075, 45.443437622046311 ], [ 9.164855454690816, 45.443406412529924 ], [ 9.165258568979755, 45.443382603265235 ], [ 9.165794111435011, 45.443354356362825 ], [ 9.166234257504355, 45.443331135286456 ], [ 9.167145696314767, 45.443283031253529 ], [ 9.167569093136303, 45.443261572178379 ], [ 9.167760803193875, 45.443253066359361 ], [ 9.16833024551147, 45.443224998105457 ], [ 9.169204416209105, 45.443181202740483 ], [ 9.171045746981397, 45.443088932315746 ], [ 9.172432170139331, 45.443019537555081 ], [ 9.172518818801372, 45.443015372370233 ], [ 9.172669261732938, 45.443008140298353 ], [ 9.172599979746321, 45.441887917148442 ], [ 9.172519133799003, 45.440723969724885 ], [ 9.172498278964474, 45.440362564017228 ], [ 9.172238878485008, 45.439487151851544 ], [ 9.171950846316424, 45.438928034092825 ], [ 9.171104021509006, 45.437647087162475 ], [ 9.170594808184761, 45.437633962597729 ], [ 9.170341800796146, 45.437628152732813 ], [ 9.169206885931734, 45.437598177721661 ], [ 9.166316120752327, 45.437508677285699 ], [ 9.164971914286825, 45.437435599489191 ], [ 9.162704711145372, 45.437352030014765 ], [ 9.161763396871853, 45.437330186077745 ], [ 9.160722652866578, 45.437300238200244 ], [ 9.160584496274852, 45.437295705963095 ], [ 9.159655690730389, 45.437266671988404 ], [ 9.15913866388189, 45.437247184804747 ], [ 9.158435919971458, 45.437223946579628 ], [ 9.157180202825272, 45.437173201508941 ], [ 9.156294861302943, 45.437139939820213 ], [ 9.155477544154687, 45.437109279069155 ], [ 9.155116898967599, 45.437095726562326 ], [ 9.154602560618882, 45.437076395219776 ] ] ] } },
{ "type": "Feature", "properties": { "MapCommunity": "C1", "CITY": "Milano", "COM_ASC2": "15146046", "DEN_ASC2": "Barona", "is_member": 0, "is_incoming": 0, "CommunityInitial": "C1", "CommunityPrev": "C1", "CommunityFinal": "C4", "Transition": "ingresso" }, "geometry": { "type": "Polygon", "coordinates": [ [ [ 9.162265909900608, 45.427867696292623 ], [ 9.16112301013392, 45.425891339464805 ], [ 9.160716504973129, 45.42600854138874 ], [ 9.16055554172514, 45.426054970286522 ], [ 9.16012024802394, 45.426244018042212 ], [ 9.159871917562997, 45.426472809574243 ], [ 9.159710709548927, 45.426764976307261 ], [ 9.159885515446922, 45.427084293298904 ], [ 9.159840020184355, 45.427224323731096 ], [ 9.159132421524735, 45.427619264966907 ], [ 9.158888245905867, 45.427755566969239 ], [ 9.158763072650077, 45.427243084675226 ], [ 9.158680611966036, 45.426645481936937 ], [ 9.158614537370672, 45.426394002204638 ], [ 9.158009059142442, 45.42492193921516 ], [ 9.157091506907452, 45.423407336552465 ], [ 9.156811799525041, 45.423553465644417 ], [ 9.156376556040145, 45.42377818192994 ], [ 9.155869519173436, 45.424025855029775 ], [ 9.156173579545996, 45.424505167946805 ], [ 9.156297803406423, 45.424700991370543 ], [ 9.15476250190264, 45.425176443455825 ], [ 9.154658741014721, 45.425208575352485 ], [ 9.154263720299886, 45.425330900094664 ], [ 9.154014694903326, 45.425417602273193 ], [ 9.153654544814358, 45.425563682597165 ], [ 9.15360890902881, 45.425582192947083 ], [ 9.153208357320585, 45.425744658059301 ], [ 9.152800095091434, 45.425917034355734 ], [ 9.150805062349736, 45.427828268849723 ], [ 9.151111388674702, 45.428300421534033 ], [ 9.150605482890636, 45.428513693800909 ], [ 9.150006647809443, 45.428803099642913 ], [ 9.149878015205458, 45.428936844327943 ], [ 9.149869352370832, 45.429030797224257 ], [ 9.14986378260279, 45.429091208309266 ], [ 9.149924300485832, 45.429230758055958 ], [ 9.149092697113925, 45.429375700881764 ], [ 9.147308519772981, 45.429711750508588 ], [ 9.145056357726379, 45.43015491436347 ], [ 9.143463261499102, 45.430460212548049 ], [ 9.140705390269693, 45.430986957478183 ], [ 9.140891668497247, 45.43121350073249 ], [ 9.141529298876646, 45.432034162415931 ], [ 9.141337780471819, 45.432516586252689 ], [ 9.141685175332912, 45.432587355702545 ], [ 9.141971101112576, 45.432589431917712 ], [ 9.142162333826469, 45.433071744376008 ], [ 9.142499252306026, 45.433494553038855 ], [ 9.142973791570428, 45.43382899614587 ], [ 9.143215877682822, 45.433999609332346 ], [ 9.14348956722983, 45.434184028012673 ], [ 9.144354566696476, 45.43476687105538 ], [ 9.145618358214653, 45.43564741981325 ], [ 9.146710452697135, 45.436788576375527 ], [ 9.147193983727188, 45.436811583453526 ], [ 9.148515411601554, 45.436890750890591 ], [ 9.148855276159928, 45.436903766243063 ], [ 9.149444699971186, 45.436938643297815 ], [ 9.150626918590163, 45.436975662544455 ], [ 9.151307038672869, 45.437003659426658 ], [ 9.152302130469909, 45.437034474072405 ], [ 9.152833691196356, 45.437043475514905 ], [ 9.153570864615888, 45.437055955348086 ], [ 9.154193919995061, 45.437067359461317 ], [ 9.154602560618882, 45.437076395219776 ], [ 9.155116898967599, 45.437095726562326 ], [ 9.155477544154687, 45.437109279069155 ], [ 9.156294861302943, 45.437139939820213 ], [ 9.157180202825272, 45.437173201508941 ], [ 9.158435919971458, 45.437223946579628 ], [ 9.15913866388189, 45.437247184804747 ], [ 9.159655690730389, 45.437266671988404 ], [ 9.160584496274852, 45.437295705963095 ], [ 9.160722652866578, 45.437300238200244 ], [ 9.161763396871853, 45.437330186077745 ], [ 9.162704711145372, 45.437352030014765 ], [ 9.164971914286825, 45.437435599489191 ], [ 9.166316120752327, 45.437508677285699 ], [ 9.169206885931734, 45.437598177721661 ], [ 9.170341800796146, 45.437628152732813 ], [ 9.170594808184761, 45.437633962597729 ], [ 9.171104021509006, 45.437647087162475 ], [ 9.169947462828322, 45.43519710278732 ], [ 9.169397786545636, 45.434386111905937 ], [ 9.16864608557864, 45.433515782594945 ], [ 9.167600971557292, 45.43256793013947 ], [ 9.166246660788897, 45.431580822009629 ], [ 9.16558713558169, 45.431121508544507 ], [ 9.163991542543306, 45.429848039534868 ], [ 9.163518722840925, 45.429398076220004 ], [ 9.16287950154126, 45.428691413067916 ], [ 9.162265909900608, 45.427867696292623 ] ] ] } },
{ "type": "Feature", "properties": { "MapCommunity": "C1", "CITY": "Milano", "COM_ASC2": "15146047", "DEN_ASC2": "Cantalupa", "is_member": 0, "is_incoming": 0, "CommunityInitial": "C1", "CommunityPrev": "C1", "CommunityFinal": "C4", "Transition": "ingresso" }, "geometry": { "type": "Polygon", "coordinates": [ [ [ 9.165425351466194, 45.423664581780166 ], [ 9.16582618887923, 45.423310189045708 ], [ 9.166870871184361, 45.422919296631939 ], [ 9.167102690292579, 45.422832553753466 ], [ 9.167329203535177, 45.422747795752429 ], [ 9.167505300018309, 45.422681902273453 ], [ 9.16691101540143, 45.421643594827962 ], [ 9.165323976322789, 45.421974933126997 ], [ 9.165201477395332, 45.420332860003128 ], [ 9.162826486972566, 45.42030890099889 ], [ 9.159798842377773, 45.419659012700926 ], [ 9.159728195112663, 45.419534401710088 ], [ 9.160178830119211, 45.418662330375582 ], [ 9.159045205429489, 45.418363230793844 ], [ 9.15910305737715, 45.417252369671637 ], [ 9.15877180128305, 45.417191442856954 ], [ 9.158734585755061, 45.417200616464726 ], [ 9.157569969754077, 45.417487905776646 ], [ 9.157124593926195, 45.417089393214184 ], [ 9.155792270421518, 45.417416468147991 ], [ 9.154712845151829, 45.417551565399449 ], [ 9.154450742800401, 45.417583997021268 ], [ 9.154334014805089, 45.417428794735542 ], [ 9.153863387218701, 45.417478062598811 ], [ 9.153750416948599, 45.417489887559967 ], [ 9.153596647560645, 45.417307236401022 ], [ 9.153304214955716, 45.416959871599978 ], [ 9.153254394951491, 45.41693910682082 ], [ 9.152635181938043, 45.416670550498822 ], [ 9.152356127665167, 45.416546728055813 ], [ 9.151135464308719, 45.417729649005103 ], [ 9.152087379393432, 45.418449555223354 ], [ 9.151347579968219, 45.418907703994343 ], [ 9.151094028099212, 45.419064835393506 ], [ 9.150531421969657, 45.419168999138257 ], [ 9.150387046249705, 45.41938161463996 ], [ 9.149790445065966, 45.419585551680342 ], [ 9.148332426303609, 45.420590756705188 ], [ 9.147813626874393, 45.42088625836292 ], [ 9.149045331656023, 45.421643723331108 ], [ 9.150249045242523, 45.423572927994556 ], [ 9.150154394812153, 45.423959964277039 ], [ 9.151018947355583, 45.424473329098703 ], [ 9.151433082857526, 45.424133440663745 ], [ 9.153421302126597, 45.425195126518588 ], [ 9.153473822340189, 45.4252152511784 ], [ 9.153963040489586, 45.425398235501518 ], [ 9.154014694903326, 45.425417602273193 ], [ 9.154263720299886, 45.425330900094664 ], [ 9.154658741014721, 45.425208575352485 ], [ 9.15476250190264, 45.425176443455825 ], [ 9.156297803406423, 45.424700991370543 ], [ 9.156173579545996, 45.424505167946805 ], [ 9.155869519173436, 45.424025855029775 ], [ 9.156376556040145, 45.42377818192994 ], [ 9.156811799525041, 45.423553465644417 ], [ 9.157091506907452, 45.423407336552465 ], [ 9.158009059142442, 45.42492193921516 ], [ 9.158614537370672, 45.426394002204638 ], [ 9.158680611966036, 45.426645481936937 ], [ 9.158763072650077, 45.427243084675226 ], [ 9.158888245905867, 45.427755566969239 ], [ 9.159132421524735, 45.427619264966907 ], [ 9.159840020184355, 45.427224323731096 ], [ 9.159885515446922, 45.427084293298904 ], [ 9.159710709548927, 45.426764976307261 ], [ 9.159871917562997, 45.426472809574243 ], [ 9.16012024802394, 45.426244018042212 ], [ 9.16055554172514, 45.426054970286522 ], [ 9.160716504973129, 45.42600854138874 ], [ 9.16112301013392, 45.425891339464805 ], [ 9.161433711273132, 45.425802579574068 ], [ 9.162699195294559, 45.425441186664187 ], [ 9.163459381553668, 45.425176551814339 ], [ 9.164140234038387, 45.424709141231411 ], [ 9.164681692204052, 45.424281964292923 ], [ 9.164796320774785, 45.424193036684933 ], [ 9.164868883989266, 45.424140049591941 ], [ 9.165089969841684, 45.423962034665813 ], [ 9.165425351466194, 45.423664581780166 ] ] ] } },
{ "type": "Feature", "properties": { "MapCommunity": "C1", "CITY": "Milano", "COM_ASC2": "15146048", "DEN_ASC2": "Ronchetto sul Naviglio - Q.re Lodovico il Moro", "is_member": 0, "is_incoming": 0, "CommunityInitial": "C1", "CommunityPrev": "C1", "CommunityFinal": "C4", "Transition": "ingresso" }, "geometry": { "type": "Polygon", "coordinates": [ [ [ 9.154221031559105, 45.437751675069855 ], [ 9.154193919995061, 45.437067359461317 ], [ 9.153570864615888, 45.437055955348086 ], [ 9.152833691196356, 45.437043475514905 ], [ 9.152302130469909, 45.437034474072405 ], [ 9.151307038672869, 45.437003659426658 ], [ 9.150626918590163, 45.436975662544455 ], [ 9.149444699971186, 45.436938643297815 ], [ 9.148855276159928, 45.436903766243063 ], [ 9.148515411601554, 45.436890750890591 ], [ 9.147193983727188, 45.436811583453526 ], [ 9.146710452697135, 45.436788576375527 ], [ 9.145618358214653, 45.43564741981325 ], [ 9.144354566696476, 45.43476687105538 ], [ 9.14348956722983, 45.434184028012673 ], [ 9.143215877682822, 45.433999609332346 ], [ 9.142973791570428, 45.43382899614587 ], [ 9.142499252306026, 45.433494553038855 ], [ 9.142162333826469, 45.433071744376008 ], [ 9.141971101112576, 45.432589431917712 ], [ 9.141685175332912, 45.432587355702545 ], [ 9.141337780471819, 45.432516586252689 ], [ 9.141529298876646, 45.432034162415931 ], [ 9.140891668497247, 45.43121350073249 ], [ 9.140705390269693, 45.430986957478183 ], [ 9.140588855369367, 45.430813866600637 ], [ 9.140510043863729, 45.430710168411409 ], [ 9.140205187365845, 45.430278207764502 ], [ 9.140046379793713, 45.430053184191678 ], [ 9.140006449990178, 45.429987784175282 ], [ 9.139027940680165, 45.428385059549846 ], [ 9.139012446122198, 45.428359676882053 ], [ 9.138908543241335, 45.428484825237511 ], [ 9.138855354639762, 45.428548889689289 ], [ 9.137685815411839, 45.429473497766445 ], [ 9.136967360089191, 45.430008143587735 ], [ 9.137017145092264, 45.430202891560022 ], [ 9.136978511686459, 45.430256633931236 ], [ 9.136364835140496, 45.431112203007288 ], [ 9.135810258080735, 45.431881734726751 ], [ 9.135655542855634, 45.432096943882641 ], [ 9.13482692985794, 45.43241507475377 ], [ 9.133947682303846, 45.432841858073665 ], [ 9.13267878331108, 45.433581692870241 ], [ 9.131830246321529, 45.434062294750134 ], [ 9.131455722176327, 45.434310614236523 ], [ 9.131088953092647, 45.434596684684308 ], [ 9.130410112902275, 45.435637577360239 ], [ 9.130325674687491, 45.435738670319573 ], [ 9.130135287888274, 45.435966608790743 ], [ 9.129737772116458, 45.436204193174184 ], [ 9.129263646905372, 45.436404147703684 ], [ 9.126792780053936, 45.437166779883555 ], [ 9.126575880934615, 45.437287035710916 ], [ 9.126500050621997, 45.437329077172571 ], [ 9.126434978692762, 45.437365154158968 ], [ 9.126373719680389, 45.437329217008802 ], [ 9.124073448199972, 45.435979726970722 ], [ 9.123478911974898, 45.435552818730564 ], [ 9.12372777758287, 45.43499843229695 ], [ 9.123792261882089, 45.434845492588487 ], [ 9.124601357799255, 45.433399111794316 ], [ 9.12570190009637, 45.431431601561449 ], [ 9.125672259836598, 45.431282362035866 ], [ 9.125615887423223, 45.430998530178499 ], [ 9.125460205517721, 45.431131957511411 ], [ 9.12455757949645, 45.431905532055801 ], [ 9.121567661323704, 45.43447058499406 ], [ 9.121497538758174, 45.434530743777032 ], [ 9.121426746385012, 45.434564201951503 ], [ 9.121304999942184, 45.434622854667161 ], [ 9.121260089381014, 45.434644484624101 ], [ 9.121225290064075, 45.434704181775622 ], [ 9.121243465070073, 45.434738783051884 ], [ 9.121260185909852, 45.434768953658597 ], [ 9.121411921713973, 45.434867410953167 ], [ 9.121587197821796, 45.434928975715096 ], [ 9.121678157510969, 45.434960925067777 ], [ 9.121874018930137, 45.435029427216179 ], [ 9.121961155217667, 45.435060316475891 ], [ 9.122079302417729, 45.435109932011557 ], [ 9.122091111978333, 45.435136033782946 ], [ 9.122101605401829, 45.435163650968221 ], [ 9.122069671180499, 45.43527643821367 ], [ 9.121882114505365, 45.435594884471911 ], [ 9.12152765089056, 45.436200875299654 ], [ 9.121350739850492, 45.436500356303327 ], [ 9.121034736923201, 45.437027646441429 ], [ 9.120916975925974, 45.437226154790665 ], [ 9.120798373015541, 45.43743194770127 ], [ 9.120748299696043, 45.437511684977117 ], [ 9.120403985800186, 45.437375323274715 ], [ 9.120362343398121, 45.437418670303387 ], [ 9.120273387327236, 45.437515879227597 ], [ 9.12016467572542, 45.43763467672364 ], [ 9.120054046837978, 45.437757569890294 ], [ 9.119703888506802, 45.438146539559575 ], [ 9.119518484235392, 45.438352492005741 ], [ 9.118825056057524, 45.439001171917511 ], [ 9.118775006797499, 45.439055358283049 ], [ 9.118728237390929, 45.439104838073185 ], [ 9.118875318714268, 45.439147297833514 ], [ 9.119462293802492, 45.439322753158756 ], [ 9.120464927957086, 45.439624922854378 ], [ 9.12059582209856, 45.439664319944654 ], [ 9.121449246585877, 45.439921182198873 ], [ 9.123102343989121, 45.440403263855437 ], [ 9.12321458568686, 45.440434579633084 ], [ 9.123572144410671, 45.440530396725542 ], [ 9.124509668196252, 45.440778040320552 ], [ 9.124550394506064, 45.440788791995317 ], [ 9.124784783847593, 45.440853019188836 ], [ 9.126360452270498, 45.441284644882643 ], [ 9.127544320810225, 45.44160892605808 ], [ 9.127678859044947, 45.441645777103446 ], [ 9.128096886482604, 45.441760279066528 ], [ 9.131278265109769, 45.442631622376062 ], [ 9.132944527973885, 45.443087946751213 ], [ 9.134042777280197, 45.443434066461066 ], [ 9.134994604622994, 45.443734029325014 ], [ 9.136673499669559, 45.444195138648197 ], [ 9.13740763935847, 45.444395373131314 ], [ 9.137451007223886, 45.44440709365491 ], [ 9.1381550424277, 45.444597361889379 ], [ 9.138669948394572, 45.444735611535471 ], [ 9.139127358219596, 45.444851140504831 ], [ 9.14037366758294, 45.445153641014223 ], [ 9.141308669017818, 45.445372627458575 ], [ 9.142374805552945, 45.445618363721309 ], [ 9.144319111347757, 45.446063917245901 ], [ 9.145442929532537, 45.446325688439671 ], [ 9.145574106939913, 45.446356530544179 ], [ 9.145990477917778, 45.445691272439909 ], [ 9.14774847336542, 45.442800264424044 ], [ 9.148029400781622, 45.442533649816944 ], [ 9.149445072006865, 45.441424140520994 ], [ 9.150087489298684, 45.44093089767923 ], [ 9.15047243264666, 45.440672692324561 ], [ 9.151911153923642, 45.439588100150019 ], [ 9.152744588421957, 45.43887284533934 ], [ 9.154221031559105, 45.437751675069855 ] ] ] } },
{ "type": "Feature", "properties": { "MapCommunity": "C1", "CITY": "Milano", "COM_ASC2": "15146049", "DEN_ASC2": "Giambellino", "is_member": 0, "is_incoming": 0, "CommunityInitial": "C1", "CommunityPrev": "C1", "CommunityFinal": "C4", "Transition": "ingresso" }, "geometry": { "type": "Polygon", "coordinates": [ [ [ 9.152851399812823, 45.454915304450253 ], [ 9.153360343114821, 45.454004774752676 ], [ 9.153473679895674, 45.454036112360392 ], [ 9.153813412440638, 45.454130219394543 ], [ 9.154224949239852, 45.454245402934895 ], [ 9.154439403133455, 45.454305662515225 ], [ 9.155235509094672, 45.452780844196774 ], [ 9.154351998909146, 45.452521607640151 ], [ 9.154162633560293, 45.452466042356185 ], [ 9.155076905817509, 45.450917883382679 ], [ 9.155408772002502, 45.45032211003921 ], [ 9.155487696629509, 45.450189687474193 ], [ 9.155488441926968, 45.450035997912728 ], [ 9.155488584530625, 45.449999000923668 ], [ 9.156144071453962, 45.448836133473179 ], [ 9.156186602410061, 45.448760677531091 ], [ 9.154922574588781, 45.44854308963383 ], [ 9.154935628384957, 45.448422482615271 ], [ 9.154960503860432, 45.448192772894188 ], [ 9.154971158609493, 45.448062874460625 ], [ 9.153943925591527, 45.448124098188963 ], [ 9.153906753295241, 45.448122132007434 ], [ 9.152809748342516, 45.448064095071423 ], [ 9.152659411205198, 45.448028291217014 ], [ 9.152114912528358, 45.447898612468975 ], [ 9.150123533575631, 45.447424314736743 ], [ 9.149299342652323, 45.447228000924504 ], [ 9.148545441765652, 45.447048422053093 ], [ 9.147268693773118, 45.446744287611835 ], [ 9.146943371517896, 45.44666826371251 ], [ 9.14582787735935, 45.446414042393073 ], [ 9.145574106939913, 45.446356530544179 ], [ 9.145442929532537, 45.446325688439671 ], [ 9.144319111347757, 45.446063917245901 ], [ 9.142374805552945, 45.445618363721309 ], [ 9.141308669017818, 45.445372627458575 ], [ 9.14037366758294, 45.445153641014223 ], [ 9.139127358219596, 45.444851140504831 ], [ 9.138669948394572, 45.444735611535471 ], [ 9.1381550424277, 45.444597361889379 ], [ 9.137451007223886, 45.44440709365491 ], [ 9.13740763935847, 45.444395373131314 ], [ 9.136673499669559, 45.444195138648197 ], [ 9.134994604622994, 45.443734029325014 ], [ 9.134042777280197, 45.443434066461066 ], [ 9.132944527973885, 45.443087946751213 ], [ 9.131278265109769, 45.442631622376062 ], [ 9.128096886482604, 45.441760279066528 ], [ 9.127678859044947, 45.441645777103446 ], [ 9.127544320810225, 45.44160892605808 ], [ 9.126360452270498, 45.441284644882643 ], [ 9.124784783847593, 45.440853019188836 ], [ 9.124550394506064, 45.440788791995317 ], [ 9.124509668196252, 45.440778040320552 ], [ 9.123572144410671, 45.440530396725542 ], [ 9.12321458568686, 45.440434579633084 ], [ 9.123102343989121, 45.440403263855437 ], [ 9.121449246585877, 45.439921182198873 ], [ 9.12059582209856, 45.439664319944654 ], [ 9.120464927957086, 45.439624922854378 ], [ 9.119462293802492, 45.439322753158756 ], [ 9.118875318714268, 45.439147297833514 ], [ 9.118728237390929, 45.439104838073185 ], [ 9.11868202332646, 45.439154563000365 ], [ 9.118632603113495, 45.439207038414359 ], [ 9.118606778072518, 45.439234513590087 ], [ 9.118064761629153, 45.439809971173148 ], [ 9.118028813703122, 45.439848684813654 ], [ 9.117910903877398, 45.439974399864845 ], [ 9.117854058095602, 45.440046898636318 ], [ 9.117815594699147, 45.440097832173976 ], [ 9.117642910300775, 45.440321925666481 ], [ 9.117560970377321, 45.440426819453805 ], [ 9.1175001953438, 45.440505893885373 ], [ 9.117451843294509, 45.440568954923933 ], [ 9.117405024831571, 45.440594091283209 ], [ 9.11730584769078, 45.440644462346313 ], [ 9.117170763082378, 45.440722228499432 ], [ 9.116983111795625, 45.440823884495494 ], [ 9.116715069675697, 45.440970251347863 ], [ 9.116516729030735, 45.441294497186092 ], [ 9.116488728187326, 45.44133930595828 ], [ 9.116424976290784, 45.441443121817592 ], [ 9.116392493426224, 45.441497152391257 ], [ 9.116189431071472, 45.441904353258408 ], [ 9.116165839813029, 45.44195417384541 ], [ 9.116096380867413, 45.442092090163854 ], [ 9.11590770622713, 45.442488940654485 ], [ 9.115881274255667, 45.442536743284641 ], [ 9.115794506465621, 45.442706873451286 ], [ 9.115772053001459, 45.44275253963059 ], [ 9.115689909744477, 45.442916515386287 ], [ 9.115658343184519, 45.44298169102747 ], [ 9.115620168297198, 45.443059999836329 ], [ 9.115558907901244, 45.443163341894738 ], [ 9.11554430079187, 45.443196201244412 ], [ 9.115518367788205, 45.443250718194314 ], [ 9.116494747569174, 45.443697545661081 ], [ 9.117046477728575, 45.443923563173875 ], [ 9.118846962401339, 45.444598742822365 ], [ 9.121339497600784, 45.445226711052577 ], [ 9.122296443415699, 45.44547330243487 ], [ 9.123073270693352, 45.445674307887074 ], [ 9.124243689126667, 45.445972787806404 ], [ 9.125980076280477, 45.446532623347039 ], [ 9.127766026268539, 45.447120911777944 ], [ 9.128407867381934, 45.447311460768411 ], [ 9.12904435941531, 45.44751977249458 ], [ 9.129092338608865, 45.447535702646036 ], [ 9.129622666246313, 45.44771303996378 ], [ 9.130152884631981, 45.447883129857615 ], [ 9.13197280328032, 45.448489267496306 ], [ 9.133178487597435, 45.448856659705775 ], [ 9.135679330418428, 45.449670346509606 ], [ 9.13575337245779, 45.449694436703254 ], [ 9.136144157184843, 45.449817947146173 ], [ 9.136551075584634, 45.449946519950089 ], [ 9.137267322881941, 45.450199410227022 ], [ 9.137697022851901, 45.450333245175386 ], [ 9.138997611854421, 45.450760440991473 ], [ 9.139161388243599, 45.450812823072866 ], [ 9.139485014854381, 45.450928085839266 ], [ 9.141551292534755, 45.451561666007962 ], [ 9.144480029367267, 45.452525063244238 ], [ 9.144694070881004, 45.452585707109286 ], [ 9.145233891467907, 45.452770251648872 ], [ 9.146106060875027, 45.453058749748784 ], [ 9.146969929395983, 45.453347972852555 ], [ 9.14746526606681, 45.453504089622605 ], [ 9.148848145041674, 45.453946951215613 ], [ 9.149280459438872, 45.454085409823278 ], [ 9.149629900027138, 45.454199807135844 ], [ 9.150177069519865, 45.454388427688073 ], [ 9.152687645841191, 45.45520544424317 ], [ 9.152851399812823, 45.454915304450253 ] ] ] } },
{ "type": "Feature", "properties": { "MapCommunity": "C1", "CITY": "Milano", "COM_ASC2": "15146050", "DEN_ASC2": "Porta Genova", "is_member": 1, "is_incoming": 0, "CommunityInitial": "C12", "CommunityPrev": "C1", "CommunityFinal": "C1", "Transition": "stabile" }, "geometry": { "type": "Polygon", "coordinates": [ [ [ 9.169587260138773, 45.454489265628254 ], [ 9.169557951742167, 45.454118330627111 ], [ 9.169435233878989, 45.453647517249244 ], [ 9.169128347007385, 45.452762025225219 ], [ 9.168832715994419, 45.452132333654276 ], [ 9.168195300839471, 45.451497348246022 ], [ 9.16769368149582, 45.451133356602149 ], [ 9.16754303239418, 45.451024040098439 ], [ 9.166462065252064, 45.450556752661718 ], [ 9.165953765573986, 45.450433483441692 ], [ 9.165435358400689, 45.450315753342309 ], [ 9.164932836291113, 45.45025977689123 ], [ 9.163908294065026, 45.450145643638123 ], [ 9.162927483589717, 45.450030707025903 ], [ 9.162366136051492, 45.449960457034024 ], [ 9.161530426264717, 45.449847384959575 ], [ 9.160904019038778, 45.449720015238029 ], [ 9.159979011073142, 45.449532267358983 ], [ 9.157586852326935, 45.449044137014191 ], [ 9.1570428607832, 45.448927842486242 ], [ 9.156186602410061, 45.448760677531091 ], [ 9.156144071453962, 45.448836133473179 ], [ 9.155488584530625, 45.449999000923668 ], [ 9.155488441926968, 45.450035997912728 ], [ 9.155487696629509, 45.450189687474193 ], [ 9.155408772002502, 45.45032211003921 ], [ 9.155076905817509, 45.450917883382679 ], [ 9.154162633560293, 45.452466042356185 ], [ 9.154351998909146, 45.452521607640151 ], [ 9.155235509094672, 45.452780844196774 ], [ 9.154439403133455, 45.454305662515225 ], [ 9.154224949239852, 45.454245402934895 ], [ 9.153813412440638, 45.454130219394543 ], [ 9.153473679895674, 45.454036112360392 ], [ 9.153360343114821, 45.454004774752676 ], [ 9.152851399812823, 45.454915304450253 ], [ 9.152687645841191, 45.45520544424317 ], [ 9.152791998804378, 45.455238241023025 ], [ 9.152938297772494, 45.455284244832036 ], [ 9.154590202898484, 45.455812591870874 ], [ 9.15524438794613, 45.456023950385251 ], [ 9.156443158214664, 45.456398426632326 ], [ 9.157163071411283, 45.456647084104084 ], [ 9.158200116337689, 45.456966588691351 ], [ 9.158979693846899, 45.457210426409191 ], [ 9.159660229672983, 45.457434954674554 ], [ 9.159954845838445, 45.457526578902133 ], [ 9.161074999617144, 45.457893150440029 ], [ 9.161483366877338, 45.45802219027879 ], [ 9.162457981548142, 45.458319194563529 ], [ 9.162583954910382, 45.458360825914134 ], [ 9.16437148487104, 45.458954185921137 ], [ 9.165794263804024, 45.459501016620791 ], [ 9.167065259636844, 45.45866292799645 ], [ 9.16736951961996, 45.458462525391838 ], [ 9.167428821428347, 45.458426074529434 ], [ 9.16874486949747, 45.457550276881371 ], [ 9.168400602555394, 45.457153343989631 ], [ 9.168535743343757, 45.457029785874205 ], [ 9.168663370484042, 45.456788594747749 ], [ 9.169086071075204, 45.456296424816763 ], [ 9.169328230085283, 45.45588548420212 ], [ 9.169423428395085, 45.455586273462018 ], [ 9.16955388953887, 45.455176228833245 ], [ 9.169593122035085, 45.454843586777521 ], [ 9.169587260138773, 45.454489265628254 ] ] ] } },
{ "type": "Feature", "properties": { "MapCommunity": "C1", "CITY": "Milano", "COM_ASC2": "15146051", "DEN_ASC2": "Porta Magenta", "is_member": 0, "is_incoming": 0, "CommunityInitial": "", "CommunityPrev": "", "CommunityFinal": "", "Transition": "" }, "geometry": { "type": "Polygon", "coordinates": [ [ [ 9.161901711234133, 45.466390752635618 ], [ 9.162349384084564, 45.466353978370037 ], [ 9.163048785244797, 45.466312299509497 ], [ 9.16486295364653, 45.466190572914357 ], [ 9.164746396838449, 45.465808691868951 ], [ 9.16458898212389, 45.465319668073114 ], [ 9.164051732010282, 45.463551198930389 ], [ 9.163599352649706, 45.461938520316863 ], [ 9.163416838415168, 45.461287854613062 ], [ 9.163718547948305, 45.460903124542163 ], [ 9.163797115174063, 45.460804406481557 ], [ 9.165595350478826, 45.45962380879353 ], [ 9.165794263804024, 45.459501016620791 ], [ 9.16437148487104, 45.458954185921137 ], [ 9.162583954910382, 45.458360825914134 ], [ 9.162457981548142, 45.458319194563529 ], [ 9.161483366877338, 45.45802219027879 ], [ 9.161074999617144, 45.457893150440029 ], [ 9.159954845838445, 45.457526578902133 ], [ 9.159660229672983, 45.457434954674554 ], [ 9.158979693846899, 45.457210426409191 ], [ 9.158200116337689, 45.456966588691351 ], [ 9.157163071411283, 45.456647084104084 ], [ 9.156443158214664, 45.456398426632326 ], [ 9.15524438794613, 45.456023950385251 ], [ 9.154590202898484, 45.455812591870874 ], [ 9.152938297772494, 45.455284244832036 ], [ 9.152791998804378, 45.455238241023025 ], [ 9.152687645841191, 45.45520544424317 ], [ 9.152244420202251, 45.455834997851689 ], [ 9.151481538250243, 45.457154840741978 ], [ 9.15125741271696, 45.457520399388002 ], [ 9.151118754664157, 45.457730352352243 ], [ 9.150787566087704, 45.458285296507576 ], [ 9.150672879202935, 45.458469068764813 ], [ 9.150360257293148, 45.459034525722828 ], [ 9.149748592881648, 45.460194072618705 ], [ 9.14935025788102, 45.460859450561408 ], [ 9.147618378455711, 45.46384484840781 ], [ 9.147040270103551, 45.464865106015139 ], [ 9.146678848388273, 45.465434433372053 ], [ 9.146394841809098, 45.465991914686143 ], [ 9.146235424767553, 45.466429076232366 ], [ 9.146125516202259, 45.466730571292509 ], [ 9.146076437283998, 45.466891851655326 ], [ 9.146058744852242, 45.466949989552518 ], [ 9.146608546434072, 45.466900936235817 ], [ 9.147910487991471, 45.46678160687194 ], [ 9.148590668250257, 45.466720958907409 ], [ 9.148627751727576, 45.466520502790587 ], [ 9.150047493960953, 45.46684804337383 ], [ 9.150652976596827, 45.466405613884113 ], [ 9.151669064141805, 45.466703555202209 ], [ 9.152834549628881, 45.46706474605071 ], [ 9.155199703759056, 45.466869032417456 ], [ 9.156969275080723, 45.466751947376977 ], [ 9.159158874324692, 45.466593881015491 ], [ 9.159313180618565, 45.466583360447828 ], [ 9.159882070066368, 45.466550298140113 ], [ 9.161132177547959, 45.466451547437693 ], [ 9.161470804292222, 45.466424795690088 ], [ 9.161901711234133, 45.466390752635618 ] ] ] } },
{ "type": "Feature", "properties": { "MapCommunity": "C1", "CITY": "Milano", "COM_ASC2": "15146052", "DEN_ASC2": "Bande Nere", "is_member": 0, "is_incoming": 0, "CommunityInitial": "C1", "CommunityPrev": "C1", "CommunityFinal": "C4", "Transition": "ingresso" }, "geometry": { "type": "Polygon", "coordinates": [ [ [ 9.13698448288558, 45.467372128158473 ], [ 9.138797625261347, 45.467369002387528 ], [ 9.140138164221559, 45.467370525058257 ], [ 9.140696671870016, 45.467373662203954 ], [ 9.141498289618383, 45.467359282756981 ], [ 9.14177102232499, 45.46735438908636 ], [ 9.143205660577964, 45.467206089878552 ], [ 9.14418556968538, 45.467121240642925 ], [ 9.14454283002207, 45.46708793659144 ], [ 9.145004331634141, 45.467049234347925 ], [ 9.145714795152223, 45.466981740363686 ], [ 9.145813076217616, 45.466972667767941 ], [ 9.146058744852242, 45.466949989552518 ], [ 9.146076437283998, 45.466891851655326 ], [ 9.146125516202259, 45.466730571292509 ], [ 9.146235424767553, 45.466429076232366 ], [ 9.146394841809098, 45.465991914686143 ], [ 9.146678848388273, 45.465434433372053 ], [ 9.147040270103551, 45.464865106015139 ], [ 9.147618378455711, 45.46384484840781 ], [ 9.14935025788102, 45.460859450561408 ], [ 9.149748592881648, 45.460194072618705 ], [ 9.150360257293148, 45.459034525722828 ], [ 9.150672879202935, 45.458469068764813 ], [ 9.150787566087704, 45.458285296507576 ], [ 9.151118754664157, 45.457730352352243 ], [ 9.15125741271696, 45.457520399388002 ], [ 9.151481538250243, 45.457154840741978 ], [ 9.152244420202251, 45.455834997851689 ], [ 9.152687645841191, 45.45520544424317 ], [ 9.150177069519865, 45.454388427688073 ], [ 9.149629900027138, 45.454199807135844 ], [ 9.149280459438872, 45.454085409823278 ], [ 9.148848145041674, 45.453946951215613 ], [ 9.14746526606681, 45.453504089622605 ], [ 9.146969929395983, 45.453347972852555 ], [ 9.146106060875027, 45.453058749748784 ], [ 9.145233891467907, 45.452770251648872 ], [ 9.144694070881004, 45.452585707109286 ], [ 9.144480029367267, 45.452525063244238 ], [ 9.141551292534755, 45.451561666007962 ], [ 9.139485014854381, 45.450928085839266 ], [ 9.139161388243599, 45.450812823072866 ], [ 9.138997611854421, 45.450760440991473 ], [ 9.137697022851901, 45.450333245175386 ], [ 9.137267322881941, 45.450199410227022 ], [ 9.136551075584634, 45.449946519950089 ], [ 9.136144157184843, 45.449817947146173 ], [ 9.13575337245779, 45.449694436703254 ], [ 9.135712758165718, 45.449767551431876 ], [ 9.135688672328337, 45.449811169331952 ], [ 9.135603218397215, 45.44996022292154 ], [ 9.135482443537787, 45.450170640919438 ], [ 9.134905336555001, 45.451176065580952 ], [ 9.134640473199218, 45.451277098961484 ], [ 9.134437710092573, 45.451651810738511 ], [ 9.134381872572401, 45.451754997932689 ], [ 9.134160134190061, 45.452139602236109 ], [ 9.133637259214343, 45.45297600551541 ], [ 9.13311454306996, 45.453887024315641 ], [ 9.132464767416662, 45.454887748208598 ], [ 9.132253540613652, 45.45523876280658 ], [ 9.131862702297997, 45.455873517066358 ], [ 9.131551148982055, 45.45639624955232 ], [ 9.131450773997217, 45.456571704977229 ], [ 9.13131872165814, 45.456765918335222 ], [ 9.13100592750159, 45.457282351635975 ], [ 9.130361201882737, 45.458342958370366 ], [ 9.129651626845915, 45.459525058381722 ], [ 9.129058462454889, 45.460642846429721 ], [ 9.128832850001375, 45.461127220641053 ], [ 9.128402849257276, 45.462011964387671 ], [ 9.127939355365681, 45.463025188243115 ], [ 9.127447708729218, 45.464951325262078 ], [ 9.127296241677206, 45.465457305289604 ], [ 9.127108072282704, 45.466083085847863 ], [ 9.126714450627151, 45.467362836918213 ], [ 9.126468805508994, 45.468206323246221 ], [ 9.126378464273099, 45.468507763140302 ], [ 9.126304595653879, 45.46873610500959 ], [ 9.126256327791683, 45.468886805809021 ], [ 9.126130062004673, 45.469279285349323 ], [ 9.127274631835787, 45.46893761887808 ], [ 9.128306977018086, 45.468559614927067 ], [ 9.128740257702695, 45.468400959483091 ], [ 9.129899769532278, 45.468174310179243 ], [ 9.134008222811776, 45.467679686283432 ], [ 9.136008449837991, 45.467435075018741 ], [ 9.13698448288558, 45.467372128158473 ] ] ] } },
{ "type": "Feature", "properties": { "MapCommunity": "C1", "CITY": "Milano", "COM_ASC2": "15146053", "DEN_ASC2": "Lorenteggio", "is_member": 0, "is_incoming": 0, "CommunityInitial": "C1", "CommunityPrev": "C1", "CommunityFinal": "C4", "Transition": "ingresso" }, "geometry": { "type": "Polygon", "coordinates": [ [ [ 9.134437710092573, 45.451651810738511 ], [ 9.134640473199218, 45.451277098961484 ], [ 9.134905336555001, 45.451176065580952 ], [ 9.135482443537787, 45.450170640919438 ], [ 9.135603218397215, 45.44996022292154 ], [ 9.135688672328337, 45.449811169331952 ], [ 9.135712758165718, 45.449767551431876 ], [ 9.13575337245779, 45.449694436703254 ], [ 9.135679330418428, 45.449670346509606 ], [ 9.133178487597435, 45.448856659705775 ], [ 9.13197280328032, 45.448489267496306 ], [ 9.130152884631981, 45.447883129857615 ], [ 9.129622666246313, 45.44771303996378 ], [ 9.129092338608865, 45.447535702646036 ], [ 9.12904435941531, 45.44751977249458 ], [ 9.128407867381934, 45.447311460768411 ], [ 9.127766026268539, 45.447120911777944 ], [ 9.125980076280477, 45.446532623347039 ], [ 9.124243689126667, 45.445972787806404 ], [ 9.123073270693352, 45.445674307887074 ], [ 9.122296443415699, 45.44547330243487 ], [ 9.121339497600784, 45.445226711052577 ], [ 9.118846962401339, 45.444598742822365 ], [ 9.117046477728575, 45.443923563173875 ], [ 9.116494747569174, 45.443697545661081 ], [ 9.115518367788205, 45.443250718194314 ], [ 9.115473492463899, 45.443335424596683 ], [ 9.115443461890651, 45.443391569491574 ], [ 9.115425817590781, 45.443450052082305 ], [ 9.115410178713732, 45.443484306745567 ], [ 9.115332798683545, 45.443626766282783 ], [ 9.115249864280381, 45.443770816483976 ], [ 9.115178261264948, 45.443752091448196 ], [ 9.115096956013826, 45.443730455246559 ], [ 9.113530495553887, 45.443363348022146 ], [ 9.113340153295963, 45.44331843550556 ], [ 9.113104510631448, 45.443851036641263 ], [ 9.1129957059338, 45.44409694976698 ], [ 9.112971601908706, 45.444147350761185 ], [ 9.112927334553042, 45.444247432339751 ], [ 9.112879348702412, 45.444355926517545 ], [ 9.112703555048819, 45.444753968591527 ], [ 9.112671329474605, 45.444826928294169 ], [ 9.112454889819491, 45.445315129377867 ], [ 9.112242987078254, 45.445785184489168 ], [ 9.113041871853694, 45.445885583015297 ], [ 9.113243056420723, 45.445910864397767 ], [ 9.113218684408507, 45.445947112173073 ], [ 9.113069019495894, 45.446169713002341 ], [ 9.11300081898692, 45.446271148642353 ], [ 9.112763745539352, 45.446254477733007 ], [ 9.112717100273347, 45.44625119782031 ], [ 9.112498547215742, 45.446235827662328 ], [ 9.112305585708569, 45.446222256475309 ], [ 9.112140347696391, 45.446210635316731 ], [ 9.111991064420407, 45.446200136932177 ], [ 9.111961061369785, 45.446275938622613 ], [ 9.11194322745607, 45.446320994610417 ], [ 9.111928648809739, 45.446371657866287 ], [ 9.111825275072501, 45.446731356073094 ], [ 9.111715721530574, 45.447071244022617 ], [ 9.111456690228341, 45.447874864868453 ], [ 9.111374645087841, 45.448029284284182 ], [ 9.111221635487075, 45.448317263517126 ], [ 9.110925553527856, 45.448874508046238 ], [ 9.110868295095139, 45.448984401883067 ], [ 9.110794169539632, 45.449126668723423 ], [ 9.110740767097436, 45.449382076912137 ], [ 9.110526802824131, 45.450405376670382 ], [ 9.110517529349947, 45.450583207331384 ], [ 9.110497874184926, 45.450646487779309 ], [ 9.109895462692695, 45.45066372928396 ], [ 9.109678738273381, 45.451014975918881 ], [ 9.109412080264551, 45.450976653347617 ], [ 9.109266670534339, 45.450939887560274 ], [ 9.109016354529103, 45.450864444528378 ], [ 9.108477302130895, 45.450701975442215 ], [ 9.108144437161338, 45.450542983080894 ], [ 9.108063508091142, 45.450505063746583 ], [ 9.107622200489441, 45.450493327851142 ], [ 9.107490805609205, 45.450529994702791 ], [ 9.106982001756313, 45.450450091526015 ], [ 9.106796728938521, 45.450375803251958 ], [ 9.106763861989522, 45.450362624694094 ], [ 9.106708333124562, 45.450279866308016 ], [ 9.106874401993663, 45.450018784734517 ], [ 9.106793580685581, 45.449923273721765 ], [ 9.106587476072411, 45.449436714696603 ], [ 9.106074419631485, 45.448996527844969 ], [ 9.106045742104754, 45.448971923542999 ], [ 9.106011077799169, 45.448942183295102 ], [ 9.105447838793172, 45.44863667046031 ], [ 9.105431094582821, 45.448605366181134 ], [ 9.105295501232833, 45.448376436373486 ], [ 9.105185653381827, 45.448191354626999 ], [ 9.105127655270071, 45.448143436929058 ], [ 9.104770793912106, 45.448054209888099 ], [ 9.104651572985025, 45.448024400928801 ], [ 9.104589705733114, 45.448008932292211 ], [ 9.1043372438871, 45.448063170484673 ], [ 9.10325372849025, 45.447729664379757 ], [ 9.102899332609786, 45.447587428280514 ], [ 9.103036248151303, 45.447290264630581 ], [ 9.102868441566098, 45.447308427314468 ], [ 9.102666784694838, 45.447366271452211 ], [ 9.102385140191034, 45.447272430001547 ], [ 9.102225991239585, 45.447376513220526 ], [ 9.101957626281532, 45.447475766486093 ], [ 9.101687746018726, 45.447485186503258 ], [ 9.101603042365333, 45.447615721043512 ], [ 9.101476283337837, 45.44781216110357 ], [ 9.101319915135578, 45.448003391274959 ], [ 9.101208612532783, 45.448135563019562 ], [ 9.100913879526919, 45.44821676363425 ], [ 9.100533495161065, 45.448321560885191 ], [ 9.100763387925802, 45.447938808356277 ], [ 9.100867768971037, 45.447754190352519 ], [ 9.100941057450182, 45.44762361064123 ], [ 9.101048035052848, 45.447335427541127 ], [ 9.100848541621271, 45.447596598690687 ], [ 9.100453673289046, 45.448141235003895 ], [ 9.100050159404217, 45.448606527242838 ], [ 9.099599469515582, 45.449245384611402 ], [ 9.098713452543404, 45.451598439276523 ], [ 9.099880754492089, 45.451578660616264 ], [ 9.10097903941656, 45.451727746098939 ], [ 9.102035110050934, 45.452079471513322 ], [ 9.103083966157662, 45.45260635361975 ], [ 9.104784642893529, 45.453523862149005 ], [ 9.105434707895851, 45.453800902668895 ], [ 9.107310226500465, 45.454178195214745 ], [ 9.10853531993261, 45.45438510156405 ], [ 9.108722406176764, 45.454416697011148 ], [ 9.110537190036181, 45.454746737985275 ], [ 9.111583686553059, 45.45496004554834 ], [ 9.112345099859704, 45.455115237929391 ], [ 9.114884216999476, 45.4556477864489 ], [ 9.116291218150597, 45.456008478499619 ], [ 9.116462832141407, 45.456060599759681 ], [ 9.117494386582949, 45.456346409969093 ], [ 9.117759459310275, 45.456412655011711 ], [ 9.118545817032668, 45.456621387877362 ], [ 9.119385896974737, 45.456830105092443 ], [ 9.119513617407559, 45.456868315762527 ], [ 9.120305621395683, 45.457080406040781 ], [ 9.120838096048017, 45.45721774153219 ], [ 9.121108623136776, 45.45728833860646 ], [ 9.122227377097602, 45.457569692949654 ], [ 9.122782737039502, 45.457728641866943 ], [ 9.124698979416431, 45.458221673570094 ], [ 9.126224129969, 45.458627075071618 ], [ 9.128312497134448, 45.459163870718548 ], [ 9.129651626845915, 45.459525058381722 ], [ 9.130361201882737, 45.458342958370366 ], [ 9.13100592750159, 45.457282351635975 ], [ 9.13131872165814, 45.456765918335222 ], [ 9.131450773997217, 45.456571704977229 ], [ 9.131551148982055, 45.45639624955232 ], [ 9.131862702297997, 45.455873517066358 ], [ 9.132253540613652, 45.45523876280658 ], [ 9.132464767416662, 45.454887748208598 ], [ 9.13311454306996, 45.453887024315641 ], [ 9.133637259214343, 45.45297600551541 ], [ 9.134160134190061, 45.452139602236109 ], [ 9.134381872572401, 45.451754997932689 ], [ 9.134437710092573, 45.451651810738511 ] ] ] } },
{ "type": "Feature", "properties": { "MapCommunity": "C1", "CITY": "Milano", "COM_ASC2": "15146054", "DEN_ASC2": "Muggiano", "is_member": 0, "is_incoming": 0, "CommunityInitial": "", "CommunityPrev": "", "CommunityFinal": "", "Transition": "" }, "geometry": { "type": "Polygon", "coordinates": [ [ [ 9.077287566501317, 45.455631768714348 ], [ 9.076442164229389, 45.452756519055413 ], [ 9.07547386295658, 45.449520219596721 ], [ 9.075156103465002, 45.449433495368567 ], [ 9.071378947108999, 45.4484026549612 ], [ 9.070297036371629, 45.44810313890229 ], [ 9.069621674309253, 45.447923016904937 ], [ 9.069462420281333, 45.447879547063664 ], [ 9.068408034472215, 45.447525584876715 ], [ 9.068141455539408, 45.447987631838245 ], [ 9.067836407052608, 45.448150911875402 ], [ 9.067286322899214, 45.448882925479964 ], [ 9.066883313010415, 45.44932925614571 ], [ 9.066525397368196, 45.449725511443397 ], [ 9.066477794058972, 45.449917081416196 ], [ 9.066614021163765, 45.450054177868495 ], [ 9.067424997700881, 45.4503911539828 ], [ 9.067379405445653, 45.450452335135111 ], [ 9.066216622815226, 45.452012654379693 ], [ 9.065893331379664, 45.452452256167874 ], [ 9.06645206785835, 45.452634331223841 ], [ 9.067060413237584, 45.452829779930063 ], [ 9.067407448501859, 45.452910131997484 ], [ 9.067688795019, 45.45297554214028 ], [ 9.067727525965397, 45.452984546496168 ], [ 9.068042022833184, 45.453057662746509 ], [ 9.068716127790079, 45.453242049549957 ], [ 9.068932896377785, 45.453301341327858 ], [ 9.069342406251371, 45.453413350251004 ], [ 9.069377943905401, 45.453423070681104 ], [ 9.07029752638948, 45.453678861094218 ], [ 9.070369251069053, 45.453699558417028 ], [ 9.070595187606079, 45.453764755181723 ], [ 9.071954561281412, 45.454157004149657 ], [ 9.07283099723251, 45.454556232851765 ], [ 9.073185543358949, 45.454728556692388 ], [ 9.074102792445006, 45.45439011399619 ], [ 9.074558603134973, 45.454053045282343 ], [ 9.07605817632486, 45.454858958212348 ], [ 9.076631537846801, 45.455205341998209 ], [ 9.076885063581972, 45.455944675623357 ], [ 9.076983718569686, 45.455932522358403 ], [ 9.0773629341265, 45.455892305303486 ], [ 9.077287566501317, 45.455631768714348 ] ] ] } },
{ "type": "Feature", "properties": { "MapCommunity": "C1", "CITY": "Milano", "COM_ASC2": "15146055", "DEN_ASC2": "Baggio - Q.re degli Olmi - Q.re Valsesia", "is_member": 0, "is_incoming": 0, "CommunityInitial": "", "CommunityPrev": "", "CommunityFinal": "", "Transition": "" }, "geometry": { "type": "Polygon", "coordinates": [ [ [ 9.093151800467664, 45.469375937701791 ], [ 9.093928820130412, 45.468023890436143 ], [ 9.094215444286291, 45.468071496593915 ], [ 9.09425620710017, 45.468008308841121 ], [ 9.094470849947408, 45.467675584480702 ], [ 9.095511190757929, 45.466062845949615 ], [ 9.095932715430205, 45.465409371763251 ], [ 9.096173306169694, 45.465472491928615 ], [ 9.096690927165572, 45.464926120116139 ], [ 9.096808418326095, 45.464802101199382 ], [ 9.097529084952887, 45.462863255845107 ], [ 9.096309327392724, 45.462559143969948 ], [ 9.096074563270529, 45.462498733018911 ], [ 9.096984270895717, 45.460255444745144 ], [ 9.097091106949843, 45.460238522644971 ], [ 9.097763210203079, 45.459030058595083 ], [ 9.097890961825117, 45.4588287183388 ], [ 9.097995297236563, 45.458664283146376 ], [ 9.098256308998304, 45.458275666079103 ], [ 9.09745077496243, 45.45804057055598 ], [ 9.0991168359766, 45.456305678937674 ], [ 9.09938760777483, 45.456039132205028 ], [ 9.099946847043791, 45.45548860936097 ], [ 9.100485347548053, 45.45491507778322 ], [ 9.10061466284156, 45.454777348092996 ], [ 9.101066483696332, 45.453830536087786 ], [ 9.101332643743683, 45.453125835022398 ], [ 9.102105889192558, 45.452645303618461 ], [ 9.102573828288168, 45.452573462467498 ], [ 9.103083966157662, 45.45260635361975 ], [ 9.102035110050934, 45.452079471513322 ], [ 9.10097903941656, 45.451727746098939 ], [ 9.099880754492089, 45.451578660616264 ], [ 9.098713452543404, 45.451598439276523 ], [ 9.099599469515582, 45.449245384611402 ], [ 9.100050159404217, 45.448606527242838 ], [ 9.100453673289046, 45.448141235003895 ], [ 9.100848541621271, 45.447596598690687 ], [ 9.101048035052848, 45.447335427541127 ], [ 9.101088395488414, 45.447227106261501 ], [ 9.101171927184605, 45.447088027374114 ], [ 9.101266701172316, 45.446930229420516 ], [ 9.101123957445715, 45.4469303558798 ], [ 9.100993562778259, 45.446930471242929 ], [ 9.100582565543396, 45.446930833887535 ], [ 9.100129044473492, 45.446914787108227 ], [ 9.099837844110354, 45.446904483567529 ], [ 9.099332688777888, 45.446877918513536 ], [ 9.098871497071507, 45.446857431309311 ], [ 9.098483250979498, 45.447497170130639 ], [ 9.098448757749669, 45.447535770987891 ], [ 9.098415405282873, 45.447574449162211 ], [ 9.098204814371817, 45.447815022355208 ], [ 9.098153797399858, 45.447879369109089 ], [ 9.097765281180283, 45.448283393423807 ], [ 9.097241790756954, 45.448868688964211 ], [ 9.09700660518145, 45.449005811844593 ], [ 9.096764271126364, 45.448896864135129 ], [ 9.096085396717504, 45.448578692414173 ], [ 9.095920913230861, 45.448708008023651 ], [ 9.095735308229699, 45.448809418422769 ], [ 9.095854049611313, 45.448868964505074 ], [ 9.095519339298649, 45.449047743515692 ], [ 9.09537931415114, 45.44912225917696 ], [ 9.095350181855835, 45.44938364191146 ], [ 9.095350869761829, 45.44946023898423 ], [ 9.095352228112443, 45.449611415068723 ], [ 9.095350727834827, 45.449707681620851 ], [ 9.0952061362684, 45.449974269702594 ], [ 9.095131010894564, 45.450172057480238 ], [ 9.09508315642632, 45.450292977336225 ], [ 9.094934507883524, 45.450487751336311 ], [ 9.094879681308152, 45.450564959798186 ], [ 9.094833214847956, 45.450620275740611 ], [ 9.094639313918602, 45.450860420618206 ], [ 9.094431493777126, 45.45109461966144 ], [ 9.094237383222035, 45.45126771397485 ], [ 9.094100057418396, 45.451390170771816 ], [ 9.093934063641214, 45.451630405741682 ], [ 9.093875596271701, 45.451712289229313 ], [ 9.09383494839143, 45.451753918129818 ], [ 9.093541679571654, 45.452053978236854 ], [ 9.093467498649183, 45.452130358433926 ], [ 9.093348780410404, 45.452252593854034 ], [ 9.09328288947188, 45.452277438818989 ], [ 9.093205297698978, 45.452306820003145 ], [ 9.093056750297063, 45.452356379369142 ], [ 9.092993822121322, 45.452379556529145 ], [ 9.092183864252389, 45.452662660255726 ], [ 9.091848141504562, 45.452779948237641 ], [ 9.091504533315039, 45.452835795684543 ], [ 9.0899558772898, 45.453087488055189 ], [ 9.089623443880665, 45.453135791527394 ], [ 9.089421100286733, 45.453165195940016 ], [ 9.089077751655459, 45.45321913752462 ], [ 9.088829460100003, 45.453172034922879 ], [ 9.088723213677429, 45.453151880976534 ], [ 9.088625898237398, 45.45313353824676 ], [ 9.08815279645963, 45.453196913704872 ], [ 9.087729403292744, 45.453068667283276 ], [ 9.087218977691373, 45.452914055523117 ], [ 9.08702683354943, 45.45285573111218 ], [ 9.086816733426936, 45.452765348712852 ], [ 9.086758295694951, 45.452738916951873 ], [ 9.086398968796923, 45.452581978658323 ], [ 9.086321546465744, 45.452548159335294 ], [ 9.0856063291147, 45.452235723674775 ], [ 9.08527078138029, 45.452075945715549 ], [ 9.085239204910533, 45.452060999367987 ], [ 9.08400659192878, 45.451471815560616 ], [ 9.083755116368692, 45.451420395375763 ], [ 9.083676905091616, 45.45140440263382 ], [ 9.083612623433128, 45.451391085604719 ], [ 9.08351162451121, 45.451371073283731 ], [ 9.083316101150741, 45.451340164580344 ], [ 9.083246720497462, 45.451324034584729 ], [ 9.083206786018035, 45.451310638372384 ], [ 9.082965025787281, 45.451263312122137 ], [ 9.082484302099139, 45.451166877426196 ], [ 9.082327039142653, 45.451127603370615 ], [ 9.081806259422525, 45.450996346484111 ], [ 9.081710982503004, 45.451027918925909 ], [ 9.081394069588143, 45.451136864540452 ], [ 9.081321329814307, 45.451163212493135 ], [ 9.081286830856795, 45.451181710238345 ], [ 9.081144822238514, 45.451257849854208 ], [ 9.080960271612792, 45.451352732974243 ], [ 9.080900052706783, 45.45138081981812 ], [ 9.080604901279424, 45.451537270623675 ], [ 9.080383689673512, 45.451543797567034 ], [ 9.080272413569627, 45.451546503273931 ], [ 9.080087425953735, 45.451467154216715 ], [ 9.079901769530641, 45.451389278825182 ], [ 9.079658185889366, 45.451285901700437 ], [ 9.078930742044866, 45.452023524058255 ], [ 9.078892655395583, 45.452060086288078 ], [ 9.07885303506422, 45.452101059257274 ], [ 9.078278587741629, 45.452680991044005 ], [ 9.078250201586627, 45.452710803600404 ], [ 9.078108778515581, 45.452858323119678 ], [ 9.07799240549161, 45.452970259777203 ], [ 9.077947139457008, 45.452878967095792 ], [ 9.077568571785687, 45.452115445943278 ], [ 9.077533891689038, 45.452045064711271 ], [ 9.077420617924172, 45.451905547148861 ], [ 9.077345466056912, 45.45181692892146 ], [ 9.077129425439423, 45.451562170573048 ], [ 9.0767037572951, 45.451253721909005 ], [ 9.077414834999642, 45.450181894335074 ], [ 9.077839457918856, 45.44944064913161 ], [ 9.077344923956774, 45.449377770420888 ], [ 9.076692898013571, 45.449355795230311 ], [ 9.07566144977471, 45.449494854287998 ], [ 9.07547386295658, 45.449520219596721 ], [ 9.076442164229389, 45.452756519055413 ], [ 9.077287566501317, 45.455631768714348 ], [ 9.0773629341265, 45.455892305303486 ], [ 9.077513683684773, 45.457363287050264 ], [ 9.076387922320102, 45.457276231495264 ], [ 9.073031345466292, 45.456999166300292 ], [ 9.072558479469846, 45.457003974551668 ], [ 9.072525212818238, 45.457087839190933 ], [ 9.072645403627403, 45.457104310628985 ], [ 9.074174722155275, 45.457338973894032 ], [ 9.07453105713706, 45.457348952013255 ], [ 9.074736257319623, 45.457897273831982 ], [ 9.074685697617124, 45.458545328630017 ], [ 9.074424034966105, 45.458999738723847 ], [ 9.074598815162947, 45.459051384317455 ], [ 9.07463747365389, 45.459062559258015 ], [ 9.07447424138908, 45.459369065758601 ], [ 9.074268328618581, 45.4595125520352 ], [ 9.0741623452077, 45.459615220169923 ], [ 9.073992021858581, 45.459780214599419 ], [ 9.073750705455121, 45.460012769022896 ], [ 9.073662162675131, 45.460043622858429 ], [ 9.073414183314217, 45.460130036493283 ], [ 9.073365083413174, 45.460253075721646 ], [ 9.073339988983145, 45.460315956207651 ], [ 9.073166293818455, 45.460449689488328 ], [ 9.072670709248005, 45.460602677874597 ], [ 9.072188896382432, 45.461015223842011 ], [ 9.072139350005028, 45.461057647182805 ], [ 9.072101144192732, 45.461273858459954 ], [ 9.07209307756389, 45.461319505921217 ], [ 9.071825299217339, 45.461627910693394 ], [ 9.071699113264334, 45.461773237773969 ], [ 9.071801294096989, 45.461885714646719 ], [ 9.071830363381961, 45.461984651019186 ], [ 9.071827299608261, 45.462102268871682 ], [ 9.071739056296181, 45.462228430176857 ], [ 9.071611452751556, 45.462358564017769 ], [ 9.07151832387361, 45.462383778004622 ], [ 9.071330205384516, 45.462434710078973 ], [ 9.071010606868652, 45.462521237869744 ], [ 9.070705525945717, 45.462755531095844 ], [ 9.070384218154528, 45.462850162862729 ], [ 9.069990293777087, 45.463354805727789 ], [ 9.069789074203063, 45.463741132249794 ], [ 9.069795925349105, 45.463875909228307 ], [ 9.069798876321826, 45.463933930914862 ], [ 9.069830511462058, 45.463982935676455 ], [ 9.070014713805296, 45.464258972307114 ], [ 9.069974050210345, 45.464282485835554 ], [ 9.06946063044375, 45.464579377671328 ], [ 9.06937785649318, 45.464569810201695 ], [ 9.069260829255461, 45.464822647283114 ], [ 9.069477081692479, 45.464893754985347 ], [ 9.069698834955151, 45.464861949200824 ], [ 9.070458769575392, 45.464640952887535 ], [ 9.07084985920776, 45.464474503075543 ], [ 9.071519269998895, 45.464111345963403 ], [ 9.071630362729787, 45.464051062874915 ], [ 9.071793511692277, 45.463962530932598 ], [ 9.071845910592476, 45.463934022713715 ], [ 9.072173451585259, 45.46376021292145 ], [ 9.073295294273789, 45.46316780872823 ], [ 9.073796166100804, 45.462839542127085 ], [ 9.074443116269368, 45.463011417800523 ], [ 9.07526641920664, 45.463229882735355 ], [ 9.075485128563111, 45.463333214339997 ], [ 9.075715024784961, 45.463530164924727 ], [ 9.075710178377772, 45.463580062652589 ], [ 9.07575841173127, 45.463581459162747 ], [ 9.075860665528177, 45.463584420201585 ], [ 9.076002119003473, 45.463588504526292 ], [ 9.076125362242884, 45.463645569235744 ], [ 9.07615341901759, 45.464374242994239 ], [ 9.076170131234347, 45.464470133252391 ], [ 9.076248873056475, 45.464921936939696 ], [ 9.076276484212391, 45.465014990822944 ], [ 9.076466485428986, 45.465655330010151 ], [ 9.07674010218374, 45.465590220032837 ], [ 9.077042819389796, 45.465518174161225 ], [ 9.077158804953473, 45.46591490613698 ], [ 9.077356706973381, 45.465971748917248 ], [ 9.078203821275631, 45.46618715294062 ], [ 9.078503637517459, 45.466266407082628 ], [ 9.078835736200608, 45.466351720264555 ], [ 9.079212306320594, 45.466449786938036 ], [ 9.079484068848899, 45.466486584044027 ], [ 9.079960987456065, 45.466567315897137 ], [ 9.080496458076517, 45.466694558658553 ], [ 9.081177308966858, 45.466856343057621 ], [ 9.08134320099974, 45.466895615144168 ], [ 9.081606970222818, 45.466913504992704 ], [ 9.081771469154235, 45.466865728761434 ], [ 9.082010074845551, 45.466756601019014 ], [ 9.08214995127171, 45.466739220927579 ], [ 9.082194383063804, 45.466736201470233 ], [ 9.082368579435281, 45.466787289153658 ], [ 9.082640871074934, 45.466868512731573 ], [ 9.083398105163164, 45.46708940241183 ], [ 9.084515817979517, 45.467444510361382 ], [ 9.084902136306226, 45.467567243102671 ], [ 9.084496576171906, 45.468221376518422 ], [ 9.084367968891078, 45.468318910318132 ], [ 9.084154957750739, 45.468480451508931 ], [ 9.084027209737398, 45.468554404781727 ], [ 9.083416702107849, 45.468907819324897 ], [ 9.082023624655536, 45.469451404249426 ], [ 9.081797936211855, 45.469565069217019 ], [ 9.081382055656885, 45.469837824900395 ], [ 9.0845341669897, 45.470127282038817 ], [ 9.085342990002879, 45.470201540748349 ], [ 9.08578999218607, 45.470242578943939 ], [ 9.085869311969516, 45.47024986070889 ], [ 9.086286278671205, 45.470315468462751 ], [ 9.08808152958485, 45.470597924440739 ], [ 9.088423139401321, 45.470651667608415 ], [ 9.089096933979377, 45.47075767033386 ], [ 9.089663634998189, 45.47084682017276 ], [ 9.089818834948227, 45.470871234564925 ], [ 9.090417497095094, 45.470959792052298 ], [ 9.091002863305036, 45.471046379434483 ], [ 9.09164199981026, 45.471140916439573 ], [ 9.091880278719604, 45.471176160878329 ], [ 9.092079919589855, 45.471205689618429 ], [ 9.092146095500386, 45.471215477246261 ], [ 9.092779672881775, 45.470828642674739 ], [ 9.092848260419414, 45.470588593824587 ], [ 9.093139101486033, 45.469426670630526 ], [ 9.093151800467664, 45.469375937701791 ] ] ] } },
{ "type": "Feature", "properties": { "MapCommunity": "C1", "CITY": "Milano", "COM_ASC2": "15146056", "DEN_ASC2": "Forze Armate", "is_member": 0, "is_incoming": 0, "CommunityInitial": "C1", "CommunityPrev": "C1", "CommunityFinal": "C4", "Transition": "ingresso" }, "geometry": { "type": "Polygon", "coordinates": [ [ [ 9.126130062004673, 45.469279285349323 ], [ 9.126256327791683, 45.468886805809021 ], [ 9.126304595653879, 45.46873610500959 ], [ 9.126378464273099, 45.468507763140302 ], [ 9.126468805508994, 45.468206323246221 ], [ 9.126714450627151, 45.467362836918213 ], [ 9.127108072282704, 45.466083085847863 ], [ 9.127296241677206, 45.465457305289604 ], [ 9.127447708729218, 45.464951325262078 ], [ 9.127939355365681, 45.463025188243115 ], [ 9.128402849257276, 45.462011964387671 ], [ 9.128832850001375, 45.461127220641053 ], [ 9.129058462454889, 45.460642846429721 ], [ 9.129651626845915, 45.459525058381722 ], [ 9.128312497134448, 45.459163870718548 ], [ 9.126224129969, 45.458627075071618 ], [ 9.124698979416431, 45.458221673570094 ], [ 9.122782737039502, 45.457728641866943 ], [ 9.122227377097602, 45.457569692949654 ], [ 9.121108623136776, 45.45728833860646 ], [ 9.120838096048017, 45.45721774153219 ], [ 9.120305621395683, 45.457080406040781 ], [ 9.119513617407559, 45.456868315762527 ], [ 9.119385896974737, 45.456830105092443 ], [ 9.118545817032668, 45.456621387877362 ], [ 9.117759459310275, 45.456412655011711 ], [ 9.117494386582949, 45.456346409969093 ], [ 9.116462832141407, 45.456060599759681 ], [ 9.116291218150597, 45.456008478499619 ], [ 9.114884216999476, 45.4556477864489 ], [ 9.112345099859704, 45.455115237929391 ], [ 9.111583686553059, 45.45496004554834 ], [ 9.110537190036181, 45.454746737985275 ], [ 9.108722406176764, 45.454416697011148 ], [ 9.10853531993261, 45.45438510156405 ], [ 9.107310226500465, 45.454178195214745 ], [ 9.105434707895851, 45.453800902668895 ], [ 9.104784642893529, 45.453523862149005 ], [ 9.103083966157662, 45.45260635361975 ], [ 9.102573828288168, 45.452573462467498 ], [ 9.102105889192558, 45.452645303618461 ], [ 9.101332643743683, 45.453125835022398 ], [ 9.101066483696332, 45.453830536087786 ], [ 9.10061466284156, 45.454777348092996 ], [ 9.100485347548053, 45.45491507778322 ], [ 9.099946847043791, 45.45548860936097 ], [ 9.09938760777483, 45.456039132205028 ], [ 9.0991168359766, 45.456305678937674 ], [ 9.09745077496243, 45.45804057055598 ], [ 9.098256308998304, 45.458275666079103 ], [ 9.097995297236563, 45.458664283146376 ], [ 9.097890961825117, 45.4588287183388 ], [ 9.097763210203079, 45.459030058595083 ], [ 9.097091106949843, 45.460238522644971 ], [ 9.096984270895717, 45.460255444745144 ], [ 9.096074563270529, 45.462498733018911 ], [ 9.096309327392724, 45.462559143969948 ], [ 9.097529084952887, 45.462863255845107 ], [ 9.097665278638315, 45.461398394688899 ], [ 9.097694403691936, 45.461085120919094 ], [ 9.097715202806249, 45.460861403564543 ], [ 9.099239620424319, 45.460741504857801 ], [ 9.101389003321485, 45.4610516897026 ], [ 9.102231889035274, 45.462674905466265 ], [ 9.102269856207766, 45.462678534066193 ], [ 9.102704793491654, 45.462720097501325 ], [ 9.102984963300933, 45.46274686953786 ], [ 9.103431964053307, 45.461777741683072 ], [ 9.103963772359673, 45.461861140146389 ], [ 9.103994623680633, 45.461822468127131 ], [ 9.10401360663262, 45.461798672382798 ], [ 9.105014738984739, 45.461952595860389 ], [ 9.105559241917547, 45.462036308266036 ], [ 9.105941027118419, 45.462095002660675 ], [ 9.106005564478689, 45.462105100636499 ], [ 9.106082860194736, 45.462116807843259 ], [ 9.106322456079225, 45.461788855129583 ], [ 9.106353906369996, 45.461745804633232 ], [ 9.106556011943411, 45.461280331814613 ], [ 9.107538134252293, 45.461493928857372 ], [ 9.107591690111011, 45.461501318814626 ], [ 9.107407902885537, 45.461976979080355 ], [ 9.107139785610986, 45.462971462403303 ], [ 9.107243591564622, 45.462985907321276 ], [ 9.108005113580221, 45.463092068203984 ], [ 9.108335664103892, 45.463158328014892 ], [ 9.10842444471206, 45.463176123751403 ], [ 9.108696673174032, 45.463230690402405 ], [ 9.10882235731899, 45.46325588299279 ], [ 9.108892821706455, 45.463271408609593 ], [ 9.108943993367081, 45.463281214323608 ], [ 9.110005502629155, 45.46350226363684 ], [ 9.110072797441944, 45.463512281046697 ], [ 9.10994080411022, 45.463905330955576 ], [ 9.109897812541139, 45.464035427862122 ], [ 9.109549302333896, 45.465090048846754 ], [ 9.10950788491099, 45.465245245690916 ], [ 9.109370743407856, 45.46575912993363 ], [ 9.109524877956213, 45.466750220221904 ], [ 9.109622779180642, 45.466904719020462 ], [ 9.109522741969988, 45.466900990375869 ], [ 9.109251123278851, 45.466890866712319 ], [ 9.109056972188041, 45.466883630759554 ], [ 9.107484706055617, 45.46682501559436 ], [ 9.105989971247441, 45.46665637805804 ], [ 9.103623174427304, 45.466601431700674 ], [ 9.102923939079092, 45.469177560833032 ], [ 9.102192502309025, 45.469918870975107 ], [ 9.101623509158268, 45.47049493584543 ], [ 9.102186492407562, 45.470990119701092 ], [ 9.102216664376792, 45.47101665699352 ], [ 9.102491513428843, 45.471154937101012 ], [ 9.102907500043539, 45.471168245795155 ], [ 9.103474099634406, 45.471063369744165 ], [ 9.103771316156049, 45.470908373407916 ], [ 9.103978223087921, 45.470751124529038 ], [ 9.104369547541074, 45.470788223368345 ], [ 9.104478303974748, 45.470798503209771 ], [ 9.105537427407544, 45.471102754255199 ], [ 9.105558361518167, 45.471052392202878 ], [ 9.105837196310398, 45.470406657613047 ], [ 9.106119336191362, 45.469754452748262 ], [ 9.106456488802765, 45.468972627398657 ], [ 9.107682108486145, 45.469229406641482 ], [ 9.109630171664007, 45.469638004908511 ], [ 9.110850722270007, 45.469773420833349 ], [ 9.111727480309641, 45.46997635163126 ], [ 9.112499465018258, 45.470181746239383 ], [ 9.113917090546904, 45.470558902218599 ], [ 9.114193177788987, 45.470631445216 ], [ 9.116216816930402, 45.470978289194015 ], [ 9.116946067704735, 45.471192266310176 ], [ 9.117855111130844, 45.47198139897634 ], [ 9.118852717402136, 45.472808151626481 ], [ 9.118951533051748, 45.472890042306979 ], [ 9.12186970089577, 45.47122140942038 ], [ 9.122732768035394, 45.470744640575582 ], [ 9.123639195249877, 45.470230442632669 ], [ 9.124071347899699, 45.469991905361965 ], [ 9.124371969828591, 45.469880814375067 ], [ 9.124781077890132, 45.469763351015331 ], [ 9.126185315560631, 45.46931729843601 ], [ 9.126130062004673, 45.469279285349323 ] ] ] } },
{ "type": "Feature", "properties": { "MapCommunity": "C1", "CITY": "Milano", "COM_ASC2": "15146057", "DEN_ASC2": "San Siro", "is_member": 0, "is_incoming": 0, "CommunityInitial": "C1", "CommunityPrev": "C1", "CommunityFinal": "C4", "Transition": "ingresso" }, "geometry": { "type": "Polygon", "coordinates": [ [ [ 9.142871281924185, 45.477155683110325 ], [ 9.143447088086198, 45.475106720950834 ], [ 9.143686077591868, 45.474415040247649 ], [ 9.143761509706266, 45.474188294806581 ], [ 9.143867262478269, 45.473858947206885 ], [ 9.144122454551191, 45.473194204460746 ], [ 9.144446840418174, 45.472081658499221 ], [ 9.14455728696899, 45.471696816423481 ], [ 9.144615366378652, 45.471512384318743 ], [ 9.144767392535055, 45.471027684248291 ], [ 9.144886624959268, 45.470641338251482 ], [ 9.145067929087407, 45.470064707485378 ], [ 9.14509611141952, 45.469977761663074 ], [ 9.145360939164123, 45.469160736713199 ], [ 9.145409033224164, 45.469011406149164 ], [ 9.145492543690192, 45.468748777540732 ], [ 9.145531027674835, 45.468606569191117 ], [ 9.145696341093378, 45.468082621735576 ], [ 9.146058744852242, 45.466949989552518 ], [ 9.145813076217616, 45.466972667767941 ], [ 9.145714795152223, 45.466981740363686 ], [ 9.145004331634141, 45.467049234347925 ], [ 9.14454283002207, 45.46708793659144 ], [ 9.14418556968538, 45.467121240642925 ], [ 9.143205660577964, 45.467206089878552 ], [ 9.14177102232499, 45.46735438908636 ], [ 9.141498289618383, 45.467359282756981 ], [ 9.140696671870016, 45.467373662203954 ], [ 9.140138164221559, 45.467370525058257 ], [ 9.138797625261347, 45.467369002387528 ], [ 9.13698448288558, 45.467372128158473 ], [ 9.136008449837991, 45.467435075018741 ], [ 9.134008222811776, 45.467679686283432 ], [ 9.129899769532278, 45.468174310179243 ], [ 9.128740257702695, 45.468400959483091 ], [ 9.128306977018086, 45.468559614927067 ], [ 9.127274631835787, 45.46893761887808 ], [ 9.127345471645121, 45.468988917789972 ], [ 9.127533205132758, 45.469124866568777 ], [ 9.128289641385882, 45.469584648836417 ], [ 9.12842122377177, 45.469674466915258 ], [ 9.12917029950292, 45.470126420552447 ], [ 9.129351187097312, 45.470153489445202 ], [ 9.129697294684728, 45.47051750358294 ], [ 9.130273523643945, 45.47086964471017 ], [ 9.131272924810265, 45.471514775493866 ], [ 9.131680360533256, 45.471780646978274 ], [ 9.132440576540624, 45.472267895792882 ], [ 9.133677803047107, 45.473108232290407 ], [ 9.134234886710676, 45.473457854449265 ], [ 9.135008776584801, 45.47397351278024 ], [ 9.135666708228738, 45.474406312754482 ], [ 9.136251782588799, 45.474791177260798 ], [ 9.137088928795359, 45.475368087117744 ], [ 9.137352953622676, 45.475272270181229 ], [ 9.13764574488596, 45.475246805363433 ], [ 9.137702970633509, 45.475973432727393 ], [ 9.138611759823966, 45.475959239556033 ], [ 9.138576937077005, 45.476316037031189 ], [ 9.140678855832324, 45.477672534975078 ], [ 9.14178518731269, 45.478387739522312 ], [ 9.142438334656536, 45.478807345489571 ], [ 9.142723176152701, 45.478991319499087 ], [ 9.142915682199057, 45.479114676565736 ], [ 9.142894738916194, 45.478533883394562 ], [ 9.142867243437832, 45.477736207035029 ], [ 9.142871281924185, 45.477155683110325 ] ] ] } },
{ "type": "Feature", "properties": { "MapCommunity": "C1", "CITY": "Milano", "COM_ASC2": "15146058", "DEN_ASC2": "De Angeli - Monte Rosa", "is_member": 0, "is_incoming": 0, "CommunityInitial": "", "CommunityPrev": "", "CommunityFinal": "", "Transition": "" }, "geometry": { "type": "Polygon", "coordinates": [ [ [ 9.147651557097138, 45.483419171953045 ], [ 9.147988159488827, 45.483178635757142 ], [ 9.148508823230388, 45.482815806336809 ], [ 9.14916713525284, 45.482321966534911 ], [ 9.149771199759314, 45.481907087444846 ], [ 9.150365845798898, 45.481442261959877 ], [ 9.151028436385451, 45.48093404881817 ], [ 9.151637788755316, 45.480449484630562 ], [ 9.151613034390857, 45.479829528766849 ], [ 9.15157733003281, 45.479183582083394 ], [ 9.151487187266653, 45.477552667985883 ], [ 9.151432687066629, 45.476142012540478 ], [ 9.151419621210495, 45.47580080164866 ], [ 9.151409978329035, 45.475496040956394 ], [ 9.151337077506309, 45.474427358653855 ], [ 9.151142921151804, 45.474350880688213 ], [ 9.150571536725113, 45.47398191734829 ], [ 9.151580583770388, 45.473199793625433 ], [ 9.151623204143865, 45.473660543377363 ], [ 9.152720275183036, 45.473624070909828 ], [ 9.153732831170032, 45.473606109089168 ], [ 9.155555075946838, 45.473560758697005 ], [ 9.155363757928489, 45.470367684651649 ], [ 9.155301725187886, 45.468715093047372 ], [ 9.155261012934789, 45.468026030175587 ], [ 9.155234188629001, 45.467759996045963 ], [ 9.155199703759056, 45.466869032417456 ], [ 9.152834549628881, 45.46706474605071 ], [ 9.151669064141805, 45.466703555202209 ], [ 9.150652976596827, 45.466405613884113 ], [ 9.150047493960953, 45.46684804337383 ], [ 9.148627751727576, 45.466520502790587 ], [ 9.148590668250257, 45.466720958907409 ], [ 9.147910487991471, 45.46678160687194 ], [ 9.146608546434072, 45.466900936235817 ], [ 9.146058744852242, 45.466949989552518 ], [ 9.145696341093378, 45.468082621735576 ], [ 9.145531027674835, 45.468606569191117 ], [ 9.145492543690192, 45.468748777540732 ], [ 9.145409033224164, 45.469011406149164 ], [ 9.145360939164123, 45.469160736713199 ], [ 9.14509611141952, 45.469977761663074 ], [ 9.145067929087407, 45.470064707485378 ], [ 9.144886624959268, 45.470641338251482 ], [ 9.144767392535055, 45.471027684248291 ], [ 9.144615366378652, 45.471512384318743 ], [ 9.14455728696899, 45.471696816423481 ], [ 9.144446840418174, 45.472081658499221 ], [ 9.144122454551191, 45.473194204460746 ], [ 9.143867262478269, 45.473858947206885 ], [ 9.143761509706266, 45.474188294806581 ], [ 9.143686077591868, 45.474415040247649 ], [ 9.143447088086198, 45.475106720950834 ], [ 9.142871281924185, 45.477155683110325 ], [ 9.142867243437832, 45.477736207035029 ], [ 9.142894738916194, 45.478533883394562 ], [ 9.142915682199057, 45.479114676565736 ], [ 9.143115746642247, 45.482461284822243 ], [ 9.142959649977326, 45.482585147275479 ], [ 9.142803303450149, 45.482709143942387 ], [ 9.142754106178055, 45.482748148969286 ], [ 9.142283904848977, 45.483121059731126 ], [ 9.142494073007008, 45.48334982873515 ], [ 9.142801797183898, 45.483329008213929 ], [ 9.143167652014728, 45.483304253422567 ], [ 9.143224842742582, 45.483706976537263 ], [ 9.143487595274475, 45.484396700118744 ], [ 9.144206209655653, 45.485233998515746 ], [ 9.144785395660071, 45.485651972788119 ], [ 9.144905029940709, 45.485553231395848 ], [ 9.14533986681788, 45.485182994145617 ], [ 9.146369596458277, 45.484412531087976 ], [ 9.147382467017747, 45.483616865440482 ], [ 9.147651557097138, 45.483419171953045 ] ] ] } },
{ "type": "Feature", "properties": { "MapCommunity": "C1", "CITY": "Milano", "COM_ASC2": "15146059", "DEN_ASC2": "Tre Torri", "is_member": 0, "is_incoming": 0, "CommunityInitial": "", "CommunityPrev": "", "CommunityFinal": "", "Transition": "" }, "geometry": { "type": "Polygon", "coordinates": [ [ [ 9.159889473721547, 45.474252364278719 ], [ 9.159824513261086, 45.473446864195047 ], [ 9.158371028682533, 45.473485428897831 ], [ 9.157363114222617, 45.473514946947468 ], [ 9.156783622968916, 45.473533789357269 ], [ 9.155555075946838, 45.473560758697005 ], [ 9.153732831170032, 45.473606109089168 ], [ 9.152720275183036, 45.473624070909828 ], [ 9.151623204143865, 45.473660543377363 ], [ 9.151580583770388, 45.473199793625433 ], [ 9.150571536725113, 45.47398191734829 ], [ 9.151142921151804, 45.474350880688213 ], [ 9.151337077506309, 45.474427358653855 ], [ 9.151409978329035, 45.475496040956394 ], [ 9.151419621210495, 45.47580080164866 ], [ 9.151432687066629, 45.476142012540478 ], [ 9.151487187266653, 45.477552667985883 ], [ 9.15157733003281, 45.479183582083394 ], [ 9.151613034390857, 45.479829528766849 ], [ 9.151637788755316, 45.480449484630562 ], [ 9.151844071485087, 45.480446557061953 ], [ 9.154839026392779, 45.480406891996026 ], [ 9.155982248029035, 45.480391666548449 ], [ 9.158684721351943, 45.480359103649917 ], [ 9.160275298995595, 45.480301487090117 ], [ 9.160219446335216, 45.480052237602074 ], [ 9.16013588613359, 45.478668721197835 ], [ 9.160076625009658, 45.477437691606681 ], [ 9.159980995448644, 45.475718994834239 ], [ 9.15996655214636, 45.475225670559745 ], [ 9.159889473721547, 45.474252364278719 ] ] ] } },
{ "type": "Feature", "properties": { "MapCommunity": "C1", "CITY": "Milano", "COM_ASC2": "15146060", "DEN_ASC2": "Stadio - Ippodromi", "is_member": 0, "is_incoming": 0, "CommunityInitial": "", "CommunityPrev": "", "CommunityFinal": "", "Transition": "" }, "geometry": { "type": "Polygon", "coordinates": [ [ [ 9.111824544035645, 45.490882465943073 ], [ 9.112391452511591, 45.490713187499516 ], [ 9.112571561482296, 45.490925508407713 ], [ 9.112686140705764, 45.49087766953506 ], [ 9.112923869349846, 45.490768650467622 ], [ 9.114865573781163, 45.489739501263792 ], [ 9.115244717460898, 45.489539076870514 ], [ 9.116527276570928, 45.488864394054438 ], [ 9.117012707759377, 45.488605796043736 ], [ 9.117544111142065, 45.488303809902881 ], [ 9.117833901675818, 45.48811043746943 ], [ 9.118000789176092, 45.48799907482816 ], [ 9.118160763786838, 45.487892324982951 ], [ 9.118181547599178, 45.48785512241033 ], [ 9.118484544252548, 45.487312770638802 ], [ 9.11851971102787, 45.487249824176523 ], [ 9.118584795831499, 45.486645520685315 ], [ 9.118039095704852, 45.484864473980544 ], [ 9.119288120215863, 45.485079878492073 ], [ 9.124614605917753, 45.486004819951582 ], [ 9.126882861482787, 45.485455564680542 ], [ 9.128025328112138, 45.485182913096509 ], [ 9.130204463974509, 45.484636076942358 ], [ 9.130754351407081, 45.484495172943959 ], [ 9.131124061483769, 45.484400250466216 ], [ 9.131491616501167, 45.484306881071149 ], [ 9.131846812600793, 45.484216596853777 ], [ 9.132179823903046, 45.484136022453022 ], [ 9.132612046973641, 45.484031774106228 ], [ 9.132996839636055, 45.483940493321306 ], [ 9.133365835497084, 45.483849704944298 ], [ 9.133725945601768, 45.483762039278396 ], [ 9.13409578580973, 45.483668379781832 ], [ 9.134749694062828, 45.483504267988167 ], [ 9.135527605198611, 45.483314013633311 ], [ 9.136265231759051, 45.483137369489896 ], [ 9.136895117875927, 45.482981889965863 ], [ 9.137505624894404, 45.482833162263717 ], [ 9.138293675275794, 45.482633683954397 ], [ 9.138907229787206, 45.482480509288784 ], [ 9.139464635872397, 45.482338697250889 ], [ 9.139896329485484, 45.482043387542554 ], [ 9.140203640639665, 45.48174503350721 ], [ 9.140433946650347, 45.481431292221416 ], [ 9.140570572599731, 45.481059563248571 ], [ 9.140745100116135, 45.480467263307737 ], [ 9.141342103881529, 45.480096332452518 ], [ 9.141571146186658, 45.479954017589975 ], [ 9.142286870840966, 45.479509278901638 ], [ 9.142424041606258, 45.479422937067966 ], [ 9.142701312834326, 45.479249088091777 ], [ 9.142915682199057, 45.479114676565736 ], [ 9.142723176152701, 45.478991319499087 ], [ 9.142438334656536, 45.478807345489571 ], [ 9.14178518731269, 45.478387739522312 ], [ 9.140678855832324, 45.477672534975078 ], [ 9.138576937077005, 45.476316037031189 ], [ 9.138611759823966, 45.475959239556033 ], [ 9.137702970633509, 45.475973432727393 ], [ 9.13764574488596, 45.475246805363433 ], [ 9.137352953622676, 45.475272270181229 ], [ 9.137088928795359, 45.475368087117744 ], [ 9.136251782588799, 45.474791177260798 ], [ 9.135666708228738, 45.474406312754482 ], [ 9.135008776584801, 45.47397351278024 ], [ 9.134234886710676, 45.473457854449265 ], [ 9.133677803047107, 45.473108232290407 ], [ 9.132440576540624, 45.472267895792882 ], [ 9.131680360533256, 45.471780646978274 ], [ 9.131272924810265, 45.471514775493866 ], [ 9.130273523643945, 45.47086964471017 ], [ 9.129697294684728, 45.47051750358294 ], [ 9.129351187097312, 45.470153489445202 ], [ 9.12917029950292, 45.470126420552447 ], [ 9.12842122377177, 45.469674466915258 ], [ 9.128289641385882, 45.469584648836417 ], [ 9.127533205132758, 45.469124866568777 ], [ 9.127345471645121, 45.468988917789972 ], [ 9.127274631835787, 45.46893761887808 ], [ 9.126130062004673, 45.469279285349323 ], [ 9.126185315560631, 45.46931729843601 ], [ 9.124781077890132, 45.469763351015331 ], [ 9.124371969828591, 45.469880814375067 ], [ 9.124071347899699, 45.469991905361965 ], [ 9.123639195249877, 45.470230442632669 ], [ 9.122732768035394, 45.470744640575582 ], [ 9.12186970089577, 45.47122140942038 ], [ 9.118951533051748, 45.472890042306979 ], [ 9.115021811913611, 45.475225630996434 ], [ 9.113526289629833, 45.47570990692244 ], [ 9.11143218070773, 45.4763995785299 ], [ 9.111380323662427, 45.476626774609151 ], [ 9.109626952185307, 45.484320171287919 ], [ 9.108807137771739, 45.488597141258218 ], [ 9.109664333377621, 45.489091513702327 ], [ 9.109243759857151, 45.489944126911134 ], [ 9.109081465765852, 45.4902731336785 ], [ 9.110111039044153, 45.490615398463774 ], [ 9.110494878071616, 45.490742996279444 ], [ 9.111058047700862, 45.490930204232818 ], [ 9.111118772574059, 45.490950389665066 ], [ 9.111824544035645, 45.490882465943073 ] ] ] } },
{ "type": "Feature", "properties": { "MapCommunity": "C1", "CITY": "Milano", "COM_ASC2": "15146061", "DEN_ASC2": "Quarto Cagnino", "is_member": 0, "is_incoming": 0, "CommunityInitial": "C1", "CommunityPrev": "C1", "CommunityFinal": "C4", "Transition": "ingresso" }, "geometry": { "type": "Polygon", "coordinates": [ [ [ 9.116946067704735, 45.471192266310176 ], [ 9.116216816930402, 45.470978289194015 ], [ 9.114193177788987, 45.470631445216 ], [ 9.113917090546904, 45.470558902218599 ], [ 9.112499465018258, 45.470181746239383 ], [ 9.111727480309641, 45.46997635163126 ], [ 9.110850722270007, 45.469773420833349 ], [ 9.109630171664007, 45.469638004908511 ], [ 9.107682108486145, 45.469229406641482 ], [ 9.106456488802765, 45.468972627398657 ], [ 9.106119336191362, 45.469754452748262 ], [ 9.105837196310398, 45.470406657613047 ], [ 9.105558361518167, 45.471052392202878 ], [ 9.105537427407544, 45.471102754255199 ], [ 9.104478303974748, 45.470798503209771 ], [ 9.104369547541074, 45.470788223368345 ], [ 9.103978223087921, 45.470751124529038 ], [ 9.103771316156049, 45.470908373407916 ], [ 9.103474099634406, 45.471063369744165 ], [ 9.102907500043539, 45.471168245795155 ], [ 9.102491513428843, 45.471154937101012 ], [ 9.102216664376792, 45.47101665699352 ], [ 9.102186492407562, 45.470990119701092 ], [ 9.101623509158268, 45.47049493584543 ], [ 9.100089979762972, 45.471818319495462 ], [ 9.098457115662971, 45.473134466154924 ], [ 9.099933802460646, 45.473792946743551 ], [ 9.099970803072813, 45.473809445929589 ], [ 9.100211856782256, 45.473877907391191 ], [ 9.101120563596217, 45.474135983126885 ], [ 9.101233848916497, 45.474140775824893 ], [ 9.102733769324729, 45.474204217258112 ], [ 9.10015624166822, 45.477358830054108 ], [ 9.101777082934694, 45.478122721970493 ], [ 9.102141752118749, 45.478294576258804 ], [ 9.102830689169529, 45.47931821471704 ], [ 9.102865403026, 45.479369372207501 ], [ 9.102907495250498, 45.479431447758266 ], [ 9.103937989651891, 45.479036422878842 ], [ 9.106179879206753, 45.478176977938929 ], [ 9.107150185130291, 45.477816994479809 ], [ 9.107740487468444, 45.477626580229405 ], [ 9.107962440088038, 45.477554984178333 ], [ 9.108281363869027, 45.47743334921288 ], [ 9.110532769011803, 45.476694684526166 ], [ 9.11143218070773, 45.4763995785299 ], [ 9.113526289629833, 45.47570990692244 ], [ 9.115021811913611, 45.475225630996434 ], [ 9.118951533051748, 45.472890042306979 ], [ 9.118852717402136, 45.472808151626481 ], [ 9.117855111130844, 45.47198139897634 ], [ 9.116946067704735, 45.471192266310176 ] ] ] } },
{ "type": "Feature", "properties": { "MapCommunity": "C1", "CITY": "Milano", "COM_ASC2": "15146062", "DEN_ASC2": "Quinto Romano", "is_member": 0, "is_incoming": 0, "CommunityInitial": "", "CommunityPrev": "", "CommunityFinal": "", "Transition": "" }, "geometry": { "type": "Polygon", "coordinates": [ [ [ 9.083754319998528, 45.484850342652365 ], [ 9.084440377498513, 45.484594659181447 ], [ 9.085159360447042, 45.484333522037375 ], [ 9.085953556777024, 45.484045090772334 ], [ 9.08673312728415, 45.483761963160553 ], [ 9.089094853515459, 45.483278463634043 ], [ 9.09064319164265, 45.482857974935477 ], [ 9.092431164055849, 45.482372374073783 ], [ 9.093763358674769, 45.48202812795256 ], [ 9.094859725763015, 45.48176352283847 ], [ 9.095454164787245, 45.481625675275041 ], [ 9.097385664960154, 45.481180790626958 ], [ 9.100502162209173, 45.480222540827384 ], [ 9.101567645509956, 45.479888809950943 ], [ 9.102168633925313, 45.479686429107325 ], [ 9.102907495250498, 45.479431447758266 ], [ 9.102865403026, 45.479369372207501 ], [ 9.102830689169529, 45.47931821471704 ], [ 9.102141752118749, 45.478294576258804 ], [ 9.101777082934694, 45.478122721970493 ], [ 9.10015624166822, 45.477358830054108 ], [ 9.098979530723652, 45.476909397481748 ], [ 9.097796348187165, 45.476406131277827 ], [ 9.095655562061431, 45.476146694882722 ], [ 9.094744819264152, 45.476036311918939 ], [ 9.093937250623508, 45.475938426833977 ], [ 9.093539664137719, 45.475892126120286 ], [ 9.093561542701337, 45.475866855408498 ], [ 9.093959401472242, 45.475407304223666 ], [ 9.093615351695284, 45.475246526882515 ], [ 9.093295560372125, 45.475096744328546 ], [ 9.09275720164791, 45.474844212825445 ], [ 9.093003711955115, 45.474651595149972 ], [ 9.094182252893784, 45.473724820684865 ], [ 9.094211742243733, 45.473701630936539 ], [ 9.094176787080656, 45.473681613238583 ], [ 9.092943047447577, 45.473059544200154 ], [ 9.092392764432111, 45.473175825882095 ], [ 9.091170232575388, 45.473434150056079 ], [ 9.090771755165587, 45.473349662803145 ], [ 9.0904292407222, 45.473277039328238 ], [ 9.090589595494148, 45.472829292664983 ], [ 9.090622401491672, 45.472790656986589 ], [ 9.091056946777149, 45.472278870708344 ], [ 9.090932729694673, 45.472190213526794 ], [ 9.090888395729362, 45.472158570958321 ], [ 9.090673192232023, 45.472219646670354 ], [ 9.089824229074148, 45.472460583199734 ], [ 9.089669779043055, 45.472586696755478 ], [ 9.089081602919761, 45.47306815925657 ], [ 9.088976627504396, 45.47331123508237 ], [ 9.088691509771335, 45.473971429454309 ], [ 9.088601982259869, 45.473955754072946 ], [ 9.087643609211606, 45.473787949076865 ], [ 9.087553880671608, 45.473965954057896 ], [ 9.087353030937688, 45.474382691287936 ], [ 9.087172265821431, 45.474757752666918 ], [ 9.086942743216936, 45.474730484808987 ], [ 9.086162617962374, 45.474583170398098 ], [ 9.085690283671358, 45.474493974801987 ], [ 9.083871925717466, 45.474150575737774 ], [ 9.083852158259239, 45.474240513805377 ], [ 9.08367273351872, 45.475239302427767 ], [ 9.082962582936592, 45.474914026468475 ], [ 9.083563564426091, 45.476125130298762 ], [ 9.083669427981837, 45.476338462526996 ], [ 9.083073195298939, 45.476862146674499 ], [ 9.082902188482086, 45.477012342957202 ], [ 9.082770357804762, 45.477128582481939 ], [ 9.081361537485, 45.478365462611336 ], [ 9.081322944452427, 45.478399221077936 ], [ 9.081101547042538, 45.47859379745065 ], [ 9.08058808793643, 45.478450953136459 ], [ 9.080515950719485, 45.478286556229826 ], [ 9.080435002625791, 45.478255568222558 ], [ 9.079592200124473, 45.477932920244932 ], [ 9.078346853874001, 45.478124811229229 ], [ 9.07820776417911, 45.478854180424186 ], [ 9.077704347988123, 45.47881028683593 ], [ 9.076098679230979, 45.478675246722879 ], [ 9.075838696139229, 45.478653186737382 ], [ 9.075607364212384, 45.478633561818611 ], [ 9.07538417344675, 45.478614618748296 ], [ 9.072671021629063, 45.481423464909469 ], [ 9.072891125128054, 45.481483357941606 ], [ 9.075067666796643, 45.482075573334178 ], [ 9.077749519728345, 45.482495663977325 ], [ 9.076976626074721, 45.484915921993441 ], [ 9.078793995452004, 45.485200108719496 ], [ 9.078934480524829, 45.484728450877711 ], [ 9.080293067048101, 45.484888850683149 ], [ 9.080258031231386, 45.485087391378698 ], [ 9.082367877803906, 45.485187209258733 ], [ 9.082580593007489, 45.485203106544553 ], [ 9.082794885015101, 45.485219122006761 ], [ 9.083754319998528, 45.484850342652365 ] ] ] } },
{ "type": "Feature", "properties": { "MapCommunity": "C1", "CITY": "Milano", "COM_ASC2": "15146063", "DEN_ASC2": "Figino", "is_member": 0, "is_incoming": 0, "CommunityInitial": "", "CommunityPrev": "", "CommunityFinal": "", "Transition": "" }, "geometry": { "type": "Polygon", "coordinates": [ [ [ 9.075883887739955, 45.495111914621106 ], [ 9.075977793785471, 45.49490646320298 ], [ 9.076445927413962, 45.495035863657392 ], [ 9.077048108694777, 45.495210714939603 ], [ 9.077530307877057, 45.494763693419522 ], [ 9.078908839070026, 45.495196353463143 ], [ 9.07958671928567, 45.495409100461998 ], [ 9.079810513568018, 45.495479335959367 ], [ 9.080593948422562, 45.494561949207174 ], [ 9.081614456360526, 45.493020168196928 ], [ 9.081657725766451, 45.492954792547657 ], [ 9.082513822543817, 45.491579190781572 ], [ 9.082600800223535, 45.491461003138383 ], [ 9.083369614299601, 45.490416275189965 ], [ 9.085103125042972, 45.48883159425521 ], [ 9.084165135958314, 45.488076536121028 ], [ 9.083783462819049, 45.48776929044346 ], [ 9.083705282709023, 45.487706355874479 ], [ 9.083640236525548, 45.487653991593284 ], [ 9.083748292862952, 45.484997957989222 ], [ 9.083754319998528, 45.484850342652365 ], [ 9.082794885015101, 45.485219122006761 ], [ 9.08083420697503, 45.48597270992213 ], [ 9.079426850749705, 45.486512347136504 ], [ 9.077796568775241, 45.487135956671189 ], [ 9.076564751294949, 45.487543359471431 ], [ 9.076027782137972, 45.487720947272599 ], [ 9.07609363803833, 45.487418033442552 ], [ 9.076143258736806, 45.487189788670968 ], [ 9.076238202692782, 45.486752931626597 ], [ 9.073873732515382, 45.486357399185856 ], [ 9.073502009535394, 45.487106789957011 ], [ 9.072147330131644, 45.487027405595228 ], [ 9.072126733491279, 45.485924213373224 ], [ 9.06974524615139, 45.485737159405481 ], [ 9.068906609117837, 45.485971556268396 ], [ 9.068722726014638, 45.48590351297571 ], [ 9.068543940675651, 45.485847469371805 ], [ 9.067869728761432, 45.486776547462519 ], [ 9.067443775421758, 45.487403221713883 ], [ 9.067230861220677, 45.487853801043464 ], [ 9.06696116389613, 45.488554549912109 ], [ 9.066646644669891, 45.489735618508625 ], [ 9.0665046986986, 45.490630576798935 ], [ 9.066562861469682, 45.491978048311999 ], [ 9.06660051192074, 45.492850252888658 ], [ 9.066598112488563, 45.493266308893752 ], [ 9.066663534182167, 45.495944523419325 ], [ 9.066737820989966, 45.497996748193863 ], [ 9.070107516352625, 45.497916813229381 ], [ 9.074629250104961, 45.497809393147186 ], [ 9.074564769826869, 45.497306738707081 ], [ 9.074519727469232, 45.496955637215613 ], [ 9.074569074879655, 45.496848610253217 ], [ 9.074630277370103, 45.496643407278412 ], [ 9.074731624947846, 45.49654792712311 ], [ 9.074994394844236, 45.496300368440238 ], [ 9.075410097403866, 45.49601305465341 ], [ 9.075534503170166, 45.495819771940582 ], [ 9.075623645443768, 45.495681273588389 ], [ 9.075883887739955, 45.495111914621106 ] ] ] } },
{ "type": "Feature", "properties": { "MapCommunity": "C1", "CITY": "Milano", "COM_ASC2": "15146064", "DEN_ASC2": "Trenno", "is_member": 0, "is_incoming": 0, "CommunityInitial": "C1", "CommunityPrev": "C1", "CommunityFinal": "C4", "Transition": "ingresso" }, "geometry": { "type": "Polygon", "coordinates": [ [ [ 9.102023821482206, 45.49623641058129 ], [ 9.102146891916263, 45.496171562582887 ], [ 9.10273627551293, 45.495893356889248 ], [ 9.103444689480108, 45.495621700356921 ], [ 9.104486787349332, 45.495198015011191 ], [ 9.10457995900226, 45.495160134847154 ], [ 9.105680432992893, 45.494581082073125 ], [ 9.106267776498497, 45.494120184427757 ], [ 9.106313048268428, 45.494080777594093 ], [ 9.106571746893991, 45.493855588005978 ], [ 9.106894385010142, 45.493380171851378 ], [ 9.107149994603416, 45.492720791883066 ], [ 9.107225646377579, 45.49245973801964 ], [ 9.107160927179882, 45.492453134302153 ], [ 9.106417154320882, 45.492378012056143 ], [ 9.105996999259771, 45.492334359184156 ], [ 9.105609973731731, 45.492294861475884 ], [ 9.105303424076066, 45.492260458556899 ], [ 9.105424843181051, 45.49195579630571 ], [ 9.105636049468098, 45.491431544384618 ], [ 9.105744180831461, 45.491193813985895 ], [ 9.105909632487943, 45.490838219688108 ], [ 9.106128533134884, 45.490371991841087 ], [ 9.106227083898029, 45.490162087900345 ], [ 9.106153661653208, 45.490144757829391 ], [ 9.102954196010446, 45.489389549844148 ], [ 9.103018128992915, 45.48914747730619 ], [ 9.103106074547197, 45.488814475900263 ], [ 9.101455813651942, 45.48847355144526 ], [ 9.101410889560809, 45.488455783453439 ], [ 9.099982379645958, 45.487890772886487 ], [ 9.099932237780333, 45.488592308237884 ], [ 9.09991752917686, 45.488662747932821 ], [ 9.099600477746385, 45.490181136720182 ], [ 9.099592713770837, 45.490218315544503 ], [ 9.099512619225008, 45.490266178761082 ], [ 9.097964216917164, 45.491191465476582 ], [ 9.097962592677764, 45.491219396537275 ], [ 9.097908761264614, 45.492145401694131 ], [ 9.097885955713606, 45.492461064498229 ], [ 9.098611600238728, 45.49252962499655 ], [ 9.098424016392208, 45.493174256316422 ], [ 9.098197374730422, 45.493201306293756 ], [ 9.097854001812518, 45.493240065556364 ], [ 9.097601727579338, 45.493272394776348 ], [ 9.0973855545204, 45.493412588508804 ], [ 9.097325521427479, 45.493741446138053 ], [ 9.097152270515428, 45.493686821646207 ], [ 9.096967869671477, 45.494843049383604 ], [ 9.096723957182073, 45.496372354118478 ], [ 9.098827593857012, 45.496218353199708 ], [ 9.099467670083776, 45.496375046684214 ], [ 9.099745627671869, 45.496394112659551 ], [ 9.099731128306633, 45.49651910346887 ], [ 9.099364833224961, 45.497002857764997 ], [ 9.099992574843743, 45.497097916505588 ], [ 9.100323149237452, 45.497151583992625 ], [ 9.100468984152236, 45.497175259335435 ], [ 9.100545287531697, 45.497116551569356 ], [ 9.101281817729065, 45.496627375684852 ], [ 9.102023821482206, 45.49623641058129 ] ] ] } },
{ "type": "Feature", "properties": { "MapCommunity": "C1", "CITY": "Milano", "COM_ASC2": "15146065", "DEN_ASC2": "Q.re Gallaratese - Q.re San Leonardo - Lampugnano", "is_member": 0, "is_incoming": 0, "CommunityInitial": "C1", "CommunityPrev": "C1", "CommunityFinal": "C4", "Transition": "ingresso" }, "geometry": { "type": "Polygon", "coordinates": [ [ [ 9.097520011970026, 45.50652041311902 ], [ 9.097587360588516, 45.506507259865579 ], [ 9.097853611600664, 45.506642046279921 ], [ 9.097946249506572, 45.506687456773449 ], [ 9.098003611869192, 45.506716280483943 ], [ 9.098840296073536, 45.506512832647218 ], [ 9.101143747108509, 45.505966760366164 ], [ 9.10177805049964, 45.505807345991656 ], [ 9.103290484688619, 45.505427219200243 ], [ 9.103365800643969, 45.505408537641728 ], [ 9.103903321195416, 45.505275207744276 ], [ 9.104806156388086, 45.50505125671237 ], [ 9.105305792101674, 45.504927317033093 ], [ 9.106153916566402, 45.504722099301475 ], [ 9.106851716864155, 45.504553248220951 ], [ 9.107333050299186, 45.504436774217325 ], [ 9.107566660142169, 45.504380687168322 ], [ 9.108536508164432, 45.504147834088911 ], [ 9.108735726382973, 45.504100216777168 ], [ 9.109201519507108, 45.503988879426295 ], [ 9.10946769239367, 45.503925254909454 ], [ 9.109633784560911, 45.5038827021014 ], [ 9.111569089513281, 45.503386861564721 ], [ 9.112782620375588, 45.50309899375037 ], [ 9.114049073625139, 45.50279855403106 ], [ 9.114346820134164, 45.502727917927665 ], [ 9.115480355962566, 45.502458992143801 ], [ 9.115564605067986, 45.502439761534113 ], [ 9.116832999503178, 45.502150231627198 ], [ 9.117592446514129, 45.501976867337049 ], [ 9.118593870500868, 45.501743429998768 ], [ 9.120324138392867, 45.501355946268923 ], [ 9.12008964646885, 45.501253209255111 ], [ 9.120663905595427, 45.499375392986842 ], [ 9.120692856591077, 45.49928896408754 ], [ 9.120797864439389, 45.498938374903808 ], [ 9.124660151753067, 45.49734330276371 ], [ 9.124900861297482, 45.497250963558145 ], [ 9.125477972991504, 45.497029572706921 ], [ 9.12657407274669, 45.496589487585332 ], [ 9.127862994815386, 45.496064290068098 ], [ 9.12882064377999, 45.495711541276037 ], [ 9.129213772555346, 45.49556672972583 ], [ 9.129253526605467, 45.495544912785483 ], [ 9.130097171934747, 45.495235344570268 ], [ 9.13018820754503, 45.495196021970379 ], [ 9.130183023071192, 45.495160023304287 ], [ 9.130123540001174, 45.494747009676942 ], [ 9.130020845231178, 45.494033670664159 ], [ 9.129990032625541, 45.492736664822651 ], [ 9.129996584863171, 45.492161855756876 ], [ 9.130107395072265, 45.487417447301972 ], [ 9.130202826547956, 45.486624892042308 ], [ 9.130214573171008, 45.486557371773259 ], [ 9.130227120001912, 45.485808609651208 ], [ 9.130204463974509, 45.484636076942358 ], [ 9.128025328112138, 45.485182913096509 ], [ 9.126882861482787, 45.485455564680542 ], [ 9.124614605917753, 45.486004819951582 ], [ 9.119288120215863, 45.485079878492073 ], [ 9.118039095704852, 45.484864473980544 ], [ 9.118584795831499, 45.486645520685315 ], [ 9.11851971102787, 45.487249824176523 ], [ 9.118484544252548, 45.487312770638802 ], [ 9.118181547599178, 45.48785512241033 ], [ 9.118160763786838, 45.487892324982951 ], [ 9.118000789176092, 45.48799907482816 ], [ 9.117833901675818, 45.48811043746943 ], [ 9.117544111142065, 45.488303809902881 ], [ 9.117012707759377, 45.488605796043736 ], [ 9.116527276570928, 45.488864394054438 ], [ 9.115244717460898, 45.489539076870514 ], [ 9.114865573781163, 45.489739501263792 ], [ 9.112923869349846, 45.490768650467622 ], [ 9.112686140705764, 45.49087766953506 ], [ 9.112571561482296, 45.490925508407713 ], [ 9.112391452511591, 45.490713187499516 ], [ 9.111824544035645, 45.490882465943073 ], [ 9.111118772574059, 45.490950389665066 ], [ 9.111058047700862, 45.490930204232818 ], [ 9.110494878071616, 45.490742996279444 ], [ 9.110111039044153, 45.490615398463774 ], [ 9.109081465765852, 45.4902731336785 ], [ 9.108930170741298, 45.490525209473105 ], [ 9.108226532053077, 45.491697528290736 ], [ 9.108129303399467, 45.49185951323274 ], [ 9.10803567698636, 45.491844881341699 ], [ 9.106620149230555, 45.491623661530745 ], [ 9.106944276660611, 45.490964303356115 ], [ 9.106965861260615, 45.490920394437595 ], [ 9.107231120518003, 45.490380776084585 ], [ 9.106901979695488, 45.490309087977046 ], [ 9.106227083898029, 45.490162087900345 ], [ 9.106128533134884, 45.490371991841087 ], [ 9.105909632487943, 45.490838219688108 ], [ 9.105744180831461, 45.491193813985895 ], [ 9.105636049468098, 45.491431544384618 ], [ 9.105424843181051, 45.49195579630571 ], [ 9.105303424076066, 45.492260458556899 ], [ 9.105609973731731, 45.492294861475884 ], [ 9.105996999259771, 45.492334359184156 ], [ 9.106417154320882, 45.492378012056143 ], [ 9.107160927179882, 45.492453134302153 ], [ 9.107225646377579, 45.49245973801964 ], [ 9.107149994603416, 45.492720791883066 ], [ 9.106894385010142, 45.493380171851378 ], [ 9.106571746893991, 45.493855588005978 ], [ 9.106313048268428, 45.494080777594093 ], [ 9.106267776498497, 45.494120184427757 ], [ 9.105680432992893, 45.494581082073125 ], [ 9.10457995900226, 45.495160134847154 ], [ 9.104486787349332, 45.495198015011191 ], [ 9.103444689480108, 45.495621700356921 ], [ 9.10273627551293, 45.495893356889248 ], [ 9.102146891916263, 45.496171562582887 ], [ 9.102023821482206, 45.49623641058129 ], [ 9.101281817729065, 45.496627375684852 ], [ 9.100545287531697, 45.497116551569356 ], [ 9.100468984152236, 45.497175259335435 ], [ 9.100323149237452, 45.497151583992625 ], [ 9.099992574843743, 45.497097916505588 ], [ 9.099364833224961, 45.497002857764997 ], [ 9.099731128306633, 45.49651910346887 ], [ 9.099745627671869, 45.496394112659551 ], [ 9.099467670083776, 45.496375046684214 ], [ 9.098827593857012, 45.496218353199708 ], [ 9.096723957182073, 45.496372354118478 ], [ 9.096343120838466, 45.496439641747649 ], [ 9.095512940687081, 45.497012708871992 ], [ 9.095289654374589, 45.497566154033819 ], [ 9.095189521115509, 45.497814342229624 ], [ 9.094509450555377, 45.499499900146503 ], [ 9.094495545126927, 45.499534362600784 ], [ 9.09443994419078, 45.499530848632723 ], [ 9.094330722646005, 45.499523945896122 ], [ 9.094114532602964, 45.499510283171666 ], [ 9.092238851148675, 45.498486814017902 ], [ 9.091933442175645, 45.498315629039823 ], [ 9.091327763708854, 45.498875941571022 ], [ 9.091290639413209, 45.498841406877332 ], [ 9.090949014673662, 45.498552849071714 ], [ 9.090886867709607, 45.49856026596705 ], [ 9.089714177894104, 45.498700213767663 ], [ 9.089678772532205, 45.498685125957827 ], [ 9.089409833484652, 45.498570804496168 ], [ 9.089419085635647, 45.49860282060299 ], [ 9.089468172291678, 45.498735188907126 ], [ 9.089479519517827, 45.498766238445221 ], [ 9.089546097838157, 45.498948446709555 ], [ 9.089726759773889, 45.499425529934086 ], [ 9.089740518151903, 45.499461860315684 ], [ 9.089753956496789, 45.499497346640233 ], [ 9.08971892713263, 45.499656465645977 ], [ 9.089646932372421, 45.499983495640585 ], [ 9.089554603880396, 45.500405509792117 ], [ 9.089548452068787, 45.500433626060172 ], [ 9.089708513553717, 45.50057786517629 ], [ 9.089897806594294, 45.50074844358673 ], [ 9.089976329318361, 45.500817134230047 ], [ 9.090029314430586, 45.500865300759195 ], [ 9.090125948615389, 45.500950372588804 ], [ 9.090172317490682, 45.500991193944131 ], [ 9.090587306035836, 45.5017379515999 ], [ 9.090796390909523, 45.502286857393784 ], [ 9.090723191242667, 45.502685945632621 ], [ 9.090602952096203, 45.503341493529149 ], [ 9.09058999102953, 45.503412153681978 ], [ 9.090707047595673, 45.503613040728958 ], [ 9.090846713472795, 45.503852994376004 ], [ 9.091095376545928, 45.503911130867756 ], [ 9.091192054943209, 45.503933732975383 ], [ 9.091241064481018, 45.503959816918332 ], [ 9.091341435906916, 45.504013234916911 ], [ 9.091707126246634, 45.504207856873975 ], [ 9.091810549654223, 45.504594818738937 ], [ 9.091884924878821, 45.505267783183875 ], [ 9.091918538108137, 45.505562344135299 ], [ 9.09197395890919, 45.505960287045902 ], [ 9.092007535843887, 45.506201381276021 ], [ 9.092015679159747, 45.506259849631704 ], [ 9.092081845610302, 45.506286545860121 ], [ 9.092358134662964, 45.506399089813797 ], [ 9.092430228166213, 45.506384983445095 ], [ 9.092533190397141, 45.506364670956714 ], [ 9.092569894818144, 45.506357452919261 ], [ 9.092817826667442, 45.506308705060817 ], [ 9.092894812150544, 45.506295144392439 ], [ 9.093253869711841, 45.50622995551835 ], [ 9.09345563790469, 45.506193320762137 ], [ 9.093791208680788, 45.506132393441618 ], [ 9.094312286484849, 45.506033665815124 ], [ 9.094363876418795, 45.506023903793256 ], [ 9.095049010629571, 45.506666910861149 ], [ 9.095237316242914, 45.506892969398663 ], [ 9.095289990502732, 45.506956467111898 ], [ 9.095385306804022, 45.506937824540898 ], [ 9.097520011970026, 45.50652041311902 ] ] ] } },
{ "type": "Feature", "properties": { "MapCommunity": "C1", "CITY": "Milano", "COM_ASC2": "15146066", "DEN_ASC2": "QT 8", "is_member": 0, "is_incoming": 0, "CommunityInitial": "", "CommunityPrev": "", "CommunityFinal": "", "Transition": "" }, "geometry": { "type": "Polygon", "coordinates": [ [ [ 9.143224842742582, 45.483706976537263 ], [ 9.143167652014728, 45.483304253422567 ], [ 9.142801797183898, 45.483329008213929 ], [ 9.142494073007008, 45.48334982873515 ], [ 9.142283904848977, 45.483121059731126 ], [ 9.142754106178055, 45.482748148969286 ], [ 9.142803303450149, 45.482709143942387 ], [ 9.142959649977326, 45.482585147275479 ], [ 9.143115746642247, 45.482461284822243 ], [ 9.142915682199057, 45.479114676565736 ], [ 9.142701312834326, 45.479249088091777 ], [ 9.142424041606258, 45.479422937067966 ], [ 9.142286870840966, 45.479509278901638 ], [ 9.141571146186658, 45.479954017589975 ], [ 9.141342103881529, 45.480096332452518 ], [ 9.140745100116135, 45.480467263307737 ], [ 9.140570572599731, 45.481059563248571 ], [ 9.140433946650347, 45.481431292221416 ], [ 9.140203640639665, 45.48174503350721 ], [ 9.139896329485484, 45.482043387542554 ], [ 9.139464635872397, 45.482338697250889 ], [ 9.138907229787206, 45.482480509288784 ], [ 9.138293675275794, 45.482633683954397 ], [ 9.137505624894404, 45.482833162263717 ], [ 9.136895117875927, 45.482981889965863 ], [ 9.136265231759051, 45.483137369489896 ], [ 9.135527605198611, 45.483314013633311 ], [ 9.134749694062828, 45.483504267988167 ], [ 9.13409578580973, 45.483668379781832 ], [ 9.133725945601768, 45.483762039278396 ], [ 9.133365835497084, 45.483849704944298 ], [ 9.132996839636055, 45.483940493321306 ], [ 9.132612046973641, 45.484031774106228 ], [ 9.132179823903046, 45.484136022453022 ], [ 9.131846812600793, 45.484216596853777 ], [ 9.131491616501167, 45.484306881071149 ], [ 9.131124061483769, 45.484400250466216 ], [ 9.130754351407081, 45.484495172943959 ], [ 9.130204463974509, 45.484636076942358 ], [ 9.130227120001912, 45.485808609651208 ], [ 9.130214573171008, 45.486557371773259 ], [ 9.130202826547956, 45.486624892042308 ], [ 9.130107395072265, 45.487417447301972 ], [ 9.129996584863171, 45.492161855756876 ], [ 9.129990032625541, 45.492736664822651 ], [ 9.130020845231178, 45.494033670664159 ], [ 9.130123540001174, 45.494747009676942 ], [ 9.130183023071192, 45.495160023304287 ], [ 9.13018820754503, 45.495196021970379 ], [ 9.130239348906045, 45.495172982853205 ], [ 9.130571274502003, 45.495023449573061 ], [ 9.130925976448259, 45.494863654020357 ], [ 9.132262644803175, 45.494264493966554 ], [ 9.132630136785249, 45.49409976096495 ], [ 9.133892235475845, 45.493554411461844 ], [ 9.134093078121122, 45.493467493932698 ], [ 9.134523866489259, 45.493255195845634 ], [ 9.135558422185156, 45.492788805226752 ], [ 9.13568814961215, 45.492705568811481 ], [ 9.136748309061662, 45.492024740397241 ], [ 9.136637425762357, 45.491997854337264 ], [ 9.13623645474097, 45.491900614987749 ], [ 9.136988730327245, 45.491543794567555 ], [ 9.137735284727709, 45.491189569300317 ], [ 9.138989415735971, 45.489956000571091 ], [ 9.140486161598046, 45.488810863855576 ], [ 9.141889036403875, 45.487866497495276 ], [ 9.144320801740227, 45.486018539719815 ], [ 9.144785395660071, 45.485651972788119 ], [ 9.144206209655653, 45.485233998515746 ], [ 9.143487595274475, 45.484396700118744 ], [ 9.143224842742582, 45.483706976537263 ] ] ] } },
{ "type": "Feature", "properties": { "MapCommunity": "C1", "CITY": "Milano", "COM_ASC2": "15146067", "DEN_ASC2": "Portello", "is_member": 0, "is_incoming": 0, "CommunityInitial": "", "CommunityPrev": "", "CommunityFinal": "", "Transition": "" }, "geometry": { "type": "Polygon", "coordinates": [ [ [ 9.160450496850283, 45.480426895629712 ], [ 9.160275298995595, 45.480301487090117 ], [ 9.158684721351943, 45.480359103649917 ], [ 9.155982248029035, 45.480391666548449 ], [ 9.154839026392779, 45.480406891996026 ], [ 9.151844071485087, 45.480446557061953 ], [ 9.151637788755316, 45.480449484630562 ], [ 9.151028436385451, 45.48093404881817 ], [ 9.150365845798898, 45.481442261959877 ], [ 9.149771199759314, 45.481907087444846 ], [ 9.14916713525284, 45.482321966534911 ], [ 9.148508823230388, 45.482815806336809 ], [ 9.147988159488827, 45.483178635757142 ], [ 9.147651557097138, 45.483419171953045 ], [ 9.147382467017747, 45.483616865440482 ], [ 9.146369596458277, 45.484412531087976 ], [ 9.14533986681788, 45.485182994145617 ], [ 9.144905029940709, 45.485553231395848 ], [ 9.144785395660071, 45.485651972788119 ], [ 9.147150778834673, 45.487199884744747 ], [ 9.151520289969712, 45.490073946709678 ], [ 9.151657907233673, 45.490009499459688 ], [ 9.151906276967306, 45.489891256147807 ], [ 9.152153482611592, 45.489776901441665 ], [ 9.153591085866852, 45.489111862580323 ], [ 9.154949027109737, 45.488522583639018 ], [ 9.156361811080904, 45.487854274202419 ], [ 9.157238959943605, 45.487208332661254 ], [ 9.158787275333676, 45.486042818295118 ], [ 9.159926850839103, 45.485204724709646 ], [ 9.160743962388658, 45.484624411644241 ], [ 9.161104982013349, 45.484325340842261 ], [ 9.162277691969967, 45.483375070033787 ], [ 9.163485642049931, 45.482434232823039 ], [ 9.162908738623187, 45.482071370391786 ], [ 9.161722342047321, 45.481218138144406 ], [ 9.160894205335257, 45.480711604009691 ], [ 9.160450496850283, 45.480426895629712 ] ] ] } },
{ "type": "Feature", "properties": { "MapCommunity": "C1", "CITY": "Milano", "COM_ASC2": "15146068", "DEN_ASC2": "Pagano", "is_member": 0, "is_incoming": 0, "CommunityInitial": "", "CommunityPrev": "", "CommunityFinal": "", "Transition": "" }, "geometry": { "type": "Polygon", "coordinates": [ [ [ 9.169302377756726, 45.473649216549127 ], [ 9.168942672863594, 45.473408161094405 ], [ 9.168707535813827, 45.473231287115091 ], [ 9.168239643236102, 45.472923997367182 ], [ 9.167298192939292, 45.472321049894482 ], [ 9.166386194636388, 45.471764496896817 ], [ 9.166165507725237, 45.471631377430271 ], [ 9.166414753281755, 45.471491544882632 ], [ 9.165865981863194, 45.469606989493506 ], [ 9.165741140809002, 45.469208569441683 ], [ 9.165585553876708, 45.468711229363073 ], [ 9.165526949191458, 45.468524028426899 ], [ 9.165272767483593, 45.467582169345683 ], [ 9.16505953863833, 45.466840793261227 ], [ 9.164911281196703, 45.46635042098881 ], [ 9.16486295364653, 45.466190572914357 ], [ 9.163048785244797, 45.466312299509497 ], [ 9.162349384084564, 45.466353978370037 ], [ 9.161901711234133, 45.466390752635618 ], [ 9.161470804292222, 45.466424795690088 ], [ 9.161132177547959, 45.466451547437693 ], [ 9.159882070066368, 45.466550298140113 ], [ 9.159313180618565, 45.466583360447828 ], [ 9.159158874324692, 45.466593881015491 ], [ 9.156969275080723, 45.466751947376977 ], [ 9.155199703759056, 45.466869032417456 ], [ 9.155234188629001, 45.467759996045963 ], [ 9.155261012934789, 45.468026030175587 ], [ 9.155301725187886, 45.468715093047372 ], [ 9.155363757928489, 45.470367684651649 ], [ 9.155555075946838, 45.473560758697005 ], [ 9.156783622968916, 45.473533789357269 ], [ 9.157363114222617, 45.473514946947468 ], [ 9.158371028682533, 45.473485428897831 ], [ 9.159824513261086, 45.473446864195047 ], [ 9.159889473721547, 45.474252364278719 ], [ 9.15996655214636, 45.475225670559745 ], [ 9.159980995448644, 45.475718994834239 ], [ 9.160076625009658, 45.477437691606681 ], [ 9.16013588613359, 45.478668721197835 ], [ 9.160219446335216, 45.480052237602074 ], [ 9.160275298995595, 45.480301487090117 ], [ 9.160450496850283, 45.480426895629712 ], [ 9.160894205335257, 45.480711604009691 ], [ 9.161722342047321, 45.481218138144406 ], [ 9.162908738623187, 45.482071370391786 ], [ 9.163485642049931, 45.482434232823039 ], [ 9.164241542770025, 45.481885350201459 ], [ 9.164308443004435, 45.481834624238275 ], [ 9.164780838028339, 45.48150135880713 ], [ 9.165507675458453, 45.480976811886578 ], [ 9.165960638575198, 45.480653740097424 ], [ 9.167550853400183, 45.479456765643498 ], [ 9.167922970815244, 45.479181568346014 ], [ 9.168670299640926, 45.478628874707574 ], [ 9.169518944482613, 45.47793710984083 ], [ 9.170569829562456, 45.477070056679828 ], [ 9.171163950613019, 45.476631856788941 ], [ 9.171738424547355, 45.476193682414063 ], [ 9.171502147330029, 45.475950064178825 ], [ 9.171393745519028, 45.475726416277247 ], [ 9.171474340823783, 45.47540689582749 ], [ 9.171610993369233, 45.475158082645308 ], [ 9.171548665166604, 45.475116574633461 ], [ 9.171079939959055, 45.474804418333051 ], [ 9.169834285504475, 45.473996049731483 ], [ 9.169658588401992, 45.473881486401027 ], [ 9.169458311929201, 45.473750894862292 ], [ 9.169302377756726, 45.473649216549127 ] ] ] } },
{ "type": "Feature", "properties": { "MapCommunity": "C1", "CITY": "Milano", "COM_ASC2": "15146069", "DEN_ASC2": "Sarpi", "is_member": 0, "is_incoming": 0, "CommunityInitial": "", "CommunityPrev": "", "CommunityFinal": "", "Transition": "" }, "geometry": { "type": "Polygon", "coordinates": [ [ [ 9.179130836667827, 45.489135818295715 ], [ 9.181991353833949, 45.486984405064554 ], [ 9.182253099674179, 45.486787478086384 ], [ 9.1820122414957, 45.485604636470264 ], [ 9.181874483128487, 45.485004714373403 ], [ 9.181720752465433, 45.48399230233273 ], [ 9.181500771769761, 45.482708525499483 ], [ 9.181485316618046, 45.482517503952387 ], [ 9.181833201715927, 45.482011366102689 ], [ 9.182413455198802, 45.481251162953981 ], [ 9.181951358379711, 45.479898283733988 ], [ 9.181506343574691, 45.478338307756218 ], [ 9.181233355188006, 45.477573655147069 ], [ 9.180879798076282, 45.477518678317665 ], [ 9.180059264308207, 45.477388197518771 ], [ 9.178225470086568, 45.477048490599941 ], [ 9.177101439162895, 45.476622057543757 ], [ 9.176475856884091, 45.476145925730812 ], [ 9.175007201641849, 45.477338924358158 ], [ 9.173190958814441, 45.476159269644043 ], [ 9.17281199430348, 45.476325550704566 ], [ 9.172458819099521, 45.476390530167343 ], [ 9.172225912920622, 45.476373240164385 ], [ 9.171975549231314, 45.476315649812292 ], [ 9.171738424547355, 45.476193682414063 ], [ 9.171163950613019, 45.476631856788941 ], [ 9.170569829562456, 45.477070056679828 ], [ 9.169518944482613, 45.47793710984083 ], [ 9.168670299640926, 45.478628874707574 ], [ 9.167922970815244, 45.479181568346014 ], [ 9.167550853400183, 45.479456765643498 ], [ 9.165960638575198, 45.480653740097424 ], [ 9.165507675458453, 45.480976811886578 ], [ 9.164780838028339, 45.48150135880713 ], [ 9.164308443004435, 45.481834624238275 ], [ 9.164241542770025, 45.481885350201459 ], [ 9.163485642049931, 45.482434232823039 ], [ 9.162277691969967, 45.483375070033787 ], [ 9.161104982013349, 45.484325340842261 ], [ 9.160743962388658, 45.484624411644241 ], [ 9.159926850839103, 45.485204724709646 ], [ 9.158787275333676, 45.486042818295118 ], [ 9.157238959943605, 45.487208332661254 ], [ 9.156361811080904, 45.487854274202419 ], [ 9.157881935618397, 45.4878556082218 ], [ 9.158737311191725, 45.487847944633131 ], [ 9.16055642503917, 45.487802023875702 ], [ 9.160753315844657, 45.487807282674822 ], [ 9.162199761437924, 45.487774053454096 ], [ 9.164113308689625, 45.487728076039687 ], [ 9.166177279556608, 45.487660426886492 ], [ 9.168631457900476, 45.487564216471611 ], [ 9.169154921161931, 45.487526630480822 ], [ 9.169855130209131, 45.487497960592158 ], [ 9.172379885032226, 45.487449090778142 ], [ 9.174653177364863, 45.487398568760327 ], [ 9.173622301963587, 45.488886649542856 ], [ 9.174203536519123, 45.489114256208332 ], [ 9.173710025724878, 45.48976269832955 ], [ 9.173681643119403, 45.489799990957096 ], [ 9.173463521015007, 45.490086586039524 ], [ 9.173282960301162, 45.490235556416351 ], [ 9.173026236434499, 45.490602612876586 ], [ 9.174328415499225, 45.490452023106329 ], [ 9.175897879975482, 45.490270924468213 ], [ 9.175973924837701, 45.490262148236347 ], [ 9.176820131239536, 45.49009441559982 ], [ 9.177348428503734, 45.48991298938968 ], [ 9.177836415792891, 45.489745403357794 ], [ 9.179130836667827, 45.489135818295715 ] ] ] } },
{ "type": "Feature", "properties": { "MapCommunity": "C1", "CITY": "Milano", "COM_ASC2": "15146070", "DEN_ASC2": "Ghisolfa", "is_member": 0, "is_incoming": 0, "CommunityInitial": "C1", "CommunityPrev": "C1", "CommunityFinal": "C4", "Transition": "ingresso" }, "geometry": { "type": "Polygon", "coordinates": [ [ [ 9.173622301963587, 45.488886649542856 ], [ 9.174653177364863, 45.487398568760327 ], [ 9.172379885032226, 45.487449090778142 ], [ 9.169855130209131, 45.487497960592158 ], [ 9.169154921161931, 45.487526630480822 ], [ 9.168631457900476, 45.487564216471611 ], [ 9.166177279556608, 45.487660426886492 ], [ 9.164113308689625, 45.487728076039687 ], [ 9.162199761437924, 45.487774053454096 ], [ 9.160753315844657, 45.487807282674822 ], [ 9.16055642503917, 45.487802023875702 ], [ 9.158737311191725, 45.487847944633131 ], [ 9.157881935618397, 45.4878556082218 ], [ 9.156361811080904, 45.487854274202419 ], [ 9.154949027109737, 45.488522583639018 ], [ 9.153591085866852, 45.489111862580323 ], [ 9.152153482611592, 45.489776901441665 ], [ 9.151906276967306, 45.489891256147807 ], [ 9.151657907233673, 45.490009499459688 ], [ 9.151520289969712, 45.490073946709678 ], [ 9.152554927018853, 45.490745104152502 ], [ 9.153023952193658, 45.491052936331329 ], [ 9.153304085300073, 45.491238174335635 ], [ 9.155197638399647, 45.492476617491278 ], [ 9.156559227082743, 45.493360827914564 ], [ 9.157091014133249, 45.493704242262275 ], [ 9.157153941031313, 45.493745769805649 ], [ 9.157697040904852, 45.494103221033541 ], [ 9.159083587513123, 45.495023938308584 ], [ 9.159512822562384, 45.495309143144333 ], [ 9.159718677657063, 45.495443311881381 ], [ 9.160123251129413, 45.495698369849912 ], [ 9.162035953792248, 45.49690198594876 ], [ 9.162150645986113, 45.496849921719708 ], [ 9.163523616639409, 45.496227647243494 ], [ 9.163912287102599, 45.495907831367482 ], [ 9.165679888045227, 45.494813198655926 ], [ 9.16635529758676, 45.494220399861767 ], [ 9.167184836829186, 45.493492318332706 ], [ 9.168359158736695, 45.492612109509061 ], [ 9.169679286807792, 45.491739533588571 ], [ 9.170361036315413, 45.491387595548382 ], [ 9.170411004142117, 45.491361799329859 ], [ 9.170762479766788, 45.491231628183471 ], [ 9.171002232277168, 45.491142828723106 ], [ 9.171812479439485, 45.490860559182124 ], [ 9.172936286143502, 45.49061977116785 ], [ 9.173026236434499, 45.490602612876586 ], [ 9.173282960301162, 45.490235556416351 ], [ 9.173463521015007, 45.490086586039524 ], [ 9.173681643119403, 45.489799990957096 ], [ 9.173710025724878, 45.48976269832955 ], [ 9.174203536519123, 45.489114256208332 ], [ 9.173622301963587, 45.488886649542856 ] ] ] } },
{ "type": "Feature", "properties": { "MapCommunity": "C1", "CITY": "Milano", "COM_ASC2": "15146071", "DEN_ASC2": "Villapizzone - Cagnola - Boldinasco", "is_member": 0, "is_incoming": 0, "CommunityInitial": "C1", "CommunityPrev": "C1", "CommunityFinal": "C4", "Transition": "ingresso" }, "geometry": { "type": "Polygon", "coordinates": [ [ [ 9.14736894891681, 45.505683731673209 ], [ 9.147499108327896, 45.504962271811571 ], [ 9.147842724666637, 45.504319116403664 ], [ 9.148379381228049, 45.50370784153899 ], [ 9.149217858728731, 45.502977448899642 ], [ 9.14953462126183, 45.502772618079398 ], [ 9.149782304147942, 45.502612454179662 ], [ 9.149898050637017, 45.502537613657445 ], [ 9.150264910484806, 45.502300381177228 ], [ 9.150827109564705, 45.502021018284971 ], [ 9.151227943504795, 45.501830973973966 ], [ 9.151918177370719, 45.501522623484568 ], [ 9.152741172720425, 45.50115507542813 ], [ 9.153931290872194, 45.500640806553299 ], [ 9.157561484272184, 45.498974784571693 ], [ 9.158409512357153, 45.498568165345446 ], [ 9.159031007407297, 45.498281932391968 ], [ 9.159912288907275, 45.497874491462014 ], [ 9.161798108147849, 45.497010867846015 ], [ 9.162035953792248, 45.49690198594876 ], [ 9.160123251129413, 45.495698369849912 ], [ 9.159718677657063, 45.495443311881381 ], [ 9.159512822562384, 45.495309143144333 ], [ 9.159083587513123, 45.495023938308584 ], [ 9.157697040904852, 45.494103221033541 ], [ 9.157153941031313, 45.493745769805649 ], [ 9.157091014133249, 45.493704242262275 ], [ 9.156559227082743, 45.493360827914564 ], [ 9.155197638399647, 45.492476617491278 ], [ 9.153304085300073, 45.491238174335635 ], [ 9.153023952193658, 45.491052936331329 ], [ 9.152554927018853, 45.490745104152502 ], [ 9.151520289969712, 45.490073946709678 ], [ 9.147150778834673, 45.487199884744747 ], [ 9.144785395660071, 45.485651972788119 ], [ 9.144320801740227, 45.486018539719815 ], [ 9.141889036403875, 45.487866497495276 ], [ 9.140486161598046, 45.488810863855576 ], [ 9.138989415735971, 45.489956000571091 ], [ 9.137735284727709, 45.491189569300317 ], [ 9.136988730327245, 45.491543794567555 ], [ 9.13623645474097, 45.491900614987749 ], [ 9.136637425762357, 45.491997854337264 ], [ 9.136748309061662, 45.492024740397241 ], [ 9.13568814961215, 45.492705568811481 ], [ 9.135558422185156, 45.492788805226752 ], [ 9.134523866489259, 45.493255195845634 ], [ 9.134093078121122, 45.493467493932698 ], [ 9.133892235475845, 45.493554411461844 ], [ 9.132630136785249, 45.49409976096495 ], [ 9.132262644803175, 45.494264493966554 ], [ 9.130925976448259, 45.494863654020357 ], [ 9.130571274502003, 45.495023449573061 ], [ 9.130239348906045, 45.495172982853205 ], [ 9.13018820754503, 45.495196021970379 ], [ 9.130190476506337, 45.495232023958906 ], [ 9.130212945983816, 45.495588642548149 ], [ 9.13023204668519, 45.495891772961649 ], [ 9.130237417289253, 45.496031238640576 ], [ 9.130238804480637, 45.496067241628182 ], [ 9.130238699173189, 45.496103176108292 ], [ 9.130239232652221, 45.496139164766859 ], [ 9.130296032948523, 45.497553387175728 ], [ 9.130310066879643, 45.497917811108842 ], [ 9.130349566169029, 45.498566104570976 ], [ 9.130373195411046, 45.49895391863965 ], [ 9.130401734021765, 45.49942231155223 ], [ 9.130403304527293, 45.499451698471482 ], [ 9.130516742415201, 45.501711585627156 ], [ 9.130565145067218, 45.502631570282517 ], [ 9.13056717905291, 45.502667572485102 ], [ 9.130569213041245, 45.50270357468743 ], [ 9.130646483449661, 45.504071629400791 ], [ 9.130620775943941, 45.505241206053782 ], [ 9.130600400884767, 45.505471554703483 ], [ 9.130380696147986, 45.506863595832861 ], [ 9.130310273256113, 45.507177916263309 ], [ 9.130162853883325, 45.507835885592741 ], [ 9.130432698680533, 45.507771506895871 ], [ 9.133405817652799, 45.507029629265787 ], [ 9.134600621651076, 45.506731484861064 ], [ 9.136438753478776, 45.506367122271868 ], [ 9.137275894697069, 45.506201169177494 ], [ 9.137424234609119, 45.506170918052426 ], [ 9.140070194065668, 45.50563129017155 ], [ 9.140251680228763, 45.505594272680995 ], [ 9.141089262127908, 45.505550767616533 ], [ 9.141437332679288, 45.505532697667391 ], [ 9.142417985220169, 45.505579592970278 ], [ 9.143082507879161, 45.505670033971292 ], [ 9.14379539947767, 45.505778367476381 ], [ 9.144989391302559, 45.506102560395931 ], [ 9.145923817672141, 45.506486299201143 ], [ 9.146877390445741, 45.507040708458568 ], [ 9.148899507037145, 45.508425954938183 ], [ 9.148212859221942, 45.507794311074342 ], [ 9.147791706797957, 45.507233466515828 ], [ 9.147462474947284, 45.506501303014005 ], [ 9.14736894891681, 45.505683731673209 ] ] ] } },
{ "type": "Feature", "properties": { "MapCommunity": "C1", "CITY": "Milano", "COM_ASC2": "15146072", "DEN_ASC2": "Maggiore - Musocco - Certosa", "is_member": 0, "is_incoming": 0, "CommunityInitial": "C1", "CommunityPrev": "C1", "CommunityFinal": "C4", "Transition": "ingresso" }, "geometry": { "type": "Polygon", "coordinates": [ [ [ 9.130380696147986, 45.506863595832861 ], [ 9.130600400884767, 45.505471554703483 ], [ 9.130620775943941, 45.505241206053782 ], [ 9.130646483449661, 45.504071629400791 ], [ 9.130569213041245, 45.50270357468743 ], [ 9.13056717905291, 45.502667572485102 ], [ 9.130565145067218, 45.502631570282517 ], [ 9.130516742415201, 45.501711585627156 ], [ 9.130403304527293, 45.499451698471482 ], [ 9.130401734021765, 45.49942231155223 ], [ 9.130373195411046, 45.49895391863965 ], [ 9.130349566169029, 45.498566104570976 ], [ 9.130310066879643, 45.497917811108842 ], [ 9.130296032948523, 45.497553387175728 ], [ 9.130239232652221, 45.496139164766859 ], [ 9.130238699173189, 45.496103176108292 ], [ 9.130238804480637, 45.496067241628182 ], [ 9.130237417289253, 45.496031238640576 ], [ 9.13023204668519, 45.495891772961649 ], [ 9.130212945983816, 45.495588642548149 ], [ 9.130190476506337, 45.495232023958906 ], [ 9.13018820754503, 45.495196021970379 ], [ 9.130097171934747, 45.495235344570268 ], [ 9.129253526605467, 45.495544912785483 ], [ 9.129213772555346, 45.49556672972583 ], [ 9.12882064377999, 45.495711541276037 ], [ 9.127862994815386, 45.496064290068098 ], [ 9.12657407274669, 45.496589487585332 ], [ 9.125477972991504, 45.497029572706921 ], [ 9.124900861297482, 45.497250963558145 ], [ 9.124660151753067, 45.49734330276371 ], [ 9.120797864439389, 45.498938374903808 ], [ 9.120692856591077, 45.49928896408754 ], [ 9.120663905595427, 45.499375392986842 ], [ 9.12008964646885, 45.501253209255111 ], [ 9.120324138392867, 45.501355946268923 ], [ 9.118593870500868, 45.501743429998768 ], [ 9.117592446514129, 45.501976867337049 ], [ 9.116832999503178, 45.502150231627198 ], [ 9.115564605067986, 45.502439761534113 ], [ 9.115480355962566, 45.502458992143801 ], [ 9.114346820134164, 45.502727917927665 ], [ 9.114049073625139, 45.50279855403106 ], [ 9.112782620375588, 45.50309899375037 ], [ 9.111569089513281, 45.503386861564721 ], [ 9.109633784560911, 45.5038827021014 ], [ 9.10946769239367, 45.503925254909454 ], [ 9.109201519507108, 45.503988879426295 ], [ 9.108735726382973, 45.504100216777168 ], [ 9.108536508164432, 45.504147834088911 ], [ 9.107566660142169, 45.504380687168322 ], [ 9.107333050299186, 45.504436774217325 ], [ 9.106851716864155, 45.504553248220951 ], [ 9.106153916566402, 45.504722099301475 ], [ 9.105305792101674, 45.504927317033093 ], [ 9.104806156388086, 45.50505125671237 ], [ 9.103903321195416, 45.505275207744276 ], [ 9.103365800643969, 45.505408537641728 ], [ 9.103290484688619, 45.505427219200243 ], [ 9.10177805049964, 45.505807345991656 ], [ 9.101143747108509, 45.505966760366164 ], [ 9.098840296073536, 45.506512832647218 ], [ 9.098003611869192, 45.506716280483943 ], [ 9.098071075052061, 45.506749866090431 ], [ 9.098093311553823, 45.506776097879047 ], [ 9.098107970380957, 45.506804910493351 ], [ 9.09814846916456, 45.50688932065848 ], [ 9.098328821643287, 45.506767584658832 ], [ 9.098387366784754, 45.506727877991544 ], [ 9.098438743040989, 45.506691040729955 ], [ 9.098433948274646, 45.506736172003293 ], [ 9.098363183252561, 45.507402196473485 ], [ 9.097725395476019, 45.508716897961044 ], [ 9.097231591126102, 45.509729594446952 ], [ 9.096513488420344, 45.511202212274647 ], [ 9.096335977137681, 45.512210484558885 ], [ 9.096227441312735, 45.512381593651419 ], [ 9.096199204421797, 45.512426123453679 ], [ 9.0961189163499, 45.512552700826312 ], [ 9.095889070742942, 45.512903935709595 ], [ 9.095416461711569, 45.513543406113385 ], [ 9.095096986570892, 45.513894713272677 ], [ 9.094802592939848, 45.514173993397264 ], [ 9.094806008200955, 45.514242285610621 ], [ 9.094794082688876, 45.51434548517004 ], [ 9.094819324513182, 45.514401612264223 ], [ 9.094844448958391, 45.51451740242684 ], [ 9.09507707256877, 45.514536918784223 ], [ 9.095935681517231, 45.514572366494647 ], [ 9.097133535379799, 45.514621808155084 ], [ 9.097934360122714, 45.514654855161595 ], [ 9.100455015619339, 45.514758838043463 ], [ 9.10154455153581, 45.514803765986848 ], [ 9.10286630368161, 45.514859275097145 ], [ 9.103134586897182, 45.514871153189844 ], [ 9.105513861792353, 45.515012898161309 ], [ 9.106449378663999, 45.515069339392255 ], [ 9.107781123134501, 45.515116778531095 ], [ 9.109575294942772, 45.515180664491524 ], [ 9.112894210406816, 45.515299435526991 ], [ 9.112904440973148, 45.515123781318721 ], [ 9.112973588896585, 45.514198912524833 ], [ 9.113041448987659, 45.513720310174016 ], [ 9.113177177000354, 45.513528814787804 ], [ 9.113368850992533, 45.513258377953015 ], [ 9.113677972016735, 45.512910319861561 ], [ 9.114719392927276, 45.512600187626667 ], [ 9.116020694943343, 45.512167644272786 ], [ 9.116529744095764, 45.512059161321247 ], [ 9.117082748413573, 45.512035282960298 ], [ 9.117093148897359, 45.511864164664622 ], [ 9.116512529799188, 45.511783609680016 ], [ 9.118089670176836, 45.511262783185998 ], [ 9.11888120324673, 45.511001379800085 ], [ 9.120416282853059, 45.510322345896583 ], [ 9.12143235139256, 45.509944153073469 ], [ 9.123251704304471, 45.50928599493438 ], [ 9.125869296580575, 45.508743691723595 ], [ 9.129829526537492, 45.507907801351998 ], [ 9.130162853883325, 45.507835885592741 ], [ 9.130310273256113, 45.507177916263309 ], [ 9.130380696147986, 45.506863595832861 ] ] ] } },
{ "type": "Feature", "properties": { "MapCommunity": "C1", "CITY": "Milano", "COM_ASC2": "15146073", "DEN_ASC2": "Cascina Merlata", "is_member": 0, "is_incoming": 0, "CommunityInitial": "C1", "CommunityPrev": "C1", "CommunityFinal": "C4", "Transition": "ingresso" }, "geometry": { "type": "Polygon", "coordinates": [ [ [ 9.099037778213889, 45.532087875802432 ], [ 9.099372607076608, 45.531164611878623 ], [ 9.100419704842945, 45.53153489739848 ], [ 9.10047015459922, 45.531552714793278 ], [ 9.101073763420446, 45.531766337048303 ], [ 9.101383394798793, 45.531271658213697 ], [ 9.101593678998524, 45.530931881992011 ], [ 9.100606119723853, 45.530041968771307 ], [ 9.10057348062719, 45.530011561231859 ], [ 9.10050036695986, 45.529943957196451 ], [ 9.100606245863629, 45.529811739717339 ], [ 9.100754664894145, 45.529645924964036 ], [ 9.100785103549718, 45.529610261001139 ], [ 9.100831449198218, 45.529556066849821 ], [ 9.100935075834562, 45.529434922384745 ], [ 9.101073776865606, 45.529272754032519 ], [ 9.100756112602664, 45.529070997100547 ], [ 9.099945282481123, 45.529372862449897 ], [ 9.098956285639003, 45.529740423335738 ], [ 9.098548065972254, 45.529891485061746 ], [ 9.098487458836146, 45.529794365178034 ], [ 9.098198267403102, 45.529256518229367 ], [ 9.098095781770517, 45.52907287693931 ], [ 9.097569148289578, 45.529230589602619 ], [ 9.09720197951334, 45.529186171704588 ], [ 9.097105811665116, 45.529174238839587 ], [ 9.096663678078405, 45.529119376839397 ], [ 9.09670527903706, 45.529076584652252 ], [ 9.096948499304013, 45.52882639481836 ], [ 9.097080063201423, 45.528691053404046 ], [ 9.097360120799848, 45.528402952073925 ], [ 9.097745921974996, 45.528006291956757 ], [ 9.098211671019561, 45.527538551284742 ], [ 9.09838549182477, 45.527362555467917 ], [ 9.098416381436614, 45.527331986351939 ], [ 9.098598116798655, 45.527150427911586 ], [ 9.098322746860775, 45.527123750192054 ], [ 9.098118754424805, 45.527027832621421 ], [ 9.097931651961243, 45.526939856272762 ], [ 9.097720544004339, 45.52684059208066 ], [ 9.097470731443513, 45.526831840420499 ], [ 9.09728244289898, 45.52690990268772 ], [ 9.097175361625277, 45.52695429631045 ], [ 9.096856169008284, 45.526770019776883 ], [ 9.096985923956302, 45.526648804471989 ], [ 9.097945971543151, 45.525751920087345 ], [ 9.09880282045799, 45.525809263557619 ], [ 9.099027188893157, 45.52587186271451 ], [ 9.099434105154808, 45.526056496138906 ], [ 9.099473262198673, 45.526060877984975 ], [ 9.099721398178021, 45.526088594737288 ], [ 9.100109464881754, 45.526131943021902 ], [ 9.100699806314333, 45.526118637188297 ], [ 9.100931901359054, 45.525856965851936 ], [ 9.10104362147227, 45.525637652613675 ], [ 9.10132880435326, 45.525077818078806 ], [ 9.101813600586057, 45.524740340959241 ], [ 9.102618703505781, 45.523200415690731 ], [ 9.102654258213223, 45.522981686734049 ], [ 9.102669194472382, 45.522889797286652 ], [ 9.102827903948901, 45.522723477127691 ], [ 9.102861110182369, 45.522593853893717 ], [ 9.103061039686873, 45.52181331065762 ], [ 9.103037910617914, 45.521458344274095 ], [ 9.102895030049428, 45.52106805385273 ], [ 9.10350726265013, 45.521341308876138 ], [ 9.103663391075621, 45.521427106222056 ], [ 9.106496268302351, 45.522983789818475 ], [ 9.106529826374764, 45.523002229684565 ], [ 9.106653614564566, 45.52307024349841 ], [ 9.106944297739824, 45.522771988526699 ], [ 9.107026862961346, 45.522687272956368 ], [ 9.107056940640625, 45.52265641150376 ], [ 9.107166379604909, 45.522547731315832 ], [ 9.107266126718482, 45.522558590234119 ], [ 9.107308616213597, 45.522562916761643 ], [ 9.107353207253169, 45.522567383515806 ], [ 9.107670450983337, 45.522599159457229 ], [ 9.107857326171807, 45.522495412004119 ], [ 9.113049344836909, 45.519612710433975 ], [ 9.114144542377636, 45.51900456877631 ], [ 9.114769841754283, 45.518670143424309 ], [ 9.115917934254853, 45.51813163248098 ], [ 9.116076546735865, 45.518057573226457 ], [ 9.116948586553363, 45.517649619482242 ], [ 9.120109679876077, 45.516101876939537 ], [ 9.120916062565566, 45.515716504164956 ], [ 9.12064127880922, 45.515678147525868 ], [ 9.11969966870029, 45.515592617605364 ], [ 9.118290025748045, 45.515525474151822 ], [ 9.117691066839573, 45.515510247261837 ], [ 9.116229341411071, 45.51543892490637 ], [ 9.113988359967065, 45.515344761382941 ], [ 9.112894210406816, 45.515299435526991 ], [ 9.109575294942772, 45.515180664491524 ], [ 9.107781123134501, 45.515116778531095 ], [ 9.106449378663999, 45.515069339392255 ], [ 9.105513861792353, 45.515012898161309 ], [ 9.103134586897182, 45.514871153189844 ], [ 9.10286630368161, 45.514859275097145 ], [ 9.10154455153581, 45.514803765986848 ], [ 9.100455015619339, 45.514758838043463 ], [ 9.097934360122714, 45.514654855161595 ], [ 9.097133535379799, 45.514621808155084 ], [ 9.095935681517231, 45.514572366494647 ], [ 9.09507707256877, 45.514536918784223 ], [ 9.094844448958391, 45.51451740242684 ], [ 9.094886102441501, 45.514654662708843 ], [ 9.094898012491621, 45.514693912968298 ], [ 9.094971381901317, 45.514940724603804 ], [ 9.095013225096366, 45.515073944972457 ], [ 9.094960673042156, 45.51550002298864 ], [ 9.094941674785344, 45.515660174849742 ], [ 9.094919292756193, 45.515846365227986 ], [ 9.094905019522548, 45.515965116139263 ], [ 9.094682044111117, 45.516235144560284 ], [ 9.094656769416851, 45.516265970906019 ], [ 9.094607785166057, 45.516325715848865 ], [ 9.094542311412432, 45.516393181168873 ], [ 9.09451950567099, 45.516434307210233 ], [ 9.093524726406821, 45.518633138990829 ], [ 9.093244286366822, 45.519253649758923 ], [ 9.093192297100536, 45.519368672303578 ], [ 9.092949573109756, 45.519450749516459 ], [ 9.092967643856607, 45.519481253957913 ], [ 9.092987074353214, 45.519514048970819 ], [ 9.093032807305107, 45.519591236714042 ], [ 9.09306680640846, 45.519647310205592 ], [ 9.093108562954717, 45.519716173334203 ], [ 9.093202348207583, 45.519686577730319 ], [ 9.093328955600601, 45.519646170114243 ], [ 9.093127020666593, 45.519893437742319 ], [ 9.093069815517328, 45.519963482352026 ], [ 9.092992999027036, 45.52005438315534 ], [ 9.092779370946902, 45.520307174645701 ], [ 9.092678551045806, 45.520426468903835 ], [ 9.093242317635186, 45.520711350496136 ], [ 9.093766561359203, 45.52097625408976 ], [ 9.094284193442469, 45.521237811412355 ], [ 9.094426704002736, 45.521309820431526 ], [ 9.095372212324566, 45.521787032153348 ], [ 9.095131942264086, 45.52202796065226 ], [ 9.094760754485499, 45.522403213622546 ], [ 9.094725197020631, 45.522439160204364 ], [ 9.094632762862799, 45.522533748369334 ], [ 9.094520219160721, 45.522646377801948 ], [ 9.094361574040585, 45.522808260526233 ], [ 9.095230505735969, 45.523310222940324 ], [ 9.095615034649191, 45.52353256911158 ], [ 9.095720033941312, 45.523593282697767 ], [ 9.096013746810204, 45.523763112861403 ], [ 9.096285909132941, 45.523920183373029 ], [ 9.096390252117589, 45.523980400931748 ], [ 9.096182958949898, 45.524098563849684 ], [ 9.096056776293608, 45.524170491583405 ], [ 9.095157981008027, 45.524682819393178 ], [ 9.094945890921343, 45.524787275377136 ], [ 9.094552066278181, 45.52497795361856 ], [ 9.093689246513595, 45.525398122803118 ], [ 9.093574419145842, 45.5254540399172 ], [ 9.093443790922374, 45.52563220201705 ], [ 9.093314753858591, 45.525808193398241 ], [ 9.093246358549955, 45.525901477189599 ], [ 9.092927178841867, 45.526205944580049 ], [ 9.092842528888237, 45.526354152520121 ], [ 9.092761142468969, 45.526494448482282 ], [ 9.092945563838597, 45.527329510923174 ], [ 9.093156169366932, 45.52750696872949 ], [ 9.093495235146568, 45.527793149677308 ], [ 9.093695072177317, 45.527960102913859 ], [ 9.094076727309993, 45.528290681959518 ], [ 9.09410549468098, 45.528315846917813 ], [ 9.092933830709578, 45.528764861521815 ], [ 9.093085906357702, 45.529071782886156 ], [ 9.093274529880334, 45.529430257637863 ], [ 9.094710113057042, 45.529338475059092 ], [ 9.094890764933913, 45.52932644910134 ], [ 9.095352150539082, 45.529295847350078 ], [ 9.095500959974832, 45.529285813740216 ], [ 9.095574109060601, 45.529344344254852 ], [ 9.095780700618489, 45.529508460904104 ], [ 9.096875713751261, 45.530378080499716 ], [ 9.097009585067328, 45.530483951099193 ], [ 9.097097587673264, 45.53055354744977 ], [ 9.099037778213889, 45.532087875802432 ] ] ] } },
{ "type": "Feature", "properties": { "MapCommunity": "C1", "CITY": "Milano", "COM_ASC2": "15146074", "DEN_ASC2": "Roserio", "is_member": 0, "is_incoming": 0, "CommunityInitial": "C1", "CommunityPrev": "C4", "CommunityFinal": "C4", "Transition": "stabile" }, "geometry": { "type": "Polygon", "coordinates": [ [ [ 9.130000850748431, 45.52299368018641 ], [ 9.130053975200621, 45.522888385158865 ], [ 9.130398274999379, 45.522987822051277 ], [ 9.130860203925584, 45.523057077543342 ], [ 9.131796152164883, 45.523197396195762 ], [ 9.132476828595323, 45.523485068859799 ], [ 9.132643908884342, 45.52352495506581 ], [ 9.135727521104299, 45.524268341183273 ], [ 9.13586222054742, 45.523777396185302 ], [ 9.135261343210189, 45.523688917371302 ], [ 9.135354416453838, 45.52325993896585 ], [ 9.135375689890246, 45.523161919688256 ], [ 9.135409924564303, 45.523004183448002 ], [ 9.134883849074205, 45.522929418029598 ], [ 9.134579589806002, 45.522886175560991 ], [ 9.134372559373666, 45.522856750754656 ], [ 9.134384618818387, 45.522792664038477 ], [ 9.134402392282393, 45.522699755375619 ], [ 9.13443755356279, 45.522528433863101 ], [ 9.132889961382658, 45.521782788775816 ], [ 9.131660022861642, 45.521199778622169 ], [ 9.130196675660097, 45.520499064672286 ], [ 9.129381220797328, 45.520096521195612 ], [ 9.126657104616877, 45.518752846716332 ], [ 9.124533461666246, 45.517405440345286 ], [ 9.123105883040603, 45.5165230464168 ], [ 9.121949248565679, 45.516020905355504 ], [ 9.120916062565566, 45.515716504164956 ], [ 9.120109679876077, 45.516101876939537 ], [ 9.116948586553363, 45.517649619482242 ], [ 9.116076546735865, 45.518057573226457 ], [ 9.115917934254853, 45.51813163248098 ], [ 9.114769841754283, 45.518670143424309 ], [ 9.114144542377636, 45.51900456877631 ], [ 9.113049344836909, 45.519612710433975 ], [ 9.107857326171807, 45.522495412004119 ], [ 9.107670450983337, 45.522599159457229 ], [ 9.107926296281688, 45.522625787206636 ], [ 9.107969341899119, 45.522630265981647 ], [ 9.108934537613642, 45.522730696614815 ], [ 9.109102188690347, 45.522748387597744 ], [ 9.1086544160909, 45.523969372405496 ], [ 9.108963678785837, 45.5240446582456 ], [ 9.109098155377485, 45.523821085733864 ], [ 9.109338279275683, 45.523423132709155 ], [ 9.109800511507894, 45.523090366065418 ], [ 9.110526837851934, 45.522815401204682 ], [ 9.110686114389118, 45.522626939471515 ], [ 9.111010969107356, 45.522242738107167 ], [ 9.111575685625702, 45.521743401801388 ], [ 9.112944172740432, 45.520778703167736 ], [ 9.113093242306336, 45.520750858387622 ], [ 9.113614717111876, 45.520653448547357 ], [ 9.113716114034258, 45.520634507444363 ], [ 9.11478585835016, 45.520434669758181 ], [ 9.115977476407229, 45.520293324366364 ], [ 9.11679976891225, 45.520027207812781 ], [ 9.11727481335199, 45.519743942404041 ], [ 9.118227252567577, 45.518959012954653 ], [ 9.118391608689198, 45.519014006010131 ], [ 9.11845469950039, 45.519044661379041 ], [ 9.117772440067572, 45.51990959893169 ], [ 9.117934628779929, 45.519972225106308 ], [ 9.117660923824715, 45.521619622807854 ], [ 9.117916397836396, 45.52163939943361 ], [ 9.119794090204987, 45.52178473168086 ], [ 9.120019075843691, 45.521643976621753 ], [ 9.12021517278305, 45.521522252847589 ], [ 9.120376630857475, 45.520631159079294 ], [ 9.122376304959648, 45.520845367760018 ], [ 9.12245368371353, 45.520507279907982 ], [ 9.123664013179349, 45.520641316650696 ], [ 9.123303301424551, 45.521095884230384 ], [ 9.123351936155476, 45.521148366658657 ], [ 9.12364976600473, 45.521469752161252 ], [ 9.123884518863857, 45.521865426576007 ], [ 9.123986889023598, 45.52236884610285 ], [ 9.123896011422548, 45.522787921620271 ], [ 9.124058079838445, 45.522791286759514 ], [ 9.124730237032782, 45.522805183397914 ], [ 9.125012407264395, 45.522885867745295 ], [ 9.125108528865296, 45.522888351228787 ], [ 9.125437161024548, 45.522896840716506 ], [ 9.125540283500643, 45.522899504271898 ], [ 9.126220148839021, 45.522917060621097 ], [ 9.128841196045839, 45.522985136025561 ], [ 9.128800731250111, 45.523574359408578 ], [ 9.128451284245648, 45.52411914471309 ], [ 9.128458043937474, 45.524888767833588 ], [ 9.128502039385758, 45.524916376920743 ], [ 9.128672767737855, 45.52502352011431 ], [ 9.128970067324698, 45.524694414388179 ], [ 9.129299283166864, 45.524519081599685 ], [ 9.129591233223094, 45.52426208717624 ], [ 9.129915614624007, 45.523816426301082 ], [ 9.129953567099465, 45.523613728798942 ], [ 9.129905740643188, 45.523182167897069 ], [ 9.130000850748431, 45.52299368018641 ] ] ] } },
{ "type": "Feature", "properties": { "MapCommunity": "C1", "CITY": "Milano", "COM_ASC2": "15146075", "DEN_ASC2": "Stephenson", "is_member": 0, "is_incoming": 0, "CommunityInitial": "C1", "CommunityPrev": "C4", "CommunityFinal": "C4", "Transition": "stabile" }, "geometry": { "type": "Polygon", "coordinates": [ [ [ 9.130088441770557, 45.508197824519229 ], [ 9.130162853883325, 45.507835885592741 ], [ 9.129829526537492, 45.507907801351998 ], [ 9.125869296580575, 45.508743691723595 ], [ 9.123251704304471, 45.50928599493438 ], [ 9.12143235139256, 45.509944153073469 ], [ 9.120416282853059, 45.510322345896583 ], [ 9.11888120324673, 45.511001379800085 ], [ 9.118089670176836, 45.511262783185998 ], [ 9.116512529799188, 45.511783609680016 ], [ 9.117093148897359, 45.511864164664622 ], [ 9.117082748413573, 45.512035282960298 ], [ 9.116529744095764, 45.512059161321247 ], [ 9.116020694943343, 45.512167644272786 ], [ 9.114719392927276, 45.512600187626667 ], [ 9.113677972016735, 45.512910319861561 ], [ 9.113368850992533, 45.513258377953015 ], [ 9.113177177000354, 45.513528814787804 ], [ 9.113041448987659, 45.513720310174016 ], [ 9.112973588896585, 45.514198912524833 ], [ 9.112904440973148, 45.515123781318721 ], [ 9.112894210406816, 45.515299435526991 ], [ 9.113988359967065, 45.515344761382941 ], [ 9.116229341411071, 45.51543892490637 ], [ 9.117691066839573, 45.515510247261837 ], [ 9.118290025748045, 45.515525474151822 ], [ 9.11969966870029, 45.515592617605364 ], [ 9.12064127880922, 45.515678147525868 ], [ 9.120916062565566, 45.515716504164956 ], [ 9.121504682418037, 45.515375537662734 ], [ 9.12248013395169, 45.514810478155518 ], [ 9.12351557289797, 45.514140460839307 ], [ 9.124518930824559, 45.513447967145588 ], [ 9.125906160143382, 45.512417238308828 ], [ 9.128016805817406, 45.511001164336768 ], [ 9.128788532989709, 45.510506237149826 ], [ 9.129325386686386, 45.509977186576229 ], [ 9.129727926696404, 45.509385954179713 ], [ 9.129941870726288, 45.508757175285211 ], [ 9.130088441770557, 45.508197824519229 ] ] ] } },
{ "type": "Feature", "properties": { "MapCommunity": "C1", "CITY": "Milano", "COM_ASC2": "15146076", "DEN_ASC2": "Quarto Oggiaro - Vialba - Musocco", "is_member": 0, "is_incoming": 0, "CommunityInitial": "C1", "CommunityPrev": "C4", "CommunityFinal": "C4", "Transition": "stabile" }, "geometry": { "type": "Polygon", "coordinates": [ [ [ 9.134468630178722, 45.522350775867451 ], [ 9.134722043924155, 45.520921892603326 ], [ 9.134806760829596, 45.520932126825784 ], [ 9.135257463270753, 45.520986571894724 ], [ 9.136016910860148, 45.521078297790801 ], [ 9.136233235833993, 45.521104136004041 ], [ 9.136714736847523, 45.521161634966617 ], [ 9.136772814283464, 45.52078432922093 ], [ 9.136845801842146, 45.520309938555705 ], [ 9.136896595785615, 45.519999692443342 ], [ 9.137990870045606, 45.520135728169571 ], [ 9.138436385391179, 45.520190437002491 ], [ 9.139239363008659, 45.520289812573068 ], [ 9.139503135304166, 45.520322359184036 ], [ 9.140577699491994, 45.520441908669888 ], [ 9.141636846971952, 45.520575874327768 ], [ 9.141625793420047, 45.520619438971913 ], [ 9.141605285060214, 45.520700253800371 ], [ 9.141297697866554, 45.521912124557048 ], [ 9.142497074536475, 45.522037936390191 ], [ 9.142590863977444, 45.522047108492337 ], [ 9.14263215639105, 45.522052098458332 ], [ 9.142784683011092, 45.522068112592251 ], [ 9.142825995560104, 45.522072444482511 ], [ 9.142992201041885, 45.521869381431806 ], [ 9.143017459972251, 45.521838730763584 ], [ 9.144533058196183, 45.520084147329925 ], [ 9.144615870004806, 45.519988286072326 ], [ 9.14469984463557, 45.51989061405807 ], [ 9.146163197391873, 45.518188434001395 ], [ 9.147660102919835, 45.516481785275893 ], [ 9.148363420165971, 45.515688531405267 ], [ 9.149131235580715, 45.514771419107639 ], [ 9.149565662733526, 45.514271305550018 ], [ 9.149783477745366, 45.514009673714042 ], [ 9.149850832764367, 45.513928758072552 ], [ 9.15045492439673, 45.513260447655604 ], [ 9.151909268354759, 45.511679851263779 ], [ 9.152537413129876, 45.510986921823871 ], [ 9.153301891369352, 45.510124026836358 ], [ 9.152269330237749, 45.509967663264 ], [ 9.151444150630459, 45.509759711014915 ], [ 9.150652403845882, 45.50946097920918 ], [ 9.149736769116711, 45.508977073964459 ], [ 9.148899507037145, 45.508425954938183 ], [ 9.146877390445741, 45.507040708458568 ], [ 9.145923817672141, 45.506486299201143 ], [ 9.144989391302559, 45.506102560395931 ], [ 9.14379539947767, 45.505778367476381 ], [ 9.143082507879161, 45.505670033971292 ], [ 9.142417985220169, 45.505579592970278 ], [ 9.141437332679288, 45.505532697667391 ], [ 9.141089262127908, 45.505550767616533 ], [ 9.140251680228763, 45.505594272680995 ], [ 9.140070194065668, 45.50563129017155 ], [ 9.137424234609119, 45.506170918052426 ], [ 9.137275894697069, 45.506201169177494 ], [ 9.136438753478776, 45.506367122271868 ], [ 9.134600621651076, 45.506731484861064 ], [ 9.133405817652799, 45.507029629265787 ], [ 9.130432698680533, 45.507771506895871 ], [ 9.130162853883325, 45.507835885592741 ], [ 9.130088441770557, 45.508197824519229 ], [ 9.129941870726288, 45.508757175285211 ], [ 9.129727926696404, 45.509385954179713 ], [ 9.129325386686386, 45.509977186576229 ], [ 9.128788532989709, 45.510506237149826 ], [ 9.128016805817406, 45.511001164336768 ], [ 9.125906160143382, 45.512417238308828 ], [ 9.124518930824559, 45.513447967145588 ], [ 9.12351557289797, 45.514140460839307 ], [ 9.12248013395169, 45.514810478155518 ], [ 9.121504682418037, 45.515375537662734 ], [ 9.120916062565566, 45.515716504164956 ], [ 9.121949248565679, 45.516020905355504 ], [ 9.123105883040603, 45.5165230464168 ], [ 9.124533461666246, 45.517405440345286 ], [ 9.126657104616877, 45.518752846716332 ], [ 9.129381220797328, 45.520096521195612 ], [ 9.130196675660097, 45.520499064672286 ], [ 9.131660022861642, 45.521199778622169 ], [ 9.132889961382658, 45.521782788775816 ], [ 9.13443755356279, 45.522528433863101 ], [ 9.134449785581172, 45.522457296371201 ], [ 9.134468630178722, 45.522350775867451 ] ] ] } },
{ "type": "Feature", "properties": { "MapCommunity": "C1", "CITY": "Milano", "COM_ASC2": "15146077", "DEN_ASC2": "Bovisa", "is_member": 0, "is_incoming": 0, "CommunityInitial": "C1", "CommunityPrev": "C4", "CommunityFinal": "C4", "Transition": "stabile" }, "geometry": { "type": "Polygon", "coordinates": [ [ [ 9.171787820375979, 45.498596891078428 ], [ 9.171863615793171, 45.498346977464365 ], [ 9.172038428374115, 45.497722176560082 ], [ 9.172226981984, 45.49704824527781 ], [ 9.172248890689804, 45.496969937420822 ], [ 9.172288163684154, 45.496826556622551 ], [ 9.172304388944081, 45.496767378448595 ], [ 9.17231860167616, 45.496715590544525 ], [ 9.172336954898842, 45.496648715878933 ], [ 9.171773367383665, 45.496607889476778 ], [ 9.171331796388934, 45.496561472162909 ], [ 9.171123974994693, 45.496558059008997 ], [ 9.17053456802644, 45.496548378517254 ], [ 9.169725756055024, 45.49690008578083 ], [ 9.16802705239845, 45.497661561594633 ], [ 9.166588628812759, 45.498382196042435 ], [ 9.166375355598024, 45.498419876899824 ], [ 9.165435961510889, 45.498498540334118 ], [ 9.164775310576211, 45.498423885656926 ], [ 9.164093558880698, 45.498244710142551 ], [ 9.163278606986774, 45.497712139159653 ], [ 9.162035953792248, 45.49690198594876 ], [ 9.161798108147849, 45.497010867846015 ], [ 9.159912288907275, 45.497874491462014 ], [ 9.159031007407297, 45.498281932391968 ], [ 9.158409512357153, 45.498568165345446 ], [ 9.157561484272184, 45.498974784571693 ], [ 9.153931290872194, 45.500640806553299 ], [ 9.152741172720425, 45.50115507542813 ], [ 9.151918177370719, 45.501522623484568 ], [ 9.151227943504795, 45.501830973973966 ], [ 9.150827109564705, 45.502021018284971 ], [ 9.150264910484806, 45.502300381177228 ], [ 9.149898050637017, 45.502537613657445 ], [ 9.149782304147942, 45.502612454179662 ], [ 9.14953462126183, 45.502772618079398 ], [ 9.149217858728731, 45.502977448899642 ], [ 9.148379381228049, 45.50370784153899 ], [ 9.147842724666637, 45.504319116403664 ], [ 9.147499108327896, 45.504962271811571 ], [ 9.14736894891681, 45.505683731673209 ], [ 9.147462474947284, 45.506501303014005 ], [ 9.147791706797957, 45.507233466515828 ], [ 9.148212859221942, 45.507794311074342 ], [ 9.148899507037145, 45.508425954938183 ], [ 9.149736769116711, 45.508977073964459 ], [ 9.150652403845882, 45.50946097920918 ], [ 9.151444150630459, 45.509759711014915 ], [ 9.152269330237749, 45.509967663264 ], [ 9.153301891369352, 45.510124026836358 ], [ 9.153353101828593, 45.510124932020119 ], [ 9.154597988904269, 45.510146934150264 ], [ 9.155454628273661, 45.510057025038215 ], [ 9.158486193821133, 45.509594179220265 ], [ 9.159482102171173, 45.509444644587681 ], [ 9.167757025609545, 45.508199856938049 ], [ 9.167693242738402, 45.508019527570816 ], [ 9.167644018001388, 45.507880988818457 ], [ 9.167668812808882, 45.507695442862541 ], [ 9.167959698915736, 45.507148793986239 ], [ 9.168739951815363, 45.505727779438779 ], [ 9.169367696017297, 45.50458446144043 ], [ 9.16929292129398, 45.504558685935763 ], [ 9.169014741832056, 45.504462795684979 ], [ 9.169340260009918, 45.504055404924145 ], [ 9.16970969591798, 45.503593039270534 ], [ 9.170232656778767, 45.502892483482036 ], [ 9.170712016484542, 45.502084877798829 ], [ 9.170740558478755, 45.502017597576739 ], [ 9.170909040873212, 45.50162042984141 ], [ 9.170930488005407, 45.501569870786277 ], [ 9.171053421597167, 45.501280068977486 ], [ 9.171162245522863, 45.501023532055171 ], [ 9.171230961220925, 45.500721357283631 ], [ 9.171363009114026, 45.500252774378524 ], [ 9.171435804676978, 45.499998273241665 ], [ 9.171482971546597, 45.499813573833507 ], [ 9.171586736799579, 45.499407230908112 ], [ 9.171787820375979, 45.498596891078428 ] ] ] } },
{ "type": "Feature", "properties": { "MapCommunity": "C1", "CITY": "Milano", "COM_ASC2": "15146078", "DEN_ASC2": "Farini", "is_member": 0, "is_incoming": 0, "CommunityInitial": "", "CommunityPrev": "", "CommunityFinal": "", "Transition": "" }, "geometry": { "type": "Polygon", "coordinates": [ [ [ 9.169725756055024, 45.49690008578083 ], [ 9.17053456802644, 45.496548378517254 ], [ 9.171123974994693, 45.496558059008997 ], [ 9.171331796388934, 45.496561472162909 ], [ 9.171773367383665, 45.496607889476778 ], [ 9.172336954898842, 45.496648715878933 ], [ 9.173682342208958, 45.496724214028653 ], [ 9.179889277163406, 45.497112323428873 ], [ 9.18348342542232, 45.497333548996522 ], [ 9.184145864829857, 45.497370892692729 ], [ 9.184094197283887, 45.49724870627756 ], [ 9.183717336079779, 45.496370233629804 ], [ 9.183163422581186, 45.495127951870252 ], [ 9.182737090157678, 45.494091721688925 ], [ 9.182641736255377, 45.493851098036409 ], [ 9.182554828959564, 45.493650154951503 ], [ 9.182329430085122, 45.493145379587411 ], [ 9.18196458564354, 45.492316430867966 ], [ 9.181799028873412, 45.491912369168602 ], [ 9.181208659701079, 45.490608748924863 ], [ 9.181173580538207, 45.490515830775379 ], [ 9.181134640977156, 45.490412688926405 ], [ 9.182057196192462, 45.488940194513447 ], [ 9.182453175430547, 45.488337083055583 ], [ 9.18240363188297, 45.487953766075883 ], [ 9.182385951006925, 45.487816785918682 ], [ 9.182253099674179, 45.486787478086384 ], [ 9.181991353833949, 45.486984405064554 ], [ 9.179130836667827, 45.489135818295715 ], [ 9.177836415792891, 45.489745403357794 ], [ 9.177348428503734, 45.48991298938968 ], [ 9.176820131239536, 45.49009441559982 ], [ 9.175973924837701, 45.490262148236347 ], [ 9.175897879975482, 45.490270924468213 ], [ 9.174328415499225, 45.490452023106329 ], [ 9.173026236434499, 45.490602612876586 ], [ 9.172936286143502, 45.49061977116785 ], [ 9.171812479439485, 45.490860559182124 ], [ 9.171002232277168, 45.491142828723106 ], [ 9.170762479766788, 45.491231628183471 ], [ 9.170411004142117, 45.491361799329859 ], [ 9.170361036315413, 45.491387595548382 ], [ 9.169679286807792, 45.491739533588571 ], [ 9.168359158736695, 45.492612109509061 ], [ 9.167184836829186, 45.493492318332706 ], [ 9.16635529758676, 45.494220399861767 ], [ 9.165679888045227, 45.494813198655926 ], [ 9.163912287102599, 45.495907831367482 ], [ 9.163523616639409, 45.496227647243494 ], [ 9.162150645986113, 45.496849921719708 ], [ 9.162035953792248, 45.49690198594876 ], [ 9.163278606986774, 45.497712139159653 ], [ 9.164093558880698, 45.498244710142551 ], [ 9.164775310576211, 45.498423885656926 ], [ 9.165435961510889, 45.498498540334118 ], [ 9.166375355598024, 45.498419876899824 ], [ 9.166588628812759, 45.498382196042435 ], [ 9.16802705239845, 45.497661561594633 ], [ 9.169725756055024, 45.49690008578083 ] ] ] } },
{ "type": "Feature", "properties": { "MapCommunity": "C1", "CITY": "Milano", "COM_ASC2": "15146079", "DEN_ASC2": "Dergano", "is_member": 0, "is_incoming": 0, "CommunityInitial": "C1", "CommunityPrev": "C4", "CommunityFinal": "C4", "Transition": "stabile" }, "geometry": { "type": "Polygon", "coordinates": [ [ [ 9.173682342208958, 45.496724214028653 ], [ 9.172336954898842, 45.496648715878933 ], [ 9.17231860167616, 45.496715590544525 ], [ 9.172304388944081, 45.496767378448595 ], [ 9.172288163684154, 45.496826556622551 ], [ 9.172248890689804, 45.496969937420822 ], [ 9.172226981984, 45.49704824527781 ], [ 9.172038428374115, 45.497722176560082 ], [ 9.171863615793171, 45.498346977464365 ], [ 9.171787820375979, 45.498596891078428 ], [ 9.171586736799579, 45.499407230908112 ], [ 9.171482971546597, 45.499813573833507 ], [ 9.171435804676978, 45.499998273241665 ], [ 9.171363009114026, 45.500252774378524 ], [ 9.171230961220925, 45.500721357283631 ], [ 9.171162245522863, 45.501023532055171 ], [ 9.171053421597167, 45.501280068977486 ], [ 9.170930488005407, 45.501569870786277 ], [ 9.170909040873212, 45.50162042984141 ], [ 9.170740558478755, 45.502017597576739 ], [ 9.170712016484542, 45.502084877798829 ], [ 9.170232656778767, 45.502892483482036 ], [ 9.16970969591798, 45.503593039270534 ], [ 9.169340260009918, 45.504055404924145 ], [ 9.169014741832056, 45.504462795684979 ], [ 9.16929292129398, 45.504558685935763 ], [ 9.169367696017297, 45.50458446144043 ], [ 9.168739951815363, 45.505727779438779 ], [ 9.167959698915736, 45.507148793986239 ], [ 9.167668812808882, 45.507695442862541 ], [ 9.167644018001388, 45.507880988818457 ], [ 9.167693242738402, 45.508019527570816 ], [ 9.167757025609545, 45.508199856938049 ], [ 9.170817975628486, 45.507716096364177 ], [ 9.175194281380826, 45.507036997003979 ], [ 9.176811881931036, 45.506791259149438 ], [ 9.178251310535064, 45.506569083159256 ], [ 9.180816452437627, 45.506166872366961 ], [ 9.1837817428543, 45.505714240431743 ], [ 9.184012936509671, 45.505487503382575 ], [ 9.184775875254326, 45.504751371104234 ], [ 9.185305210170979, 45.50421239462753 ], [ 9.185737205629556, 45.503787328447622 ], [ 9.186308923122283, 45.50326870457355 ], [ 9.187655885376312, 45.501938481688882 ], [ 9.187765847557939, 45.501829882339422 ], [ 9.187910989185637, 45.501684754222978 ], [ 9.188163616138675, 45.501494717780524 ], [ 9.188231461651716, 45.50144367578627 ], [ 9.188195070900555, 45.501354464296767 ], [ 9.187974114246281, 45.50081279057737 ], [ 9.187817787004445, 45.500429467030152 ], [ 9.187476872125874, 45.499593757571979 ], [ 9.187278119626933, 45.499128871507367 ], [ 9.186939267846194, 45.498336275928978 ], [ 9.18667265472809, 45.497695427544805 ], [ 9.186655374297654, 45.497653125221078 ], [ 9.186628665065621, 45.497586122068576 ], [ 9.186600613386011, 45.497515667364446 ], [ 9.184145864829857, 45.497370892692729 ], [ 9.18348342542232, 45.497333548996522 ], [ 9.179889277163406, 45.497112323428873 ], [ 9.173682342208958, 45.496724214028653 ] ] ] } },
{ "type": "Feature", "properties": { "MapCommunity": "C1", "CITY": "Milano", "COM_ASC2": "15146080", "DEN_ASC2": "Affori", "is_member": 0, "is_incoming": 0, "CommunityInitial": "", "CommunityPrev": "", "CommunityFinal": "", "Transition": "" }, "geometry": { "type": "Polygon", "coordinates": [ [ [ 9.183716343658602, 45.505774795402253 ], [ 9.1837817428543, 45.505714240431743 ], [ 9.180816452437627, 45.506166872366961 ], [ 9.178251310535064, 45.506569083159256 ], [ 9.176811881931036, 45.506791259149438 ], [ 9.175194281380826, 45.507036997003979 ], [ 9.170817975628486, 45.507716096364177 ], [ 9.167757025609545, 45.508199856938049 ], [ 9.159482102171173, 45.509444644587681 ], [ 9.158486193821133, 45.509594179220265 ], [ 9.158536975207644, 45.509696841248136 ], [ 9.158898247946855, 45.510427231151112 ], [ 9.159195972040697, 45.510911023737627 ], [ 9.159773325358866, 45.511608962785765 ], [ 9.160481815788046, 45.512429307182828 ], [ 9.160601415708197, 45.51255355252858 ], [ 9.16128639717915, 45.513335292063708 ], [ 9.16206241099025, 45.514247295607802 ], [ 9.162126345666975, 45.514322432592259 ], [ 9.162452085146612, 45.514705244418828 ], [ 9.162713047704754, 45.515007169070088 ], [ 9.162819947984785, 45.515130847754072 ], [ 9.163412240167064, 45.515811613887522 ], [ 9.164263846902223, 45.516780978607287 ], [ 9.165177670269948, 45.517831611484063 ], [ 9.16580022897775, 45.518556021520816 ], [ 9.165837398185115, 45.518611189356911 ], [ 9.166039738396142, 45.518845762204819 ], [ 9.166224550339306, 45.51910992072478 ], [ 9.166587430442968, 45.51976670143727 ], [ 9.166919640933765, 45.520368429983328 ], [ 9.166997383974969, 45.520500114121155 ], [ 9.167098580748918, 45.520663233555922 ], [ 9.167230173632888, 45.520912923318697 ], [ 9.167300925117367, 45.521038386908984 ], [ 9.167447921613489, 45.521299052291162 ], [ 9.167558732724604, 45.521495550391414 ], [ 9.167671937589715, 45.521696290683686 ], [ 9.168033628580245, 45.522337649364644 ], [ 9.168445493749987, 45.523138668171299 ], [ 9.168794158413972, 45.523816900288949 ], [ 9.168918365494719, 45.524053555391149 ], [ 9.169068026950967, 45.524329249144159 ], [ 9.169314942620142, 45.524760474357031 ], [ 9.169442689446036, 45.525012028519591 ], [ 9.169507675540789, 45.525139119402318 ], [ 9.171367153129296, 45.523732805661616 ], [ 9.173116305254183, 45.522398973097772 ], [ 9.173251664814682, 45.522296823213836 ], [ 9.173278147787189, 45.522278106660423 ], [ 9.173517504364632, 45.522099348705609 ], [ 9.174123529026485, 45.521712633934328 ], [ 9.174586780588252, 45.521401909099467 ], [ 9.174852871141626, 45.521222606095272 ], [ 9.174906169531834, 45.52118652008884 ], [ 9.174959467853901, 45.521150434057418 ], [ 9.175012766107807, 45.521114348001007 ], [ 9.175066064293567, 45.521078261919612 ], [ 9.175795828070559, 45.520584158859428 ], [ 9.176832017167396, 45.519870999728887 ], [ 9.177288323805323, 45.519474433743952 ], [ 9.177473916415007, 45.519236402047063 ], [ 9.177666946020892, 45.518988830800922 ], [ 9.177899838870566, 45.518584772308003 ], [ 9.1780655199397, 45.518197393641039 ], [ 9.1782883599708, 45.517581006621292 ], [ 9.178860948723056, 45.515871074371653 ], [ 9.178939227970131, 45.515608040112042 ], [ 9.179456170724441, 45.513844589801323 ], [ 9.180068325920578, 45.511756194730445 ], [ 9.180532776417335, 45.51017596148202 ], [ 9.180902713694648, 45.508940328777371 ], [ 9.181156223102521, 45.508313147343394 ], [ 9.181605463347891, 45.507727687720497 ], [ 9.183716343658602, 45.505774795402253 ] ] ] } },
{ "type": "Feature", "properties": { "MapCommunity": "C1", "CITY": "Milano", "COM_ASC2": "15146081", "DEN_ASC2": "Bovisasca", "is_member": 0, "is_incoming": 0, "CommunityInitial": "", "CommunityPrev": "", "CommunityFinal": "", "Transition": "" }, "geometry": { "type": "Polygon", "coordinates": [ [ [ 9.167447921613489, 45.521299052291162 ], [ 9.167300925117367, 45.521038386908984 ], [ 9.167230173632888, 45.520912923318697 ], [ 9.167098580748918, 45.520663233555922 ], [ 9.166997383974969, 45.520500114121155 ], [ 9.166919640933765, 45.520368429983328 ], [ 9.166587430442968, 45.51976670143727 ], [ 9.166224550339306, 45.51910992072478 ], [ 9.166039738396142, 45.518845762204819 ], [ 9.165837398185115, 45.518611189356911 ], [ 9.16580022897775, 45.518556021520816 ], [ 9.165177670269948, 45.517831611484063 ], [ 9.164263846902223, 45.516780978607287 ], [ 9.163412240167064, 45.515811613887522 ], [ 9.162819947984785, 45.515130847754072 ], [ 9.162713047704754, 45.515007169070088 ], [ 9.162452085146612, 45.514705244418828 ], [ 9.162126345666975, 45.514322432592259 ], [ 9.16206241099025, 45.514247295607802 ], [ 9.16128639717915, 45.513335292063708 ], [ 9.160601415708197, 45.51255355252858 ], [ 9.160481815788046, 45.512429307182828 ], [ 9.159773325358866, 45.511608962785765 ], [ 9.159195972040697, 45.510911023737627 ], [ 9.158898247946855, 45.510427231151112 ], [ 9.158536975207644, 45.509696841248136 ], [ 9.158486193821133, 45.509594179220265 ], [ 9.155454628273661, 45.510057025038215 ], [ 9.154597988904269, 45.510146934150264 ], [ 9.153353101828593, 45.510124932020119 ], [ 9.153301891369352, 45.510124026836358 ], [ 9.152537413129876, 45.510986921823871 ], [ 9.151909268354759, 45.511679851263779 ], [ 9.15045492439673, 45.513260447655604 ], [ 9.149850832764367, 45.513928758072552 ], [ 9.149783477745366, 45.514009673714042 ], [ 9.149565662733526, 45.514271305550018 ], [ 9.149131235580715, 45.514771419107639 ], [ 9.148363420165971, 45.515688531405267 ], [ 9.147660102919835, 45.516481785275893 ], [ 9.146163197391873, 45.518188434001395 ], [ 9.14469984463557, 45.51989061405807 ], [ 9.144615870004806, 45.519988286072326 ], [ 9.144533058196183, 45.520084147329925 ], [ 9.143017459972251, 45.521838730763584 ], [ 9.143155053123664, 45.521850119430766 ], [ 9.143554218660933, 45.521883149406094 ], [ 9.143623866141191, 45.521567741563551 ], [ 9.143862147116749, 45.521586936312133 ], [ 9.144110592077464, 45.521606949443466 ], [ 9.143889112979464, 45.522710888745216 ], [ 9.144270816686664, 45.522750950062672 ], [ 9.145138694366796, 45.522842032739042 ], [ 9.14519851061088, 45.522848312400242 ], [ 9.14536459606953, 45.522188876771374 ], [ 9.145381650479491, 45.522121177588843 ], [ 9.145560216364307, 45.521412173738867 ], [ 9.148488385967545, 45.521854070258655 ], [ 9.148781264516844, 45.520996657324019 ], [ 9.148799188159897, 45.520944177350017 ], [ 9.148816272228943, 45.520881175276813 ], [ 9.148832275318945, 45.520827792287562 ], [ 9.148326297974121, 45.520795086011063 ], [ 9.148234360794024, 45.520790147631068 ], [ 9.148124192955141, 45.520781890708449 ], [ 9.148306979223502, 45.520301590481616 ], [ 9.147661412734163, 45.520198242612288 ], [ 9.14767120847196, 45.5201734553102 ], [ 9.148074850808694, 45.51915235150134 ], [ 9.148248568350061, 45.51871252115928 ], [ 9.148319633855543, 45.518644686581126 ], [ 9.148412678828516, 45.51861841571796 ], [ 9.148510676998461, 45.518631358861754 ], [ 9.149661636392613, 45.51880575275031 ], [ 9.149901159879851, 45.51838175929165 ], [ 9.150060686855525, 45.518099366926528 ], [ 9.150380041633031, 45.518171325765906 ], [ 9.151352497612452, 45.518394010594911 ], [ 9.151390758598783, 45.518402771078087 ], [ 9.151519494863157, 45.518096380021262 ], [ 9.151714877806715, 45.518138558216322 ], [ 9.152815737744177, 45.51837619714297 ], [ 9.153342710926236, 45.51848994903802 ], [ 9.153841271690098, 45.518597564708706 ], [ 9.153790305786089, 45.518683145649327 ], [ 9.15363953766574, 45.518769553026267 ], [ 9.153510296734323, 45.518984623692482 ], [ 9.153208219367471, 45.519172377358842 ], [ 9.152939441166643, 45.519339440706645 ], [ 9.152773350586104, 45.519442669807212 ], [ 9.15257299166027, 45.519567207750619 ], [ 9.152496752025719, 45.519614631064215 ], [ 9.152446215755457, 45.519646087171388 ], [ 9.152404602887495, 45.519671938964485 ], [ 9.152367497721348, 45.519696142028181 ], [ 9.152291042653541, 45.519745947183104 ], [ 9.15199274140306, 45.519940102262105 ], [ 9.151902643535427, 45.519998760790898 ], [ 9.151845984595191, 45.520034394983668 ], [ 9.151649481064624, 45.520157625509626 ], [ 9.151441974615762, 45.520287790331203 ], [ 9.150914521951709, 45.521161946449894 ], [ 9.151324413913855, 45.521144021268753 ], [ 9.151620076586527, 45.52121948511229 ], [ 9.153701611656288, 45.5216477427211 ], [ 9.153931392993492, 45.521687180381157 ], [ 9.154087972131677, 45.521714054494588 ], [ 9.15578798259085, 45.522031439027479 ], [ 9.156340020011337, 45.522134495436575 ], [ 9.15756420947352, 45.522363021994053 ], [ 9.15782515752076, 45.52241185277844 ], [ 9.158603688148931, 45.52255753384221 ], [ 9.158838984998042, 45.522600975658129 ], [ 9.159773428405725, 45.522775391083435 ], [ 9.161517975993524, 45.523102735319135 ], [ 9.162855052910279, 45.523354843473825 ], [ 9.163280857823866, 45.523435925109553 ], [ 9.164090179379153, 45.5235938886497 ], [ 9.164736292267195, 45.523719992116696 ], [ 9.16547817591937, 45.523864781730282 ], [ 9.166173448887708, 45.524000469417693 ], [ 9.16627723281599, 45.524020725686697 ], [ 9.166508796087324, 45.523795451836875 ], [ 9.166867159761086, 45.523446815012001 ], [ 9.166978847675582, 45.523338153456436 ], [ 9.167146816904001, 45.523178915083143 ], [ 9.167629871098065, 45.522720955869303 ], [ 9.167902015662175, 45.52246322552373 ], [ 9.168033628580245, 45.522337649364644 ], [ 9.167671937589715, 45.521696290683686 ], [ 9.167558732724604, 45.521495550391414 ], [ 9.167447921613489, 45.521299052291162 ] ] ] } },
{ "type": "Feature", "properties": { "MapCommunity": "C1", "CITY": "Milano", "COM_ASC2": "15146082", "DEN_ASC2": "Comasina", "is_member": 0, "is_incoming": 0, "CommunityInitial": "", "CommunityPrev": "", "CommunityFinal": "", "Transition": "" }, "geometry": { "type": "Polygon", "coordinates": [ [ [ 9.163469010616131, 45.528323966368703 ], [ 9.163793895533498, 45.527641324429695 ], [ 9.164202342498372, 45.52777615857952 ], [ 9.164940013836747, 45.528209302220453 ], [ 9.165219144859142, 45.528372110236383 ], [ 9.165362111904418, 45.528265234133578 ], [ 9.166183742544607, 45.527639614436154 ], [ 9.167439962200211, 45.526691683184957 ], [ 9.167705870185683, 45.526491809962373 ], [ 9.168702318630242, 45.525742550652865 ], [ 9.169203093522892, 45.525366255471106 ], [ 9.169282469052295, 45.525306783742565 ], [ 9.169330926744033, 45.525270707537089 ], [ 9.169507675540789, 45.525139119402318 ], [ 9.169442689446036, 45.525012028519591 ], [ 9.169314942620142, 45.524760474357031 ], [ 9.169068026950967, 45.524329249144159 ], [ 9.168918365494719, 45.524053555391149 ], [ 9.168794158413972, 45.523816900288949 ], [ 9.168445493749987, 45.523138668171299 ], [ 9.168033628580245, 45.522337649364644 ], [ 9.167902015662175, 45.52246322552373 ], [ 9.167629871098065, 45.522720955869303 ], [ 9.167146816904001, 45.523178915083143 ], [ 9.166978847675582, 45.523338153456436 ], [ 9.166867159761086, 45.523446815012001 ], [ 9.166508796087324, 45.523795451836875 ], [ 9.16627723281599, 45.524020725686697 ], [ 9.166173448887708, 45.524000469417693 ], [ 9.16547817591937, 45.523864781730282 ], [ 9.164736292267195, 45.523719992116696 ], [ 9.164090179379153, 45.5235938886497 ], [ 9.163280857823866, 45.523435925109553 ], [ 9.162855052910279, 45.523354843473825 ], [ 9.161517975993524, 45.523102735319135 ], [ 9.159773428405725, 45.522775391083435 ], [ 9.158838984998042, 45.522600975658129 ], [ 9.158603688148931, 45.52255753384221 ], [ 9.15782515752076, 45.52241185277844 ], [ 9.15756420947352, 45.522363021994053 ], [ 9.156340020011337, 45.522134495436575 ], [ 9.15578798259085, 45.522031439027479 ], [ 9.154087972131677, 45.521714054494588 ], [ 9.153931392993492, 45.521687180381157 ], [ 9.153701611656288, 45.5216477427211 ], [ 9.151620076586527, 45.52121948511229 ], [ 9.151601145766076, 45.521295537150188 ], [ 9.151495153297427, 45.521721452401863 ], [ 9.151153943525024, 45.523092510115809 ], [ 9.151792230771514, 45.523177021169872 ], [ 9.151757341771264, 45.523302531149653 ], [ 9.151669587186252, 45.523618212729481 ], [ 9.151612055499601, 45.523825173053382 ], [ 9.151493078231393, 45.524253165697871 ], [ 9.152304943513915, 45.524358020952114 ], [ 9.152601020976082, 45.524396893100302 ], [ 9.152386211864616, 45.525318921880803 ], [ 9.15236960103792, 45.525390220117885 ], [ 9.15270436646631, 45.525430888305841 ], [ 9.152615414007279, 45.525773084822212 ], [ 9.153636041758343, 45.525901455787363 ], [ 9.153705628249948, 45.525582070817052 ], [ 9.154271824066063, 45.525644981320859 ], [ 9.154334724835353, 45.525652025223508 ], [ 9.155051497532131, 45.525732291262763 ], [ 9.15514659897894, 45.525742940950963 ], [ 9.155013613738518, 45.526224219221476 ], [ 9.156360734618492, 45.526398796591117 ], [ 9.156420543257466, 45.526406527659958 ], [ 9.156211342589604, 45.527091562247705 ], [ 9.156008367906198, 45.527734773292622 ], [ 9.155737049579063, 45.528576938206555 ], [ 9.155676047043386, 45.528770426895981 ], [ 9.155780448589784, 45.52879039030671 ], [ 9.156811451555386, 45.528989930812976 ], [ 9.156698443529834, 45.529445955091511 ], [ 9.156541646684976, 45.530078670302466 ], [ 9.156990150431632, 45.530127459080717 ], [ 9.156949176295935, 45.530278626557035 ], [ 9.156746866691105, 45.531010186911779 ], [ 9.157781002372934, 45.53115924609876 ], [ 9.157480952476341, 45.53237345748412 ], [ 9.158560666822424, 45.532735635624164 ], [ 9.158485311726704, 45.533444492742284 ], [ 9.158481781556315, 45.533478519934626 ], [ 9.161101399826784, 45.533808909162104 ], [ 9.161203042462438, 45.533821727331208 ], [ 9.16167337774348, 45.532442708665783 ], [ 9.161873685879904, 45.531855390407237 ], [ 9.161886718721693, 45.531817177630522 ], [ 9.162737519456405, 45.529833430611319 ], [ 9.163319318960928, 45.528634768534992 ], [ 9.163469010616131, 45.528323966368703 ] ] ] } },
{ "type": "Feature", "properties": { "MapCommunity": "C1", "CITY": "Milano", "COM_ASC2": "15146083", "DEN_ASC2": "Bruzzano", "is_member": 0, "is_incoming": 0, "CommunityInitial": "", "CommunityPrev": "", "CommunityFinal": "", "Transition": "" }, "geometry": { "type": "Polygon", "coordinates": [ [ [ 9.175713421962563, 45.535366042044032 ], [ 9.175717804641138, 45.535321176617785 ], [ 9.177424863345989, 45.535438515208249 ], [ 9.17751069505235, 45.53544440988761 ], [ 9.177644233131383, 45.535453578726219 ], [ 9.17806656410356, 45.534778099347015 ], [ 9.178067410982967, 45.534388607720572 ], [ 9.178396445588234, 45.531552492678593 ], [ 9.178447991130966, 45.53136919325037 ], [ 9.178507827678621, 45.531156413078293 ], [ 9.178758152596574, 45.530627595684884 ], [ 9.178817357134081, 45.530502522015354 ], [ 9.17894150402805, 45.530240252823162 ], [ 9.178961897153799, 45.530007637243614 ], [ 9.178875987970004, 45.52973960055099 ], [ 9.178684481819959, 45.529123687457378 ], [ 9.178656077759783, 45.529033180914411 ], [ 9.178502984574157, 45.528783656179968 ], [ 9.178422510434052, 45.528652491089474 ], [ 9.178287364068472, 45.528212286795203 ], [ 9.179372259557507, 45.528271378180378 ], [ 9.179435160008598, 45.528274804222136 ], [ 9.180866482082298, 45.527737446431992 ], [ 9.180818357824469, 45.527084955972967 ], [ 9.181088000417525, 45.525605901903944 ], [ 9.181129698701078, 45.525377168348349 ], [ 9.181086681838481, 45.525119899701103 ], [ 9.181033247946825, 45.52504858859529 ], [ 9.180931138902585, 45.524912315343521 ], [ 9.180620830351016, 45.524759383614629 ], [ 9.18048566421132, 45.524737888408687 ], [ 9.179388169066208, 45.524563347771817 ], [ 9.179543439052267, 45.524131691113347 ], [ 9.179631131398683, 45.523884218367527 ], [ 9.179651800559334, 45.523830438502976 ], [ 9.179685785618499, 45.523752096193341 ], [ 9.179974357979111, 45.523086860315516 ], [ 9.180169360325738, 45.522805165029759 ], [ 9.180231317768262, 45.52271566296271 ], [ 9.180293818548538, 45.522628756820609 ], [ 9.180472815474198, 45.522375857373696 ], [ 9.180726999691529, 45.521458530379554 ], [ 9.17825035503812, 45.521326770719099 ], [ 9.177763346710204, 45.520716319612113 ], [ 9.178030482966655, 45.519082325467956 ], [ 9.177896718416674, 45.519047931808956 ], [ 9.177666946020892, 45.518988830800922 ], [ 9.177473916415007, 45.519236402047063 ], [ 9.177288323805323, 45.519474433743952 ], [ 9.176832017167396, 45.519870999728887 ], [ 9.175795828070559, 45.520584158859428 ], [ 9.175066064293567, 45.521078261919612 ], [ 9.175012766107807, 45.521114348001007 ], [ 9.174959467853901, 45.521150434057418 ], [ 9.174906169531834, 45.52118652008884 ], [ 9.174852871141626, 45.521222606095272 ], [ 9.174586780588252, 45.521401909099467 ], [ 9.174123529026485, 45.521712633934328 ], [ 9.173517504364632, 45.522099348705609 ], [ 9.173278147787189, 45.522278106660423 ], [ 9.173251664814682, 45.522296823213836 ], [ 9.173116305254183, 45.522398973097772 ], [ 9.171367153129296, 45.523732805661616 ], [ 9.169507675540789, 45.525139119402318 ], [ 9.169330926744033, 45.525270707537089 ], [ 9.169282469052295, 45.525306783742565 ], [ 9.169203093522892, 45.525366255471106 ], [ 9.168702318630242, 45.525742550652865 ], [ 9.167705870185683, 45.526491809962373 ], [ 9.167439962200211, 45.526691683184957 ], [ 9.166183742544607, 45.527639614436154 ], [ 9.165362111904418, 45.528265234133578 ], [ 9.165219144859142, 45.528372110236383 ], [ 9.164940013836747, 45.528209302220453 ], [ 9.164202342498372, 45.52777615857952 ], [ 9.163793895533498, 45.527641324429695 ], [ 9.163469010616131, 45.528323966368703 ], [ 9.163319318960928, 45.528634768534992 ], [ 9.162737519456405, 45.529833430611319 ], [ 9.161886718721693, 45.531817177630522 ], [ 9.161873685879904, 45.531855390407237 ], [ 9.16167337774348, 45.532442708665783 ], [ 9.161203042462438, 45.533821727331208 ], [ 9.16092253759922, 45.534563924512021 ], [ 9.16113659362245, 45.534586687138642 ], [ 9.162518353345245, 45.534733619273524 ], [ 9.162557811509334, 45.534737815240952 ], [ 9.162704617349641, 45.534753425637703 ], [ 9.162879754851655, 45.534772109826683 ], [ 9.162922942547503, 45.5347767171002 ], [ 9.164268105053676, 45.534920209438887 ], [ 9.16422092801521, 45.5350860501771 ], [ 9.165182615554659, 45.535200606537074 ], [ 9.165329082883089, 45.535217173564483 ], [ 9.165513551212763, 45.535234777181607 ], [ 9.165720722712393, 45.535255475442604 ], [ 9.165605935919446, 45.53578639959791 ], [ 9.167272486282501, 45.535946372498373 ], [ 9.167318238914051, 45.535572929904497 ], [ 9.168788546824871, 45.535704734450384 ], [ 9.168810793739796, 45.535309550557564 ], [ 9.169207737863891, 45.535331254451627 ], [ 9.169964374442914, 45.535402714093948 ], [ 9.170772451010512, 45.535477843485801 ], [ 9.170812476256438, 45.53548156499717 ], [ 9.17089313148964, 45.535111891503867 ], [ 9.170899812709763, 45.535081268832705 ], [ 9.172017387984846, 45.535159974661056 ], [ 9.172016785609165, 45.534962396442083 ], [ 9.172694874846412, 45.534978886741968 ], [ 9.172745307403384, 45.534980114744968 ], [ 9.172800510679588, 45.534979628004081 ], [ 9.172879668455607, 45.534983861157762 ], [ 9.172950823525488, 45.534985840800971 ], [ 9.173003434111351, 45.534987303020962 ], [ 9.173061357751303, 45.534988909285957 ], [ 9.174245653885011, 45.535021818930737 ], [ 9.174059631630492, 45.535921837908198 ], [ 9.175652548373513, 45.535973335915315 ], [ 9.175670012699538, 45.535799182274602 ], [ 9.175713421962563, 45.535366042044032 ] ] ] } },
{ "type": "Feature", "properties": { "MapCommunity": "C1", "CITY": "Milano", "COM_ASC2": "15146084", "DEN_ASC2": "Parco Nord", "is_member": 0, "is_incoming": 0, "CommunityInitial": "C1", "CommunityPrev": "C4", "CommunityFinal": "C4", "Transition": "stabile" }, "geometry": { "type": "Polygon", "coordinates": [ [ [ 9.179137564269114, 45.535094684182582 ], [ 9.179144569982142, 45.535002286101189 ], [ 9.17925187237933, 45.535020815721303 ], [ 9.179514272464939, 45.535070185947617 ], [ 9.179664963170575, 45.535098624686029 ], [ 9.179739912587161, 45.535112769894646 ], [ 9.179977394242202, 45.535156311356985 ], [ 9.180290232860875, 45.534144506921393 ], [ 9.181970900290278, 45.534383848720132 ], [ 9.182007127785026, 45.534225092925283 ], [ 9.182991589247527, 45.534355433707994 ], [ 9.183051163424414, 45.534156895000066 ], [ 9.183108377891095, 45.533962645452078 ], [ 9.183213874922091, 45.53360446092276 ], [ 9.183322152443919, 45.533236843175949 ], [ 9.18333748522095, 45.53318479680437 ], [ 9.183550827904771, 45.533224111178491 ], [ 9.184273722803551, 45.533354836618571 ], [ 9.184316813615132, 45.533062191366966 ], [ 9.184552554972061, 45.532722050418847 ], [ 9.18458251344849, 45.532680173073871 ], [ 9.184650611036405, 45.532027640055496 ], [ 9.184688247973757, 45.531665250392926 ], [ 9.184701233662524, 45.531529330993891 ], [ 9.184694169106029, 45.531368033941426 ], [ 9.184686260075758, 45.531181526204321 ], [ 9.184762885039099, 45.530927512225482 ], [ 9.184879880311193, 45.530554445671086 ], [ 9.185238482602713, 45.530595760294503 ], [ 9.185274610998247, 45.530599920513502 ], [ 9.185680350408033, 45.53064562812844 ], [ 9.185976818016824, 45.530679027744945 ], [ 9.186540560194929, 45.530740793930882 ], [ 9.186609957584501, 45.53041992051017 ], [ 9.186685417435314, 45.530070978927505 ], [ 9.186631714433039, 45.530049257940789 ], [ 9.186630432195379, 45.530016251242252 ], [ 9.186626456608058, 45.529913885651141 ], [ 9.186622274365304, 45.529800530065593 ], [ 9.186621664275286, 45.529745001541762 ], [ 9.186618712239003, 45.52947620052425 ], [ 9.187221113101828, 45.528867011139297 ], [ 9.187257545187759, 45.52882944837841 ], [ 9.188165422976441, 45.527911391565652 ], [ 9.188953706145476, 45.527113528754441 ], [ 9.188990485274616, 45.527075883845285 ], [ 9.190128086293999, 45.527183501598749 ], [ 9.190447372768121, 45.527214703089413 ], [ 9.19043951018139, 45.527251960021758 ], [ 9.190433056689956, 45.527280244114685 ], [ 9.190348244533094, 45.527651948791117 ], [ 9.190442933161995, 45.527654214064512 ], [ 9.190489694121625, 45.527655333242819 ], [ 9.190453720214785, 45.527759498963391 ], [ 9.19055004021353, 45.527769261138403 ], [ 9.191014468355418, 45.527816331695682 ], [ 9.192679235763912, 45.527985045335853 ], [ 9.192657357665361, 45.527738139965265 ], [ 9.192614545507041, 45.52725511089757 ], [ 9.192717897796031, 45.527269684873865 ], [ 9.194212800173972, 45.527480445701137 ], [ 9.194269575954937, 45.527488449243279 ], [ 9.195700253231886, 45.5276923941653 ], [ 9.196095747075169, 45.527749206810924 ], [ 9.195850656756807, 45.528372421845653 ], [ 9.195783496620512, 45.528541596372335 ], [ 9.195709365277168, 45.528535255217662 ], [ 9.195647956746271, 45.528529243267634 ], [ 9.195488483860915, 45.529335494658021 ], [ 9.195828264011579, 45.52937736182249 ], [ 9.196453697184737, 45.529454139264068 ], [ 9.196572182572483, 45.529468681921223 ], [ 9.1971047734192, 45.527977489543538 ], [ 9.19747288818294, 45.528046948886399 ], [ 9.197705289736783, 45.527281376602559 ], [ 9.198555279797098, 45.527451066231116 ], [ 9.199134398254069, 45.527568569251031 ], [ 9.199005876009849, 45.527779823843758 ], [ 9.198845808069047, 45.528042079382359 ], [ 9.199248424219956, 45.528140341243365 ], [ 9.199129411965133, 45.528309059108445 ], [ 9.200206184717656, 45.528482091627644 ], [ 9.200373640172959, 45.528508997518095 ], [ 9.200546691411418, 45.528281292961296 ], [ 9.201434966849964, 45.526965484079831 ], [ 9.202217839314894, 45.525805753601801 ], [ 9.20166005587175, 45.525594945657843 ], [ 9.2011209757438, 45.525493194442255 ], [ 9.200673381226292, 45.525442629458503 ], [ 9.200207747833634, 45.525469142822175 ], [ 9.199729432340517, 45.525548377880618 ], [ 9.197740451424819, 45.526187611679589 ], [ 9.197083481053888, 45.526319303411142 ], [ 9.196476164047578, 45.526350501457813 ], [ 9.194607819856284, 45.526341452777473 ], [ 9.192502825874708, 45.526312070064137 ], [ 9.191850678749146, 45.526311969144011 ], [ 9.189758749356491, 45.526311612661615 ], [ 9.189568530003298, 45.526170912833756 ], [ 9.188634025446962, 45.525479671590624 ], [ 9.188949751897331, 45.524444857137546 ], [ 9.189114714549927, 45.523904166319468 ], [ 9.188985981085859, 45.523871750385766 ], [ 9.18848226274307, 45.523766429967864 ], [ 9.18719827112743, 45.523497954784396 ], [ 9.187216571255867, 45.523298884381568 ], [ 9.184987655307722, 45.522711166758221 ], [ 9.184937657811275, 45.5226979827913 ], [ 9.184817424458265, 45.522703569940454 ], [ 9.184574706613022, 45.522713577353365 ], [ 9.183930279753852, 45.522744790278935 ], [ 9.184819638840372, 45.520659525874208 ], [ 9.184435931604265, 45.520584473761495 ], [ 9.18445081314092, 45.520552822554421 ], [ 9.184889389594243, 45.519617310117759 ], [ 9.185037801556465, 45.519305285912168 ], [ 9.185122906398869, 45.519199846785497 ], [ 9.185328046081073, 45.518947335560881 ], [ 9.185349240671968, 45.518921245670207 ], [ 9.185902110348245, 45.517509672972395 ], [ 9.185913820720847, 45.517479774733651 ], [ 9.185425036304329, 45.517377867438626 ], [ 9.18501586396266, 45.517204446738155 ], [ 9.184890521932816, 45.517151322608022 ], [ 9.18419944004032, 45.516771383397376 ], [ 9.184099841300549, 45.516728115402245 ], [ 9.183734153163584, 45.516569249506937 ], [ 9.183647035615513, 45.516551465685623 ], [ 9.182733352117239, 45.516363784299742 ], [ 9.182922870014288, 45.51579013540919 ], [ 9.183272727310504, 45.515280887601151 ], [ 9.183451856603348, 45.515008256106981 ], [ 9.183690660700496, 45.514644796253023 ], [ 9.183827684298828, 45.514515180324317 ], [ 9.184227622836588, 45.514136865489824 ], [ 9.18454959640877, 45.513793995588323 ], [ 9.184561572158383, 45.51374933791223 ], [ 9.184662290565116, 45.51335431062607 ], [ 9.184677003069252, 45.513237932123005 ], [ 9.18468865790234, 45.51296527758636 ], [ 9.184155864112027, 45.513099073440209 ], [ 9.182511979499347, 45.512406119903616 ], [ 9.181835826601919, 45.508361767257696 ], [ 9.182101098917567, 45.508032675861287 ], [ 9.182287868012299, 45.507986652262673 ], [ 9.184708030782211, 45.507390237665135 ], [ 9.184721417635016, 45.507256129861865 ], [ 9.184837467461822, 45.506125084794583 ], [ 9.184890510860608, 45.505597424887604 ], [ 9.184892055108762, 45.505543208596492 ], [ 9.1837817428543, 45.505714240431743 ], [ 9.183716343658602, 45.505774795402253 ], [ 9.181605463347891, 45.507727687720497 ], [ 9.181156223102521, 45.508313147343394 ], [ 9.180902713694648, 45.508940328777371 ], [ 9.180532776417335, 45.51017596148202 ], [ 9.180068325920578, 45.511756194730445 ], [ 9.179456170724441, 45.513844589801323 ], [ 9.178939227970131, 45.515608040112042 ], [ 9.178860948723056, 45.515871074371653 ], [ 9.1782883599708, 45.517581006621292 ], [ 9.1780655199397, 45.518197393641039 ], [ 9.177899838870566, 45.518584772308003 ], [ 9.177666946020892, 45.518988830800922 ], [ 9.177896718416674, 45.519047931808956 ], [ 9.178030482966655, 45.519082325467956 ], [ 9.177763346710204, 45.520716319612113 ], [ 9.17825035503812, 45.521326770719099 ], [ 9.180726999691529, 45.521458530379554 ], [ 9.180472815474198, 45.522375857373696 ], [ 9.180293818548538, 45.522628756820609 ], [ 9.180231317768262, 45.52271566296271 ], [ 9.180169360325738, 45.522805165029759 ], [ 9.179974357979111, 45.523086860315516 ], [ 9.179685785618499, 45.523752096193341 ], [ 9.179651800559334, 45.523830438502976 ], [ 9.179631131398683, 45.523884218367527 ], [ 9.179543439052267, 45.524131691113347 ], [ 9.179388169066208, 45.524563347771817 ], [ 9.18048566421132, 45.524737888408687 ], [ 9.180620830351016, 45.524759383614629 ], [ 9.180931138902585, 45.524912315343521 ], [ 9.181033247946825, 45.52504858859529 ], [ 9.181086681838481, 45.525119899701103 ], [ 9.181129698701078, 45.525377168348349 ], [ 9.181088000417525, 45.525605901903944 ], [ 9.180818357824469, 45.527084955972967 ], [ 9.180866482082298, 45.527737446431992 ], [ 9.179435160008598, 45.528274804222136 ], [ 9.179372259557507, 45.528271378180378 ], [ 9.178287364068472, 45.528212286795203 ], [ 9.178422510434052, 45.528652491089474 ], [ 9.178502984574157, 45.528783656179968 ], [ 9.178656077759783, 45.529033180914411 ], [ 9.178684481819959, 45.529123687457378 ], [ 9.178875987970004, 45.52973960055099 ], [ 9.178961897153799, 45.530007637243614 ], [ 9.17894150402805, 45.530240252823162 ], [ 9.178817357134081, 45.530502522015354 ], [ 9.178758152596574, 45.530627595684884 ], [ 9.178507827678621, 45.531156413078293 ], [ 9.178447991130966, 45.53136919325037 ], [ 9.178396445588234, 45.531552492678593 ], [ 9.178067410982967, 45.534388607720572 ], [ 9.17806656410356, 45.534778099347015 ], [ 9.178893797670066, 45.535222055238194 ], [ 9.179118534220734, 45.535342663192814 ], [ 9.179137564269114, 45.535094684182582 ] ] ] } },
{ "type": "Feature", "properties": { "MapCommunity": "C1", "CITY": "Milano", "COM_ASC2": "15146085", "DEN_ASC2": "Parco delle Abbazie", "is_member": 0, "is_incoming": 0, "CommunityInitial": "", "CommunityPrev": "", "CommunityFinal": "", "Transition": "" }, "geometry": { "type": "Polygon", "coordinates": [ [ [ 9.217107249753465, 45.431868076676103 ], [ 9.217334666927032, 45.431598242347896 ], [ 9.218656071856588, 45.432307934030575 ], [ 9.219467134117149, 45.431722707291939 ], [ 9.220243526689872, 45.43103912916829 ], [ 9.22098101622877, 45.430389784285467 ], [ 9.221171719716684, 45.430221869579363 ], [ 9.221947384487638, 45.43009403973528 ], [ 9.222174911044782, 45.429844131435388 ], [ 9.224326586236794, 45.43060484388733 ], [ 9.223400586171808, 45.431138123778247 ], [ 9.224125649632962, 45.431694952523529 ], [ 9.226108985684759, 45.43032185071025 ], [ 9.226509465436957, 45.429801426048719 ], [ 9.227428528109153, 45.428937479164254 ], [ 9.227874011151894, 45.428503551101045 ], [ 9.228188364927689, 45.428157148623839 ], [ 9.228464021506449, 45.427772882393626 ], [ 9.228857153164169, 45.427404852452902 ], [ 9.230486616697277, 45.426038637912988 ], [ 9.230800230451987, 45.425753480423964 ], [ 9.231078472159147, 45.425523773842094 ], [ 9.231811760744755, 45.424918383929189 ], [ 9.232462422062316, 45.42438050933248 ], [ 9.23309467008581, 45.423906171523996 ], [ 9.233221466052656, 45.423799370223662 ], [ 9.234631645984456, 45.422609326989189 ], [ 9.237580043215557, 45.420923331784657 ], [ 9.238937132210674, 45.420146423079288 ], [ 9.238812555843275, 45.420110948589418 ], [ 9.238545318167994, 45.41969016505908 ], [ 9.238190989434582, 45.419308676611237 ], [ 9.238120474527388, 45.419232756648526 ], [ 9.237696667467297, 45.418776454320366 ], [ 9.237613576503913, 45.418686992600136 ], [ 9.237143866334442, 45.418181255091291 ], [ 9.237009064186129, 45.418054461302553 ], [ 9.236438475951195, 45.417517765022758 ], [ 9.23639130871568, 45.4174712009779 ], [ 9.235738377697823, 45.41682346626088 ], [ 9.235534771856047, 45.41662555503828 ], [ 9.235095139479544, 45.416191500516341 ], [ 9.234907972301299, 45.416006703374137 ], [ 9.234389967514939, 45.415595565153794 ], [ 9.23378327555727, 45.41511402624127 ], [ 9.235359945949797, 45.414387187842372 ], [ 9.236504076972276, 45.413863469999086 ], [ 9.236935235073947, 45.41366610476706 ], [ 9.23699505324371, 45.413638723013918 ], [ 9.237315801110844, 45.413491897086004 ], [ 9.237566955134865, 45.414474879272397 ], [ 9.237628755221225, 45.414723684494547 ], [ 9.237741962146481, 45.415179453328051 ], [ 9.237940119140843, 45.416004485105738 ], [ 9.237983662585528, 45.416191502880253 ], [ 9.238108148909314, 45.416711030721665 ], [ 9.23813830146962, 45.416829598279172 ], [ 9.238155018780338, 45.416899199036592 ], [ 9.238347881441548, 45.416869093472499 ], [ 9.238549854609154, 45.416630566687822 ], [ 9.238764331946463, 45.416458724503549 ], [ 9.23897126646872, 45.416294557772211 ], [ 9.238915570897117, 45.41621042420141 ], [ 9.239286174834145, 45.415960498688456 ], [ 9.239692182974682, 45.414864664461476 ], [ 9.239359079604869, 45.414428449344648 ], [ 9.239556511367637, 45.414368772873715 ], [ 9.239812842219376, 45.414291293918296 ], [ 9.240297216933875, 45.41414488289076 ], [ 9.240914790565848, 45.414418472760531 ], [ 9.241328144769383, 45.414601587986006 ], [ 9.241438074562248, 45.414632287647244 ], [ 9.241963575968549, 45.414779037758898 ], [ 9.243032755720455, 45.415077602966555 ], [ 9.244944935551155, 45.41729120077629 ], [ 9.245109496138523, 45.417483224658113 ], [ 9.245161636876663, 45.417457631071088 ], [ 9.245257769019053, 45.4174220902242 ], [ 9.245341815995443, 45.417390841855465 ], [ 9.245418853711174, 45.417362531196424 ], [ 9.245662627558934, 45.417272952227279 ], [ 9.245654200204022, 45.417053453732144 ], [ 9.246788525273899, 45.416528565050598 ], [ 9.247465783643589, 45.41613105293348 ], [ 9.247872188586872, 45.415843065433279 ], [ 9.248064620721545, 45.415706703300003 ], [ 9.248864852251568, 45.415304415060852 ], [ 9.249506363904755, 45.415069724222555 ], [ 9.249654290933025, 45.415032094330776 ], [ 9.249697290471914, 45.414997773006064 ], [ 9.249994114888679, 45.414760853874974 ], [ 9.25017977947943, 45.414611933587295 ], [ 9.248771760415648, 45.413705890210245 ], [ 9.24787461090253, 45.413122765028518 ], [ 9.247069123600435, 45.413043495095778 ], [ 9.246645903505749, 45.412702370316019 ], [ 9.24624557592974, 45.412392689160605 ], [ 9.246143300761977, 45.412313215909734 ], [ 9.246043421240051, 45.412235603370313 ], [ 9.245480523604076, 45.412101798960272 ], [ 9.245051046500993, 45.412292593163343 ], [ 9.244934703354863, 45.412344278691471 ], [ 9.244831684526051, 45.412390095513985 ], [ 9.244605332651625, 45.412490603534231 ], [ 9.244406395618942, 45.412578987138126 ], [ 9.244320011499275, 45.412617369754372 ], [ 9.243885197360882, 45.412546282478147 ], [ 9.243177250209039, 45.411756238577411 ], [ 9.242655308222595, 45.411013718885442 ], [ 9.242812011823522, 45.410791285650717 ], [ 9.24287048999137, 45.410713225559789 ], [ 9.243007440591613, 45.410513884517421 ], [ 9.242953562727426, 45.410422174387193 ], [ 9.242595497932648, 45.409812665820752 ], [ 9.241392541327194, 45.409410155923489 ], [ 9.240419857953858, 45.409016158258318 ], [ 9.240062095261765, 45.408765667874398 ], [ 9.240035338296744, 45.408746933931937 ], [ 9.238759634607531, 45.409217665244412 ], [ 9.238657236611836, 45.409264174625008 ], [ 9.238627635251719, 45.409281257891067 ], [ 9.237944627867321, 45.409589871226402 ], [ 9.237382633586218, 45.409922630598928 ], [ 9.236467519861343, 45.409706681590194 ], [ 9.236416083300092, 45.409698742720082 ], [ 9.23633061276618, 45.409682794700402 ], [ 9.235602862130341, 45.409516029092636 ], [ 9.235408400444921, 45.409471473141672 ], [ 9.235080389268132, 45.409396317402312 ], [ 9.233661003342954, 45.409129196785187 ], [ 9.232969831758409, 45.408860575572092 ], [ 9.232136884213219, 45.408295193394331 ], [ 9.231421923353938, 45.408017603537836 ], [ 9.22995250036344, 45.408001277864066 ], [ 9.229694371496873, 45.407991828313939 ], [ 9.228597699046157, 45.407942284506184 ], [ 9.227435365827896, 45.40802561183861 ], [ 9.226591525773872, 45.407865266752545 ], [ 9.226159494214322, 45.407721016008352 ], [ 9.225918838270108, 45.407640664330756 ], [ 9.225568165255616, 45.4075972735967 ], [ 9.224945292591405, 45.408372605016361 ], [ 9.224605613623526, 45.40868363223705 ], [ 9.224347332963072, 45.408802966631967 ], [ 9.223091851830688, 45.40946637075298 ], [ 9.220737406092583, 45.40841072826246 ], [ 9.217975652166977, 45.407172352698382 ], [ 9.218065384419463, 45.406965457045253 ], [ 9.218113024827105, 45.406855607129479 ], [ 9.218517499140157, 45.405885977177071 ], [ 9.218533888064817, 45.405846690316466 ], [ 9.217509217499151, 45.40521855792084 ], [ 9.217458177512821, 45.405174676616561 ], [ 9.216944353807701, 45.404732908280693 ], [ 9.21682132341148, 45.404627130125107 ], [ 9.21675977056651, 45.404574208663689 ], [ 9.216863263887937, 45.404410724359984 ], [ 9.216754180406232, 45.404073737762474 ], [ 9.216650426830249, 45.403777921827917 ], [ 9.216437022642257, 45.403218880072309 ], [ 9.216453732744768, 45.402993825163044 ], [ 9.216374562274655, 45.401922839554828 ], [ 9.216413905923687, 45.401504572191534 ], [ 9.216746222139244, 45.400239825642728 ], [ 9.216687428330822, 45.399788975928118 ], [ 9.218507352649945, 45.397812486801271 ], [ 9.218329858026195, 45.397768202274072 ], [ 9.216558631951116, 45.397326286197888 ], [ 9.215032114401438, 45.397084116110221 ], [ 9.214820388664371, 45.397050526496848 ], [ 9.21476171984976, 45.397253732235868 ], [ 9.214749977724269, 45.397294405079492 ], [ 9.214681454645827, 45.397527847554912 ], [ 9.213651343252334, 45.397363222574945 ], [ 9.213217627400446, 45.397294127122244 ], [ 9.210976031745707, 45.396935343595757 ], [ 9.210482783573442, 45.396856389560142 ], [ 9.210438244504873, 45.397034202284807 ], [ 9.210375975978573, 45.39728279875289 ], [ 9.210343109753063, 45.397414010906715 ], [ 9.210249696083716, 45.397786945565109 ], [ 9.210095888713075, 45.398400977559078 ], [ 9.210086754326264, 45.398437446013233 ], [ 9.209825425082393, 45.399480695047558 ], [ 9.209650199417229, 45.400180113175303 ], [ 9.209440895867766, 45.400140048933295 ], [ 9.208738435186865, 45.400008081453791 ], [ 9.206187390835399, 45.399529999771438 ], [ 9.206021908607093, 45.399647181089264 ], [ 9.205953140436559, 45.399744696417947 ], [ 9.205920222561229, 45.400197647809421 ], [ 9.20598324748989, 45.400436153978788 ], [ 9.205990775917011, 45.400591950098487 ], [ 9.205846624643613, 45.400884430664483 ], [ 9.20546842024071, 45.401430488250988 ], [ 9.205241745355393, 45.401658263018483 ], [ 9.204785577509591, 45.402201803850808 ], [ 9.204921098886656, 45.402270249652204 ], [ 9.205273708434067, 45.40244833534144 ], [ 9.205605038225478, 45.402615655794186 ], [ 9.206364514641118, 45.402985439087395 ], [ 9.206895845105098, 45.403133781400712 ], [ 9.207050343322493, 45.403176914668556 ], [ 9.207087010711296, 45.403182550513186 ], [ 9.208821997656782, 45.403449218045139 ], [ 9.208558034392944, 45.404515972237128 ], [ 9.207943514698771, 45.406810035147352 ], [ 9.207918825330701, 45.406936196179217 ], [ 9.207831749975629, 45.407381133262895 ], [ 9.207724012521291, 45.407808675039426 ], [ 9.207590349899359, 45.408339092642279 ], [ 9.207506356186059, 45.408672398883184 ], [ 9.207009668194519, 45.410643294031175 ], [ 9.20663109929469, 45.412149177476557 ], [ 9.206449753686277, 45.412870122252869 ], [ 9.206392377785853, 45.413092556512161 ], [ 9.206136228169461, 45.413042628133361 ], [ 9.204857273462881, 45.412793328150322 ], [ 9.204637699752336, 45.413062086629324 ], [ 9.204072268349639, 45.412827613195624 ], [ 9.201117378977345, 45.411613077869518 ], [ 9.200317077821442, 45.411309344510784 ], [ 9.200329120238951, 45.40971264699219 ], [ 9.20042584521086, 45.405977396149503 ], [ 9.200434792371352, 45.405631868807774 ], [ 9.200384837811345, 45.405393672614316 ], [ 9.20028481043016, 45.40491672225955 ], [ 9.200371693926293, 45.40435517759375 ], [ 9.20041411123775, 45.404081012158009 ], [ 9.200867491576425, 45.403318568112034 ], [ 9.201115341847753, 45.402901750324567 ], [ 9.201464507766675, 45.402314536204337 ], [ 9.201524645168236, 45.402213399628209 ], [ 9.201845188819531, 45.401591037015415 ], [ 9.20179201782234, 45.401592437049928 ], [ 9.198751788950174, 45.401672422531981 ], [ 9.198735145127017, 45.400567788529393 ], [ 9.198817752959974, 45.399876088833949 ], [ 9.19980861501227, 45.400098896222126 ], [ 9.199932730765861, 45.399823559868864 ], [ 9.200784513453359, 45.399990433171446 ], [ 9.201991519753726, 45.400163751110099 ], [ 9.202050899979648, 45.400172277427835 ], [ 9.20440424086622, 45.400467116904949 ], [ 9.20440738744422, 45.400441479189404 ], [ 9.204476716087461, 45.399762286642591 ], [ 9.204277397448909, 45.399655439655987 ], [ 9.203866792570311, 45.398812766228581 ], [ 9.20382034695835, 45.39826036030972 ], [ 9.203818878939867, 45.3982280275685 ], [ 9.201420033889081, 45.397667326319336 ], [ 9.201452520746907, 45.397576312707344 ], [ 9.201351567442462, 45.397587660423724 ], [ 9.20095691851291, 45.397631985622759 ], [ 9.200899558298143, 45.397636011990997 ], [ 9.200418592991701, 45.397610686545853 ], [ 9.20039409912351, 45.397563361088011 ], [ 9.200344433454728, 45.397439169982405 ], [ 9.200258995962475, 45.397225526356884 ], [ 9.200141841200059, 45.396613648731361 ], [ 9.200024115065522, 45.396031751653481 ], [ 9.199959798886576, 45.395713846494544 ], [ 9.199842412065983, 45.395029961987071 ], [ 9.199892243771297, 45.394669818179608 ], [ 9.200176397652033, 45.394302468830659 ], [ 9.200540644511566, 45.393831568475164 ], [ 9.201367243061121, 45.392812971234584 ], [ 9.201620243293293, 45.392110428418697 ], [ 9.201376082761868, 45.391705808406499 ], [ 9.201328658196422, 45.391645986503512 ], [ 9.201176858151809, 45.391454498201931 ], [ 9.201099308916168, 45.391356140646458 ], [ 9.201061693203124, 45.391308430622153 ], [ 9.200708819373585, 45.390860885969794 ], [ 9.200055765664899, 45.39021207407432 ], [ 9.199978804965893, 45.390134669756215 ], [ 9.199913950661701, 45.390070152976136 ], [ 9.199292686680002, 45.389539334082173 ], [ 9.199130237171346, 45.389400531844473 ], [ 9.199093902936854, 45.389369494751364 ], [ 9.198456117505314, 45.388899241064628 ], [ 9.19694791555221, 45.387749719480517 ], [ 9.196035806624392, 45.387466977539333 ], [ 9.194253695479473, 45.386973119942638 ], [ 9.19263134820349, 45.386681477677563 ], [ 9.192506340164204, 45.387103172319748 ], [ 9.192418259191072, 45.387241264985086 ], [ 9.192090682708141, 45.387754816557496 ], [ 9.191832645366052, 45.388038634074618 ], [ 9.191635875921845, 45.388102883600844 ], [ 9.19108355638666, 45.388283178988509 ], [ 9.190974689090787, 45.388426736675825 ], [ 9.190971525616437, 45.388476281590286 ], [ 9.190841057748692, 45.388650753360544 ], [ 9.190811520974611, 45.38878607802986 ], [ 9.190862866861467, 45.388875578703448 ], [ 9.190960353398152, 45.388957063065163 ], [ 9.190902257794026, 45.389500733181798 ], [ 9.190866108119078, 45.389839006149408 ], [ 9.190778077327542, 45.389916234138553 ], [ 9.190659570863797, 45.39012120732086 ], [ 9.190640356748995, 45.390154441624112 ], [ 9.191367251162927, 45.390725132413365 ], [ 9.191265566229253, 45.390837734482623 ], [ 9.191279417761942, 45.390934557270782 ], [ 9.19129103592897, 45.39101575572365 ], [ 9.191302426548271, 45.391095384727066 ], [ 9.191327735255362, 45.391310434903616 ], [ 9.191266629765057, 45.391587103333229 ], [ 9.191247337408994, 45.391674452823281 ], [ 9.191069267967427, 45.391959009424831 ], [ 9.191229748593676, 45.392228706263921 ], [ 9.191236892807256, 45.392421587804982 ], [ 9.191087683837409, 45.392615317901701 ], [ 9.190986493559752, 45.39263395602287 ], [ 9.190790577010464, 45.392670041127907 ], [ 9.190334179312352, 45.392774809048753 ], [ 9.190018071972677, 45.392756943888024 ], [ 9.189845190980266, 45.392657903746326 ], [ 9.189386167119578, 45.392253426934737 ], [ 9.188864551668631, 45.392029429858475 ], [ 9.18829391692219, 45.391645110607982 ], [ 9.188080631771625, 45.391603831858397 ], [ 9.1879109078945, 45.391477373687628 ], [ 9.187787427049106, 45.391360569659412 ], [ 9.18760278343867, 45.391294808872324 ], [ 9.187208368684713, 45.391154337079918 ], [ 9.187073296676916, 45.391208331297733 ], [ 9.186923238027584, 45.391155399935322 ], [ 9.186964003710587, 45.390989263571356 ], [ 9.186903277465115, 45.391002467060005 ], [ 9.186831837625116, 45.391195468477335 ], [ 9.186785442399435, 45.391231207540038 ], [ 9.186473893651931, 45.391471190089256 ], [ 9.186334700398167, 45.391507363968394 ], [ 9.186246821136717, 45.391389903405006 ], [ 9.186229943388327, 45.391315460400811 ], [ 9.186116154500471, 45.390813544768918 ], [ 9.18608935417042, 45.390695327434848 ], [ 9.186034221685327, 45.390452137052122 ], [ 9.18602653362284, 45.390418228137989 ], [ 9.185992021009774, 45.39026599028054 ], [ 9.186103481328473, 45.390166481075603 ], [ 9.186028987857318, 45.390121927122024 ], [ 9.185823915729186, 45.38999927242817 ], [ 9.1856457319325, 45.389892698612613 ], [ 9.185513543701138, 45.389935056617844 ], [ 9.185371155794348, 45.389980529274318 ], [ 9.185220060482374, 45.390034658030977 ], [ 9.184849115079757, 45.390158360863666 ], [ 9.184794690600695, 45.390176511856403 ], [ 9.184341789086531, 45.390327545759995 ], [ 9.184152878739878, 45.39039054280628 ], [ 9.184086012593575, 45.390404456799445 ], [ 9.183851751667607, 45.390453203543196 ], [ 9.183024298358392, 45.390525169289866 ], [ 9.182527727269431, 45.390568353759612 ], [ 9.182148965830812, 45.39076726623928 ], [ 9.182193772965318, 45.390873431826705 ], [ 9.182592478581165, 45.391810184198448 ], [ 9.182556333431128, 45.391908961111746 ], [ 9.182514675721677, 45.391926802565315 ], [ 9.179717740503643, 45.393124610005948 ], [ 9.179634769086061, 45.39317363291341 ], [ 9.179419398757362, 45.39330088172018 ], [ 9.178776115488551, 45.393373012383357 ], [ 9.178123321028968, 45.393524238818991 ], [ 9.177296683279586, 45.393709433276584 ], [ 9.177157746964138, 45.393717799531004 ], [ 9.177073152023222, 45.393722894024776 ], [ 9.176806054217188, 45.393798207634049 ], [ 9.176720611874002, 45.393822087100105 ], [ 9.176596251065995, 45.393800115527284 ], [ 9.174019840374315, 45.394305581036171 ], [ 9.173556693353264, 45.394396438263655 ], [ 9.173103828365072, 45.394485276139896 ], [ 9.173056840135207, 45.394494525069483 ], [ 9.172921244600134, 45.394520866611664 ], [ 9.172928891324689, 45.394576699119348 ], [ 9.172977022240282, 45.394959147401934 ], [ 9.172987239554057, 45.39503966838106 ], [ 9.17304045191675, 45.395460918922254 ], [ 9.173251124894948, 45.397130968170643 ], [ 9.173375998395318, 45.398441643119398 ], [ 9.173435768542515, 45.399064500601803 ], [ 9.173598594831747, 45.400768111905137 ], [ 9.173988192373843, 45.400767817064207 ], [ 9.174448103211779, 45.402765410439741 ], [ 9.174831195631562, 45.403810440581793 ], [ 9.175263797989485, 45.404725102362974 ], [ 9.17529089725465, 45.405411576295172 ], [ 9.174979887132194, 45.406658345866248 ], [ 9.176170673025204, 45.4065665980551 ], [ 9.176207026058995, 45.406030795427547 ], [ 9.180027126682912, 45.405542705304384 ], [ 9.179991361624612, 45.406252589515169 ], [ 9.180050986446139, 45.407082893693172 ], [ 9.182257182031686, 45.407280261080082 ], [ 9.182076441886192, 45.408173201094606 ], [ 9.18207006543906, 45.408204702242273 ], [ 9.183031701931515, 45.408271820837008 ], [ 9.183513809311977, 45.408305823740847 ], [ 9.182655254441508, 45.4105660656016 ], [ 9.182583220140776, 45.410755609057048 ], [ 9.18256445455855, 45.410923365253922 ], [ 9.18252530945116, 45.411273302048187 ], [ 9.182436032379536, 45.411834274592366 ], [ 9.182419235340541, 45.411933736711774 ], [ 9.182385070506349, 45.412136445085295 ], [ 9.182323730378569, 45.412513550615877 ], [ 9.182232213047914, 45.413076162885837 ], [ 9.182010774935714, 45.414437436384397 ], [ 9.181963380374206, 45.414728783138685 ], [ 9.181982560973909, 45.414775255848909 ], [ 9.182165473191684, 45.415218437094595 ], [ 9.182146197219575, 45.415251718527443 ], [ 9.181936756684044, 45.415613319194179 ], [ 9.18182791375073, 45.417143588456064 ], [ 9.181672820069842, 45.417962529252868 ], [ 9.181922556941915, 45.418160967039199 ], [ 9.181690589362718, 45.41834261724366 ], [ 9.182212813824295, 45.419947470495011 ], [ 9.182274694314501, 45.420137631457578 ], [ 9.180502013942432, 45.421024172374899 ], [ 9.180409847670557, 45.421070264920637 ], [ 9.180677890160162, 45.421455538978563 ], [ 9.180658344162676, 45.421841941790696 ], [ 9.180648331804315, 45.422039878226805 ], [ 9.180633157472862, 45.422339875495361 ], [ 9.180643822490437, 45.423562206091816 ], [ 9.180686031780263, 45.425210036162248 ], [ 9.180695848497269, 45.425380175847884 ], [ 9.180631215622505, 45.425424966601987 ], [ 9.180478627316065, 45.425555892507511 ], [ 9.180809530676708, 45.42588489969242 ], [ 9.180870728217412, 45.425924673857239 ], [ 9.181038061179066, 45.426027529828538 ], [ 9.181316527159101, 45.426201321798182 ], [ 9.181515685318068, 45.426326174210999 ], [ 9.18177811333984, 45.42648939875734 ], [ 9.182583190888225, 45.426990305377061 ], [ 9.183357113901025, 45.42614777530877 ], [ 9.183408030303999, 45.426092244944783 ], [ 9.18422246185256, 45.426482569841667 ], [ 9.184427276983822, 45.426323822682349 ], [ 9.184482689354279, 45.426279608157991 ], [ 9.185304839138468, 45.425623603587304 ], [ 9.185836830161895, 45.425199108772958 ], [ 9.187906094839683, 45.426326266532975 ], [ 9.189076628588769, 45.425289499501261 ], [ 9.189169906202771, 45.425206879165671 ], [ 9.190093001189593, 45.425760941896264 ], [ 9.190797631680587, 45.425262414473053 ], [ 9.191060262950542, 45.42545630896263 ], [ 9.193853733038688, 45.425556653182667 ], [ 9.193729571189166, 45.427827520661715 ], [ 9.195991982286404, 45.427916199375822 ], [ 9.196502740695987, 45.426700762292306 ], [ 9.197736617263306, 45.423824050781072 ], [ 9.198484847910732, 45.42289874874519 ], [ 9.199097512513914, 45.422431473092168 ], [ 9.202076241719505, 45.421003988171677 ], [ 9.203753622623639, 45.420235426726649 ], [ 9.204733457438882, 45.41935291997099 ], [ 9.204845609562847, 45.419377613692198 ], [ 9.205650000302269, 45.419554704761524 ], [ 9.20570432939229, 45.419566665026977 ], [ 9.205991847295255, 45.419638066075436 ], [ 9.205157939205998, 45.422026383769577 ], [ 9.205343489513957, 45.422194737559977 ], [ 9.206559964386564, 45.42330094749579 ], [ 9.20686815508264, 45.423307669074205 ], [ 9.20692346924031, 45.423141049211189 ], [ 9.207433513502567, 45.423239137938367 ], [ 9.207610062436007, 45.422949792186465 ], [ 9.210121557482051, 45.423472176621821 ], [ 9.209506424753773, 45.424613602833873 ], [ 9.209442302066313, 45.424732583809181 ], [ 9.209518241417202, 45.424742942705699 ], [ 9.210945384048504, 45.424937611845728 ], [ 9.21161038897753, 45.424999856855727 ], [ 9.212075624114368, 45.425043399913214 ], [ 9.212344168712233, 45.425187791503994 ], [ 9.212433808554957, 45.425235989470174 ], [ 9.211975372965375, 45.425790754036903 ], [ 9.21145384527175, 45.42642185163335 ], [ 9.210993138893947, 45.427140494038028 ], [ 9.210880551413466, 45.427511143957055 ], [ 9.210391504856306, 45.429121074118974 ], [ 9.209541621667917, 45.431220918853683 ], [ 9.208970248690457, 45.431482275296887 ], [ 9.208809336513568, 45.431666050940024 ], [ 9.208562254732744, 45.432092482637479 ], [ 9.208709487751845, 45.432121490257202 ], [ 9.210292633112852, 45.432433380790634 ], [ 9.211778478352272, 45.432708504006683 ], [ 9.214299858040915, 45.433471330164494 ], [ 9.214845080904794, 45.433496770511027 ], [ 9.215038830915413, 45.433008904948153 ], [ 9.21525457869066, 45.432465638115445 ], [ 9.2153105233732, 45.432324765827971 ], [ 9.217107249753465, 45.431868076676103 ] ], [ [ 9.179751788957168, 45.400835667074851 ], [ 9.180481017837563, 45.399897928930883 ], [ 9.180957289768815, 45.400023126905289 ], [ 9.181038880825087, 45.400044809552391 ], [ 9.181066034706486, 45.399746370892451 ], [ 9.182323611326927, 45.399891947586973 ], [ 9.182657370944405, 45.399994011104774 ], [ 9.182737220962064, 45.400018429016143 ], [ 9.182818181784482, 45.399846062391489 ], [ 9.182846845292186, 45.399799931681677 ], [ 9.182982871567644, 45.398970759345488 ], [ 9.182993078776393, 45.398908541336155 ], [ 9.182996589341666, 45.398689493664207 ], [ 9.182880529245066, 45.398356592856281 ], [ 9.182730642131903, 45.398092784183909 ], [ 9.18269833852146, 45.397982461046304 ], [ 9.182677546964834, 45.397911450657617 ], [ 9.182821518404621, 45.397848598282501 ], [ 9.183022408309398, 45.397760896466977 ], [ 9.183668249858208, 45.397733564297575 ], [ 9.184117562719484, 45.397714546687432 ], [ 9.185171995578946, 45.397669909569153 ], [ 9.185612073782876, 45.397651277304476 ], [ 9.18560008940455, 45.397682515080994 ], [ 9.185031999701435, 45.399163261688649 ], [ 9.184988263213842, 45.399277260130248 ], [ 9.184422679873665, 45.400037507764353 ], [ 9.183897418154574, 45.400828126358832 ], [ 9.183664199465349, 45.401179156867784 ], [ 9.183637910433545, 45.401218726512418 ], [ 9.183610179405251, 45.401300298499507 ], [ 9.183557106719666, 45.401456410401295 ], [ 9.183381354252464, 45.401973387554612 ], [ 9.183412636093015, 45.402138404807936 ], [ 9.183472346746205, 45.402454521561069 ], [ 9.183324753418422, 45.402696360376389 ], [ 9.183263620496724, 45.402796590628888 ], [ 9.18311732691574, 45.40312725810336 ], [ 9.18306214508754, 45.403648061231848 ], [ 9.181774675705023, 45.40391033651791 ], [ 9.177811861935108, 45.402809617259855 ], [ 9.178063049290854, 45.402400002994582 ], [ 9.178108396687266, 45.402326652785163 ], [ 9.178153362328846, 45.402287584568626 ], [ 9.17910487290815, 45.401453099014581 ], [ 9.179170612470259, 45.401430353163555 ], [ 9.179333017276301, 45.401374162468642 ], [ 9.179751788957168, 45.400835667074851 ] ] ] } },
{ "type": "Feature", "properties": { "MapCommunity": "C1", "CITY": "Milano", "COM_ASC2": "15146086", "DEN_ASC2": "Parco dei Navigli", "is_member": 0, "is_incoming": 0, "CommunityInitial": "C1", "CommunityPrev": "C1", "CommunityFinal": "C4", "Transition": "ingresso" }, "geometry": { "type": "Polygon", "coordinates": [ [ [ 9.138908543241335, 45.428484825237511 ], [ 9.139012446122198, 45.428359676882053 ], [ 9.139027940680165, 45.428385059549846 ], [ 9.140006449990178, 45.429987784175282 ], [ 9.140046379793713, 45.430053184191678 ], [ 9.140205187365845, 45.430278207764502 ], [ 9.140510043863729, 45.430710168411409 ], [ 9.140588855369367, 45.430813866600637 ], [ 9.140705390269693, 45.430986957478183 ], [ 9.143463261499102, 45.430460212548049 ], [ 9.145056357726379, 45.43015491436347 ], [ 9.147308519772981, 45.429711750508588 ], [ 9.149092697113925, 45.429375700881764 ], [ 9.149924300485832, 45.429230758055958 ], [ 9.14986378260279, 45.429091208309266 ], [ 9.149869352370832, 45.429030797224257 ], [ 9.149878015205458, 45.428936844327943 ], [ 9.150006647809443, 45.428803099642913 ], [ 9.150605482890636, 45.428513693800909 ], [ 9.151111388674702, 45.428300421534033 ], [ 9.150805062349736, 45.427828268849723 ], [ 9.152800095091434, 45.425917034355734 ], [ 9.153208357320585, 45.425744658059301 ], [ 9.15360890902881, 45.425582192947083 ], [ 9.153654544814358, 45.425563682597165 ], [ 9.154014694903326, 45.425417602273193 ], [ 9.153963040489586, 45.425398235501518 ], [ 9.153473822340189, 45.4252152511784 ], [ 9.153421302126597, 45.425195126518588 ], [ 9.151433082857526, 45.424133440663745 ], [ 9.151018947355583, 45.424473329098703 ], [ 9.150154394812153, 45.423959964277039 ], [ 9.150249045242523, 45.423572927994556 ], [ 9.149045331656023, 45.421643723331108 ], [ 9.147813626874393, 45.42088625836292 ], [ 9.148332426303609, 45.420590756705188 ], [ 9.149790445065966, 45.419585551680342 ], [ 9.150387046249705, 45.41938161463996 ], [ 9.150531421969657, 45.419168999138257 ], [ 9.151094028099212, 45.419064835393506 ], [ 9.151347579968219, 45.418907703994343 ], [ 9.152087379393432, 45.418449555223354 ], [ 9.151135464308719, 45.417729649005103 ], [ 9.152356127665167, 45.416546728055813 ], [ 9.152635181938043, 45.416670550498822 ], [ 9.153254394951491, 45.41693910682082 ], [ 9.153304214955716, 45.416959871599978 ], [ 9.153596647560645, 45.417307236401022 ], [ 9.153750416948599, 45.417489887559967 ], [ 9.153863387218701, 45.417478062598811 ], [ 9.154334014805089, 45.417428794735542 ], [ 9.154450742800401, 45.417583997021268 ], [ 9.154712845151829, 45.417551565399449 ], [ 9.155792270421518, 45.417416468147991 ], [ 9.157124593926195, 45.417089393214184 ], [ 9.157569969754077, 45.417487905776646 ], [ 9.158734585755061, 45.417200616464726 ], [ 9.15877180128305, 45.417191442856954 ], [ 9.15910305737715, 45.417252369671637 ], [ 9.159045205429489, 45.418363230793844 ], [ 9.160178830119211, 45.418662330375582 ], [ 9.159728195112663, 45.419534401710088 ], [ 9.159798842377773, 45.419659012700926 ], [ 9.162826486972566, 45.42030890099889 ], [ 9.165201477395332, 45.420332860003128 ], [ 9.165323976322789, 45.421974933126997 ], [ 9.16691101540143, 45.421643594827962 ], [ 9.166289925027257, 45.420565672570866 ], [ 9.165078241533777, 45.418472683987424 ], [ 9.164517649500029, 45.417504294075698 ], [ 9.162786858139507, 45.414512341448166 ], [ 9.162770641457438, 45.414484432712797 ], [ 9.162521384879124, 45.414055462973558 ], [ 9.161387657335135, 45.412173337008369 ], [ 9.160817337688332, 45.411226485268109 ], [ 9.158914241224995, 45.408161789253775 ], [ 9.158797187283282, 45.408195971489015 ], [ 9.158514642899798, 45.408278518636834 ], [ 9.158504386304946, 45.408988021017841 ], [ 9.158500513752211, 45.409295351691178 ], [ 9.158235019122612, 45.410030723737179 ], [ 9.158152343788311, 45.410259961277454 ], [ 9.157935132641418, 45.410857210351494 ], [ 9.157646766188755, 45.41165205057581 ], [ 9.157363435864211, 45.412433989596927 ], [ 9.157225297833488, 45.412445973293053 ], [ 9.156378678769007, 45.412520657009907 ], [ 9.155628763432812, 45.412586536306655 ], [ 9.155570399999268, 45.41259166372604 ], [ 9.155489563016156, 45.412598653469765 ], [ 9.155492531688862, 45.412624228350047 ], [ 9.155558469719702, 45.413192113555134 ], [ 9.155544850225549, 45.413525074797292 ], [ 9.155438077990274, 45.413978685356511 ], [ 9.155424466950016, 45.414035037439866 ], [ 9.155330644888963, 45.414409095900986 ], [ 9.155275937417365, 45.414463703586812 ], [ 9.155143310531473, 45.41459536807416 ], [ 9.155072681794477, 45.414803946923811 ], [ 9.15494314103004, 45.415184105956989 ], [ 9.15487831111092, 45.415374617550604 ], [ 9.154608738716599, 45.416169633716855 ], [ 9.154528166810598, 45.41612624411551 ], [ 9.154170526526485, 45.415691101965827 ], [ 9.15412280443755, 45.415633151384618 ], [ 9.153541842292777, 45.415417868221027 ], [ 9.153161416039296, 45.415324005147191 ], [ 9.153048181463529, 45.415296063961669 ], [ 9.152737589037761, 45.4152195008378 ], [ 9.15266048499322, 45.415200404203915 ], [ 9.152625730522718, 45.415260049858645 ], [ 9.152521527598241, 45.415439779686764 ], [ 9.152469610868353, 45.415529281115219 ], [ 9.152042623362149, 45.416265525804754 ], [ 9.151997819091493, 45.416342707403409 ], [ 9.151883186625328, 45.416288259092305 ], [ 9.15149266150317, 45.416103007719812 ], [ 9.151184453116382, 45.415957070741904 ], [ 9.150023610011671, 45.415407395068073 ], [ 9.14960099132222, 45.415207723307397 ], [ 9.149684597215847, 45.415167849765112 ], [ 9.150677971635998, 45.414694098484382 ], [ 9.150518400262511, 45.414572803411239 ], [ 9.150339605831483, 45.414443020912856 ], [ 9.15002939953443, 45.414273593686978 ], [ 9.149733893037862, 45.414207893205074 ], [ 9.149535474245253, 45.4141936088809 ], [ 9.149486013686246, 45.414192832902351 ], [ 9.149373984738178, 45.414197934660997 ], [ 9.149047082143579, 45.414215835862365 ], [ 9.14899737005201, 45.414218557894685 ], [ 9.148145432826466, 45.413900238769422 ], [ 9.148108350522147, 45.413886382592786 ], [ 9.147905162975551, 45.414225808406677 ], [ 9.147746210058138, 45.414490846832443 ], [ 9.147689685642035, 45.414667597784039 ], [ 9.147644234016678, 45.414811057591891 ], [ 9.147558138549755, 45.414955831868397 ], [ 9.147505738694322, 45.415043748348673 ], [ 9.147389815210181, 45.415228277312352 ], [ 9.147244551932951, 45.415457583889584 ], [ 9.147220193885262, 45.415803058810226 ], [ 9.147054630626986, 45.415982337928433 ], [ 9.146917290780008, 45.416133802587517 ], [ 9.14645328850664, 45.416482425300408 ], [ 9.146081768864597, 45.416760402935061 ], [ 9.145532656348706, 45.417427273266618 ], [ 9.145079065524261, 45.417980479429005 ], [ 9.144921566228463, 45.41813152977668 ], [ 9.144755621229438, 45.418291964524428 ], [ 9.144309133401263, 45.418123961883587 ], [ 9.143135775048398, 45.417683337480689 ], [ 9.14294615406426, 45.417642549868006 ], [ 9.142735161347421, 45.417543117493317 ], [ 9.142320510835605, 45.417425748901486 ], [ 9.141454013301919, 45.417181262586595 ], [ 9.141435997244706, 45.417224785319483 ], [ 9.141332104267446, 45.417480901843703 ], [ 9.140084192862288, 45.41716798703758 ], [ 9.139523596174392, 45.416611645034834 ], [ 9.139487645878146, 45.41657569827197 ], [ 9.139364218403678, 45.416513745582613 ], [ 9.139293078139429, 45.416478037015089 ], [ 9.139253759483918, 45.417287253004979 ], [ 9.139250741190864, 45.417349369026667 ], [ 9.139234725291924, 45.417400853293444 ], [ 9.139131100574104, 45.417733956211187 ], [ 9.139017002988188, 45.417832655394889 ], [ 9.13837098859201, 45.417832158021895 ], [ 9.138308673891508, 45.417857160698865 ], [ 9.138274304569123, 45.417870949943463 ], [ 9.136079944765996, 45.417496492501598 ], [ 9.136034552906665, 45.417488528241456 ], [ 9.136095098814314, 45.417418626992315 ], [ 9.136314478721875, 45.417165707035039 ], [ 9.137859452838548, 45.415381646659924 ], [ 9.137700729625079, 45.415420573280883 ], [ 9.137288114624193, 45.415389885056534 ], [ 9.137099794849503, 45.41534266015173 ], [ 9.136927277894614, 45.415299396355003 ], [ 9.136889379784389, 45.415277738817153 ], [ 9.136403248090733, 45.414999926387964 ], [ 9.136062576439432, 45.414805121243148 ], [ 9.135616854680642, 45.414699975492219 ], [ 9.133936361500451, 45.414305014897181 ], [ 9.133396871541294, 45.414180628453501 ], [ 9.133227680768691, 45.414386089116881 ], [ 9.133135453321893, 45.41449842270282 ], [ 9.132957926922526, 45.414521592626549 ], [ 9.132478100356343, 45.415250794903976 ], [ 9.132080108132996, 45.415629789805983 ], [ 9.131937597713408, 45.415764807923253 ], [ 9.131634237025784, 45.415926460668977 ], [ 9.131527442316973, 45.415975806230954 ], [ 9.131395279388036, 45.41611295675024 ], [ 9.130267164367847, 45.417283620687812 ], [ 9.130482783273234, 45.417355003062475 ], [ 9.130359927938095, 45.418016412363642 ], [ 9.130443376077233, 45.418403266195796 ], [ 9.130647730958437, 45.419350644349301 ], [ 9.13065111244422, 45.419421369710371 ], [ 9.130645405583948, 45.419564392811445 ], [ 9.130634092677612, 45.419789990005576 ], [ 9.130538128052102, 45.420087038771072 ], [ 9.130532151396622, 45.420362188084447 ], [ 9.130480645972378, 45.420532977466515 ], [ 9.130470028741609, 45.420568182727408 ], [ 9.130506195759235, 45.420572530425986 ], [ 9.130919641622578, 45.420622230331126 ], [ 9.13090002230263, 45.420702175917839 ], [ 9.130883899057688, 45.42076787209789 ], [ 9.13069544957489, 45.421528569295987 ], [ 9.130673796594134, 45.421615969301179 ], [ 9.130893731003669, 45.421549573523059 ], [ 9.130971038427003, 45.421496851838981 ], [ 9.131029293690167, 45.4214499793747 ], [ 9.131059607388051, 45.421290335147255 ], [ 9.131072100997867, 45.420978471230612 ], [ 9.13107553969515, 45.420888595993183 ], [ 9.131117329259444, 45.420774583961865 ], [ 9.131186487561662, 45.420744719380686 ], [ 9.131253183143206, 45.420715579488544 ], [ 9.131329489774636, 45.420706504921071 ], [ 9.131435754346004, 45.42069359190144 ], [ 9.131594907950058, 45.420719482609911 ], [ 9.131960735271095, 45.420778745228475 ], [ 9.131931518270656, 45.420906456468884 ], [ 9.131881987582908, 45.421116245748983 ], [ 9.131936790167018, 45.421219555640526 ], [ 9.131966972133482, 45.421243184188519 ], [ 9.132007247672355, 45.421276547628928 ], [ 9.132058878654979, 45.4212890528079 ], [ 9.132143675070967, 45.421310404744268 ], [ 9.132269841545675, 45.421342174484906 ], [ 9.132252411954509, 45.421753257914993 ], [ 9.132120318487731, 45.422923136977595 ], [ 9.132080490809575, 45.42327587751867 ], [ 9.132051770081757, 45.423534648263896 ], [ 9.132047081535665, 45.423576886681737 ], [ 9.132016988772534, 45.423635954409058 ], [ 9.131890396377672, 45.423787361368824 ], [ 9.131663520431976, 45.423961743412882 ], [ 9.131572541565145, 45.424019805534407 ], [ 9.131525292771, 45.424054162836676 ], [ 9.131236519797126, 45.424221222548113 ], [ 9.131057793071339, 45.424320852925021 ], [ 9.130828727926369, 45.42444489628474 ], [ 9.128651957024232, 45.425624740941714 ], [ 9.128539219178926, 45.425685934168257 ], [ 9.128486806956642, 45.425722096264572 ], [ 9.128374798456235, 45.425801817587555 ], [ 9.128262170058427, 45.425882275798145 ], [ 9.128152096478727, 45.426097678716147 ], [ 9.128058461297261, 45.42619672460112 ], [ 9.12789527545077, 45.426326734301313 ], [ 9.12776753909572, 45.426428508595428 ], [ 9.12766404918305, 45.426511539344432 ], [ 9.127568353774935, 45.426620529906081 ], [ 9.127055905917052, 45.427602416587924 ], [ 9.127008105266782, 45.427694219494263 ], [ 9.126988109443621, 45.427732941702011 ], [ 9.126838668523439, 45.428018519382242 ], [ 9.126741358023306, 45.428269060166357 ], [ 9.126680101837573, 45.428556389487142 ], [ 9.126679446858894, 45.428627048217884 ], [ 9.126677964286092, 45.428704343586205 ], [ 9.126677083214815, 45.428798514727546 ], [ 9.126672328544689, 45.42914351174776 ], [ 9.126668449419572, 45.429465036122693 ], [ 9.126664900484586, 45.42969415240956 ], [ 9.126663768262619, 45.429880666706033 ], [ 9.126673068618238, 45.429912718834103 ], [ 9.126703690450082, 45.430010720150634 ], [ 9.126677792471019, 45.430055687599143 ], [ 9.126649158592526, 45.430104609622163 ], [ 9.126545426299959, 45.430204191064519 ], [ 9.126445318429246, 45.430298860919308 ], [ 9.126109811894604, 45.430581447894532 ], [ 9.125976872103829, 45.430693417064752 ], [ 9.125656061649037, 45.430962897767799 ], [ 9.125615887423223, 45.430998530178499 ], [ 9.125672259836598, 45.431282362035866 ], [ 9.12570190009637, 45.431431601561449 ], [ 9.124601357799255, 45.433399111794316 ], [ 9.123792261882089, 45.434845492588487 ], [ 9.12372777758287, 45.43499843229695 ], [ 9.123478911974898, 45.435552818730564 ], [ 9.124073448199972, 45.435979726970722 ], [ 9.126373719680389, 45.437329217008802 ], [ 9.126434978692762, 45.437365154158968 ], [ 9.126500050621997, 45.437329077172571 ], [ 9.126575880934615, 45.437287035710916 ], [ 9.126792780053936, 45.437166779883555 ], [ 9.129263646905372, 45.436404147703684 ], [ 9.129737772116458, 45.436204193174184 ], [ 9.130135287888274, 45.435966608790743 ], [ 9.130325674687491, 45.435738670319573 ], [ 9.130410112902275, 45.435637577360239 ], [ 9.131088953092647, 45.434596684684308 ], [ 9.131455722176327, 45.434310614236523 ], [ 9.131830246321529, 45.434062294750134 ], [ 9.13267878331108, 45.433581692870241 ], [ 9.133947682303846, 45.432841858073665 ], [ 9.13482692985794, 45.43241507475377 ], [ 9.135655542855634, 45.432096943882641 ], [ 9.135810258080735, 45.431881734726751 ], [ 9.136364835140496, 45.431112203007288 ], [ 9.136978511686459, 45.430256633931236 ], [ 9.137017145092264, 45.430202891560022 ], [ 9.136967360089191, 45.430008143587735 ], [ 9.137685815411839, 45.429473497766445 ], [ 9.138855354639762, 45.428548889689289 ], [ 9.138908543241335, 45.428484825237511 ] ] ] } },
{ "type": "Feature", "properties": { "MapCommunity": "C1", "CITY": "Milano", "COM_ASC2": "15146087", "DEN_ASC2": "Assiano", "is_member": 0, "is_incoming": 0, "CommunityInitial": "", "CommunityPrev": "", "CommunityFinal": "", "Transition": "" }, "geometry": { "type": "Polygon", "coordinates": [ [ [ 9.046805359552534, 45.462849899339076 ], [ 9.046872464525517, 45.462767214753015 ], [ 9.047287093925625, 45.462964776700645 ], [ 9.048534118371702, 45.463559310886232 ], [ 9.048623326956273, 45.463596149936791 ], [ 9.049687019643356, 45.464037979322306 ], [ 9.049799501188303, 45.46408469963621 ], [ 9.049876043309592, 45.464116493557526 ], [ 9.049900684255988, 45.464085186549362 ], [ 9.050396668784028, 45.463455108515134 ], [ 9.051563687835197, 45.461969534556786 ], [ 9.051631049329719, 45.461883767737348 ], [ 9.051674629777432, 45.461896334403065 ], [ 9.051775252256419, 45.461925864068647 ], [ 9.052010731021472, 45.461995390343795 ], [ 9.052385097286482, 45.462031421181642 ], [ 9.053631308964652, 45.461379102245225 ], [ 9.053953835040609, 45.46140124902486 ], [ 9.054624775640308, 45.4615184245663 ], [ 9.054696497833831, 45.461530875805401 ], [ 9.054822974089298, 45.461356818439874 ], [ 9.055015299838347, 45.461357744907701 ], [ 9.055172971830997, 45.461359472699428 ], [ 9.055255270210928, 45.461375259723411 ], [ 9.05531161626506, 45.461386323728043 ], [ 9.055400816715339, 45.461425604929047 ], [ 9.055464873430619, 45.461453813297986 ], [ 9.055516984800267, 45.461476903055896 ], [ 9.055785584664896, 45.461481487021906 ], [ 9.055921006468864, 45.461503273910758 ], [ 9.056101433324956, 45.461579054724957 ], [ 9.056159142692639, 45.461604998419652 ], [ 9.056508431052043, 45.461716688529314 ], [ 9.056907498053995, 45.461844464921306 ], [ 9.057381163278214, 45.461972259174466 ], [ 9.057483665591782, 45.461999532567873 ], [ 9.05761057762162, 45.462033422041401 ], [ 9.058091524688477, 45.462161715539104 ], [ 9.058188178315257, 45.462187763510599 ], [ 9.058238586853632, 45.462203827458204 ], [ 9.0583075629456, 45.462227226882789 ], [ 9.058327525603708, 45.462294970489722 ], [ 9.058259462331989, 45.462390428696388 ], [ 9.058102536580384, 45.46254401500741 ], [ 9.057962448843302, 45.462681812561222 ], [ 9.057965142374941, 45.462733938013471 ], [ 9.058014739452069, 45.46274910685122 ], [ 9.058095698063727, 45.462745454425438 ], [ 9.058765248755304, 45.462717616883396 ], [ 9.058812077937919, 45.462719191394399 ], [ 9.059925213017737, 45.462751254787079 ], [ 9.060234685686529, 45.462760222826802 ], [ 9.060905729387304, 45.462779779443252 ], [ 9.061467271533363, 45.462796108358376 ], [ 9.061511473211615, 45.462797393338093 ], [ 9.062211800203068, 45.462932625162971 ], [ 9.062410030294128, 45.46297136348371 ], [ 9.064028319163063, 45.463284121654546 ], [ 9.064530574442143, 45.46338158928458 ], [ 9.066029813633962, 45.46367155114303 ], [ 9.066188746617783, 45.46372520168493 ], [ 9.066415237039394, 45.463801794591582 ], [ 9.066496449692318, 45.463747925609375 ], [ 9.066504966924887, 45.463685381260632 ], [ 9.066552629421565, 45.463406108575924 ], [ 9.06674910233798, 45.462991393538701 ], [ 9.066970976730357, 45.462854065664608 ], [ 9.067169097320463, 45.462883175314566 ], [ 9.067271759783852, 45.462834323924987 ], [ 9.067309705560465, 45.462816392794593 ], [ 9.067191279637482, 45.462501674529918 ], [ 9.06737290312372, 45.462402633613905 ], [ 9.067449758003811, 45.462361020738157 ], [ 9.067295964699019, 45.462046194718155 ], [ 9.067515098055296, 45.461871365695828 ], [ 9.067892791316698, 45.461861515053819 ], [ 9.068479865832842, 45.461618590469399 ], [ 9.068593899808606, 45.461550666528325 ], [ 9.068849194814169, 45.461374665557905 ], [ 9.069002612117773, 45.461345258786572 ], [ 9.069275801943718, 45.461293521973353 ], [ 9.069632289916022, 45.461064307559049 ], [ 9.069710080504532, 45.460947197738363 ], [ 9.06971636318427, 45.460806930040555 ], [ 9.06980134703567, 45.460654770497527 ], [ 9.069826283557989, 45.460432676794028 ], [ 9.069859358389246, 45.460131689792824 ], [ 9.069835258463796, 45.460072855590866 ], [ 9.069728834739546, 45.459817381061619 ], [ 9.069743721271704, 45.459543116223195 ], [ 9.069728505022596, 45.459379699726661 ], [ 9.069809175050514, 45.459196459827837 ], [ 9.070046636968499, 45.458885891853129 ], [ 9.07024974610443, 45.4587273891904 ], [ 9.070347622764666, 45.458689074749742 ], [ 9.070465784627563, 45.45864242160188 ], [ 9.070748563104184, 45.458606070980714 ], [ 9.071644903978369, 45.458636763571739 ], [ 9.071695340415729, 45.458591565698413 ], [ 9.07170781837422, 45.458497492610938 ], [ 9.071914676145225, 45.4584834521091 ], [ 9.071985411812467, 45.458478539704039 ], [ 9.07212423124882, 45.458371061500792 ], [ 9.07218872906461, 45.458309114993227 ], [ 9.072457949461603, 45.458055913547383 ], [ 9.072440992203019, 45.457894099787595 ], [ 9.072443913304276, 45.457769109037024 ], [ 9.072451911357426, 45.457679515894014 ], [ 9.072462286441032, 45.457519533634219 ], [ 9.072470561762763, 45.457398822250532 ], [ 9.072519243625168, 45.457322243321507 ], [ 9.072521557424674, 45.457236497289067 ], [ 9.072525212818238, 45.457087839190933 ], [ 9.072558479469846, 45.457003974551668 ], [ 9.073031345466292, 45.456999166300292 ], [ 9.076387922320102, 45.457276231495264 ], [ 9.077513683684773, 45.457363287050264 ], [ 9.0773629341265, 45.455892305303486 ], [ 9.076983718569686, 45.455932522358403 ], [ 9.076885063581972, 45.455944675623357 ], [ 9.076631537846801, 45.455205341998209 ], [ 9.07605817632486, 45.454858958212348 ], [ 9.074558603134973, 45.454053045282343 ], [ 9.074102792445006, 45.45439011399619 ], [ 9.073185543358949, 45.454728556692388 ], [ 9.07283099723251, 45.454556232851765 ], [ 9.071954561281412, 45.454157004149657 ], [ 9.070595187606079, 45.453764755181723 ], [ 9.070369251069053, 45.453699558417028 ], [ 9.07029752638948, 45.453678861094218 ], [ 9.069377943905401, 45.453423070681104 ], [ 9.069342406251371, 45.453413350251004 ], [ 9.068932896377785, 45.453301341327858 ], [ 9.068716127790079, 45.453242049549957 ], [ 9.068042022833184, 45.453057662746509 ], [ 9.067727525965397, 45.452984546496168 ], [ 9.067688795019, 45.45297554214028 ], [ 9.067407448501859, 45.452910131997484 ], [ 9.067060413237584, 45.452829779930063 ], [ 9.06645206785835, 45.452634331223841 ], [ 9.065893331379664, 45.452452256167874 ], [ 9.066216622815226, 45.452012654379693 ], [ 9.067379405445653, 45.450452335135111 ], [ 9.067424997700881, 45.4503911539828 ], [ 9.066614021163765, 45.450054177868495 ], [ 9.066477794058972, 45.449917081416196 ], [ 9.066525397368196, 45.449725511443397 ], [ 9.066883313010415, 45.44932925614571 ], [ 9.067286322899214, 45.448882925479964 ], [ 9.067836407052608, 45.448150911875402 ], [ 9.068141455539408, 45.447987631838245 ], [ 9.068408034472215, 45.447525584876715 ], [ 9.069462420281333, 45.447879547063664 ], [ 9.069621674309253, 45.447923016904937 ], [ 9.070297036371629, 45.44810313890229 ], [ 9.071378947108999, 45.4484026549612 ], [ 9.075156103465002, 45.449433495368567 ], [ 9.07547386295658, 45.449520219596721 ], [ 9.07566144977471, 45.449494854287998 ], [ 9.076692898013571, 45.449355795230311 ], [ 9.077344923956774, 45.449377770420888 ], [ 9.077839457918856, 45.44944064913161 ], [ 9.077921891358375, 45.449396276341709 ], [ 9.07794315260386, 45.449308629597873 ], [ 9.077611453503323, 45.449159126523035 ], [ 9.077338527744047, 45.449030011863982 ], [ 9.076472404075048, 45.448174518041114 ], [ 9.076466251419802, 45.448040802766911 ], [ 9.076546540067257, 45.447866478206691 ], [ 9.076589193650497, 45.447735716819253 ], [ 9.076655067499146, 45.44748809321095 ], [ 9.076706169735424, 45.447299993735818 ], [ 9.076827409550038, 45.447219084907168 ], [ 9.077121235209539, 45.447280989917985 ], [ 9.077440082603806, 45.447119899906788 ], [ 9.077848865117183, 45.446813588670636 ], [ 9.077986668083106, 45.446619969337902 ], [ 9.078167932438426, 45.446363312454544 ], [ 9.078155374160374, 45.446256178616785 ], [ 9.078144782323399, 45.446148807598377 ], [ 9.078129071469814, 45.446003295603198 ], [ 9.078231095646863, 45.445835270184496 ], [ 9.078320443815665, 45.445688122694534 ], [ 9.078371278004745, 45.445463059980206 ], [ 9.078378417997492, 45.445334365507279 ], [ 9.07838376394672, 45.445238022655772 ], [ 9.078518756190954, 45.445205124086904 ], [ 9.078703332587384, 45.445156789213037 ], [ 9.078817959231884, 45.444832669754028 ], [ 9.078600225365021, 45.444580786433619 ], [ 9.078804549243698, 45.444382622333457 ], [ 9.078803531468468, 45.444094288625728 ], [ 9.07844587522845, 45.44392381308618 ], [ 9.078329876280211, 45.443885759902727 ], [ 9.07802312824213, 45.443793586671738 ], [ 9.077587885928574, 45.443564057562163 ], [ 9.076180902116128, 45.442818199893914 ], [ 9.075684049014308, 45.442556018409967 ], [ 9.075551051566114, 45.442485837477214 ], [ 9.075490933537582, 45.44245411459525 ], [ 9.076990932228744, 45.44067088101361 ], [ 9.077213579764205, 45.440441202065699 ], [ 9.077520042264551, 45.440143950294356 ], [ 9.077727957166937, 45.439912340554613 ], [ 9.077986397563484, 45.439617068038558 ], [ 9.07832454031008, 45.439217230595148 ], [ 9.078515757761537, 45.438991120683411 ], [ 9.079024974539333, 45.43855713784172 ], [ 9.079128764944222, 45.438468654077276 ], [ 9.078859975320473, 45.438261816995912 ], [ 9.078808188906432, 45.438230348419417 ], [ 9.078271337912923, 45.437902168013977 ], [ 9.077986491927852, 45.437776355467584 ], [ 9.077682843854463, 45.437641537559912 ], [ 9.077158227915241, 45.437335858356811 ], [ 9.077141229006079, 45.43718344472331 ], [ 9.077026406649493, 45.436183798132653 ], [ 9.076048533718019, 45.435752231956236 ], [ 9.075980192047059, 45.435720934226815 ], [ 9.075244645742581, 45.435316585953792 ], [ 9.074982242035359, 45.435172523565363 ], [ 9.074616232537052, 45.434945051709043 ], [ 9.074491232220858, 45.434867167265097 ], [ 9.074394151917167, 45.434806708903771 ], [ 9.074057899219518, 45.434593160579574 ], [ 9.073951091140973, 45.434525329829427 ], [ 9.07376664553861, 45.434408189945927 ], [ 9.073691663605407, 45.434347320654936 ], [ 9.07321519223207, 45.433960520625433 ], [ 9.073024342120549, 45.433805586527576 ], [ 9.072828719716535, 45.433845835351093 ], [ 9.072651094490979, 45.433882380985231 ], [ 9.072358947708061, 45.43394248678338 ], [ 9.071493179997301, 45.434120595808487 ], [ 9.070698347064678, 45.434284113781082 ], [ 9.069419128714321, 45.433528806782547 ], [ 9.069301103330149, 45.43359890450386 ], [ 9.068472803088023, 45.434090837558912 ], [ 9.068077371711198, 45.434325708337042 ], [ 9.067293237143542, 45.434791443443338 ], [ 9.066468642935885, 45.435281200281217 ], [ 9.066158062468977, 45.435465662934298 ], [ 9.066112018155884, 45.435493013750985 ], [ 9.066009490411124, 45.43523962428624 ], [ 9.065849013234024, 45.434838014136538 ], [ 9.065828010348056, 45.434785450905885 ], [ 9.065456299082467, 45.433855179364677 ], [ 9.065038249763626, 45.433943376481146 ], [ 9.064857362217179, 45.433981538376571 ], [ 9.064449052745406, 45.434683860780382 ], [ 9.063350530660689, 45.435377560782193 ], [ 9.063133375006776, 45.435548708132714 ], [ 9.061453650423553, 45.434848468219244 ], [ 9.061299442685739, 45.434784179619257 ], [ 9.061145157276824, 45.434719860247711 ], [ 9.060821001126511, 45.434586181281993 ], [ 9.060626396638732, 45.43450592887217 ], [ 9.060154574180478, 45.435460304218587 ], [ 9.05968995330422, 45.435987954763696 ], [ 9.059171291828703, 45.436576964899984 ], [ 9.058571577269086, 45.437269611225524 ], [ 9.058149884454604, 45.437756643152149 ], [ 9.05765190309827, 45.438206953672598 ], [ 9.05640281467006, 45.438053319539044 ], [ 9.056194163777722, 45.438027653644639 ], [ 9.056177562191701, 45.438065652418032 ], [ 9.055852492376905, 45.438698178169282 ], [ 9.055281104937334, 45.439809968747028 ], [ 9.054022601810313, 45.439747950218099 ], [ 9.054484609552347, 45.441439952073232 ], [ 9.05480535633988, 45.44256494127027 ], [ 9.053954848592131, 45.44482696962708 ], [ 9.053933810090042, 45.444882319081792 ], [ 9.053836206997987, 45.445139714584492 ], [ 9.050456479178814, 45.445555356017024 ], [ 9.047507848443416, 45.445917899769086 ], [ 9.047150981634562, 45.445961778269172 ], [ 9.047042773661387, 45.445975227503226 ], [ 9.045770481912502, 45.446133359377242 ], [ 9.04528443990494, 45.445989538963175 ], [ 9.044667325062148, 45.44600116129164 ], [ 9.044309116890355, 45.446006112857162 ], [ 9.043507195161526, 45.446017209075848 ], [ 9.043178174346101, 45.446089349990814 ], [ 9.043061413113115, 45.44611484682013 ], [ 9.042932146375101, 45.44614307560083 ], [ 9.042686750239724, 45.446195899422094 ], [ 9.042228913488788, 45.446295772521587 ], [ 9.042098410821801, 45.446324240247243 ], [ 9.042018461693974, 45.446370716883244 ], [ 9.041618896870526, 45.446602993838077 ], [ 9.041354071674075, 45.447044138993725 ], [ 9.041152063060483, 45.447593290814673 ], [ 9.041122284221304, 45.447751987621125 ], [ 9.041082806005374, 45.447962358496738 ], [ 9.041503919267662, 45.448119725776635 ], [ 9.042806051191493, 45.4486098052787 ], [ 9.044532293416129, 45.449203224726269 ], [ 9.044957224443925, 45.449347146138095 ], [ 9.045088820546905, 45.449393645856908 ], [ 9.045504858811151, 45.4495358810087 ], [ 9.046227216189015, 45.449820228289468 ], [ 9.04690125088238, 45.450089183460207 ], [ 9.047093200197848, 45.450163402311041 ], [ 9.04742371807153, 45.450291199829323 ], [ 9.048394998463273, 45.450655669267775 ], [ 9.048933244501555, 45.450857638721743 ], [ 9.049058462187675, 45.450917585300211 ], [ 9.049302081901187, 45.451034407971235 ], [ 9.049777634287221, 45.451262318567721 ], [ 9.049853767883098, 45.451318985804775 ], [ 9.049960390749312, 45.45139834611831 ], [ 9.049995186125118, 45.451424244485295 ], [ 9.049586573158168, 45.452135520149476 ], [ 9.049619761911117, 45.452201544925138 ], [ 9.049670569610367, 45.452302076274727 ], [ 9.049808072715575, 45.452567149770701 ], [ 9.049788905190374, 45.45262304574446 ], [ 9.049711933809949, 45.452847676573761 ], [ 9.049676846221777, 45.452950111209596 ], [ 9.049069945627224, 45.453695201127601 ], [ 9.048936073304656, 45.45385955222342 ], [ 9.048811874674296, 45.454083948786092 ], [ 9.048527453892099, 45.454597819318451 ], [ 9.048489275905759, 45.454822863916299 ], [ 9.049537910707423, 45.454714394970473 ], [ 9.048224153675646, 45.456420791024904 ], [ 9.048159746794305, 45.456506677088363 ], [ 9.047737122218855, 45.457117285547312 ], [ 9.047524796028574, 45.457422508576812 ], [ 9.047449433208143, 45.457530903589998 ], [ 9.047369915138926, 45.457650647190839 ], [ 9.047349743625233, 45.457691651531931 ], [ 9.047093931344723, 45.458211636124602 ], [ 9.047034605672733, 45.458333904989196 ], [ 9.047001911067202, 45.458401515670843 ], [ 9.046703298009719, 45.459006434254356 ], [ 9.046586504060297, 45.45924319191537 ], [ 9.046549551503674, 45.459315205780058 ], [ 9.045300315304864, 45.45922906608039 ], [ 9.04524084142235, 45.459224964400974 ], [ 9.044992237208231, 45.459207819893145 ], [ 9.044893033575393, 45.459409984473908 ], [ 9.044643222094187, 45.459919071411491 ], [ 9.044484534970341, 45.460253971618421 ], [ 9.044224821257608, 45.460804149188782 ], [ 9.043259758235839, 45.462848315042372 ], [ 9.042843760662235, 45.46372939436538 ], [ 9.042890489404751, 45.463738004472745 ], [ 9.043185607682847, 45.463792326194799 ], [ 9.043372865970573, 45.463826771220099 ], [ 9.043169325292947, 45.464662063557817 ], [ 9.043158170046862, 45.464707851434085 ], [ 9.042972405271643, 45.465474387282555 ], [ 9.043847726856834, 45.465757493110431 ], [ 9.044037147027682, 45.465868548031779 ], [ 9.044183761453093, 45.465921513822984 ], [ 9.044742454371619, 45.466107692084805 ], [ 9.044770673914917, 45.466074159698486 ], [ 9.044889331509252, 45.465932390301028 ], [ 9.045077337216346, 45.465594370189173 ], [ 9.045626458609595, 45.464608349839111 ], [ 9.045981479886455, 45.463866419220444 ], [ 9.046307599759665, 45.463463222146203 ], [ 9.046805359552534, 45.462849899339076 ] ] ] } },
{ "type": "Feature", "properties": { "MapCommunity": "C1", "CITY": "Milano", "COM_ASC2": "15146088", "DEN_ASC2": "Parco Bosco in cittÃ ", "is_member": 0, "is_incoming": 0, "CommunityInitial": "", "CommunityPrev": "", "CommunityFinal": "", "Transition": "" }, "geometry": { "type": "Polygon", "coordinates": [ [ [ 9.073026329712009, 45.505945175911279 ], [ 9.073075314960544, 45.505598476092977 ], [ 9.072137562539448, 45.505411714577171 ], [ 9.071919277938846, 45.505331860098266 ], [ 9.072993250389748, 45.503281591209628 ], [ 9.07309136432592, 45.503095447196849 ], [ 9.073110423724943, 45.503061508837398 ], [ 9.07385223583573, 45.501635697886073 ], [ 9.074073609255414, 45.501580995980824 ], [ 9.073996393190834, 45.50153140477552 ], [ 9.073941361889689, 45.501492262077136 ], [ 9.073779902449179, 45.50138371559278 ], [ 9.07402111747809, 45.501095521458041 ], [ 9.07454124303929, 45.499997054673365 ], [ 9.074816410041338, 45.499978868909672 ], [ 9.07488633199697, 45.499818400346562 ], [ 9.075132224589808, 45.499254079147626 ], [ 9.075209020669064, 45.498924417766624 ], [ 9.075152562080433, 45.498577920121363 ], [ 9.074951534647148, 45.498142578925354 ], [ 9.075279386240169, 45.498047848679562 ], [ 9.075692287430995, 45.498007374939561 ], [ 9.075733557125062, 45.497914597148757 ], [ 9.075765496639995, 45.497842295021037 ], [ 9.076610280774165, 45.497868736796633 ], [ 9.076834347953618, 45.497933786054475 ], [ 9.076983966212945, 45.497977211227457 ], [ 9.077058811287522, 45.497998939018039 ], [ 9.077123651914485, 45.497957405408627 ], [ 9.077380401505195, 45.497790594584139 ], [ 9.077515418908137, 45.497703748261273 ], [ 9.078663031061517, 45.496965683061404 ], [ 9.078750377951913, 45.496904157688782 ], [ 9.080411370097584, 45.497281047524091 ], [ 9.080792384339269, 45.497790805757212 ], [ 9.08082738987479, 45.497838018072152 ], [ 9.081247002318138, 45.497898820124455 ], [ 9.081535596971721, 45.497940636313615 ], [ 9.08207270390246, 45.498017947706025 ], [ 9.08255730342276, 45.497730118317826 ], [ 9.083005829545467, 45.497463709687203 ], [ 9.083276089648145, 45.497303112668156 ], [ 9.083316734670399, 45.497278959974437 ], [ 9.083521914326976, 45.497424424280005 ], [ 9.083614104581786, 45.497489785221568 ], [ 9.08425069247131, 45.49794109637066 ], [ 9.084356746597113, 45.498016282925519 ], [ 9.084978396981821, 45.498204846074302 ], [ 9.085390970364303, 45.498326463330386 ], [ 9.086224079515329, 45.498566972611329 ], [ 9.086224017250288, 45.498526176799942 ], [ 9.086223524122031, 45.498203916613846 ], [ 9.086607036732051, 45.498203626487033 ], [ 9.087676232524784, 45.49820281084309 ], [ 9.088032523652082, 45.497991474516191 ], [ 9.088299213726241, 45.497833282484194 ], [ 9.088549293412886, 45.498162981546223 ], [ 9.088715441934918, 45.498382024054088 ], [ 9.088953807785444, 45.498380351694102 ], [ 9.089336811943676, 45.4983815397865 ], [ 9.089409833484652, 45.498570804496168 ], [ 9.089678772532205, 45.498685125957827 ], [ 9.089714177894104, 45.498700213767663 ], [ 9.090886867709607, 45.49856026596705 ], [ 9.090949014673662, 45.498552849071714 ], [ 9.091290639413209, 45.498841406877332 ], [ 9.091327763708854, 45.498875941571022 ], [ 9.091933442175645, 45.498315629039823 ], [ 9.092238851148675, 45.498486814017902 ], [ 9.094114532602964, 45.499510283171666 ], [ 9.094330722646005, 45.499523945896122 ], [ 9.09443994419078, 45.499530848632723 ], [ 9.094495545126927, 45.499534362600784 ], [ 9.094509450555377, 45.499499900146503 ], [ 9.095189521115509, 45.497814342229624 ], [ 9.095289654374589, 45.497566154033819 ], [ 9.095512940687081, 45.497012708871992 ], [ 9.096343120838466, 45.496439641747649 ], [ 9.096723957182073, 45.496372354118478 ], [ 9.096967869671477, 45.494843049383604 ], [ 9.097152270515428, 45.493686821646207 ], [ 9.097325521427479, 45.493741446138053 ], [ 9.0973855545204, 45.493412588508804 ], [ 9.097601727579338, 45.493272394776348 ], [ 9.097854001812518, 45.493240065556364 ], [ 9.098197374730422, 45.493201306293756 ], [ 9.098424016392208, 45.493174256316422 ], [ 9.098611600238728, 45.49252962499655 ], [ 9.097885955713606, 45.492461064498229 ], [ 9.097908761264614, 45.492145401694131 ], [ 9.097962592677764, 45.491219396537275 ], [ 9.097964216917164, 45.491191465476582 ], [ 9.099512619225008, 45.490266178761082 ], [ 9.099592713770837, 45.490218315544503 ], [ 9.099600477746385, 45.490181136720182 ], [ 9.09991752917686, 45.488662747932821 ], [ 9.099932237780333, 45.488592308237884 ], [ 9.099982379645958, 45.487890772886487 ], [ 9.101410889560809, 45.488455783453439 ], [ 9.101455813651942, 45.48847355144526 ], [ 9.103106074547197, 45.488814475900263 ], [ 9.103018128992915, 45.48914747730619 ], [ 9.102954196010446, 45.489389549844148 ], [ 9.106153661653208, 45.490144757829391 ], [ 9.106227083898029, 45.490162087900345 ], [ 9.106901979695488, 45.490309087977046 ], [ 9.107231120518003, 45.490380776084585 ], [ 9.106965861260615, 45.490920394437595 ], [ 9.106944276660611, 45.490964303356115 ], [ 9.106620149230555, 45.491623661530745 ], [ 9.10803567698636, 45.491844881341699 ], [ 9.108129303399467, 45.49185951323274 ], [ 9.108226532053077, 45.491697528290736 ], [ 9.108930170741298, 45.490525209473105 ], [ 9.109081465765852, 45.4902731336785 ], [ 9.109243759857151, 45.489944126911134 ], [ 9.109664333377621, 45.489091513702327 ], [ 9.108807137771739, 45.488597141258218 ], [ 9.109626952185307, 45.484320171287919 ], [ 9.111380323662427, 45.476626774609151 ], [ 9.11143218070773, 45.4763995785299 ], [ 9.110532769011803, 45.476694684526166 ], [ 9.108281363869027, 45.47743334921288 ], [ 9.107962440088038, 45.477554984178333 ], [ 9.107740487468444, 45.477626580229405 ], [ 9.107150185130291, 45.477816994479809 ], [ 9.106179879206753, 45.478176977938929 ], [ 9.103937989651891, 45.479036422878842 ], [ 9.102907495250498, 45.479431447758266 ], [ 9.102168633925313, 45.479686429107325 ], [ 9.101567645509956, 45.479888809950943 ], [ 9.100502162209173, 45.480222540827384 ], [ 9.097385664960154, 45.481180790626958 ], [ 9.095454164787245, 45.481625675275041 ], [ 9.094859725763015, 45.48176352283847 ], [ 9.093763358674769, 45.48202812795256 ], [ 9.092431164055849, 45.482372374073783 ], [ 9.09064319164265, 45.482857974935477 ], [ 9.089094853515459, 45.483278463634043 ], [ 9.08673312728415, 45.483761963160553 ], [ 9.085953556777024, 45.484045090772334 ], [ 9.085159360447042, 45.484333522037375 ], [ 9.084440377498513, 45.484594659181447 ], [ 9.083754319998528, 45.484850342652365 ], [ 9.083748292862952, 45.484997957989222 ], [ 9.083640236525548, 45.487653991593284 ], [ 9.083705282709023, 45.487706355874479 ], [ 9.083783462819049, 45.48776929044346 ], [ 9.084165135958314, 45.488076536121028 ], [ 9.085103125042972, 45.48883159425521 ], [ 9.083369614299601, 45.490416275189965 ], [ 9.082600800223535, 45.491461003138383 ], [ 9.082513822543817, 45.491579190781572 ], [ 9.081657725766451, 45.492954792547657 ], [ 9.081614456360526, 45.493020168196928 ], [ 9.080593948422562, 45.494561949207174 ], [ 9.079810513568018, 45.495479335959367 ], [ 9.07958671928567, 45.495409100461998 ], [ 9.078908839070026, 45.495196353463143 ], [ 9.077530307877057, 45.494763693419522 ], [ 9.077048108694777, 45.495210714939603 ], [ 9.076445927413962, 45.495035863657392 ], [ 9.075977793785471, 45.49490646320298 ], [ 9.075883887739955, 45.495111914621106 ], [ 9.075623645443768, 45.495681273588389 ], [ 9.075534503170166, 45.495819771940582 ], [ 9.075410097403866, 45.49601305465341 ], [ 9.074994394844236, 45.496300368440238 ], [ 9.074731624947846, 45.49654792712311 ], [ 9.074630277370103, 45.496643407278412 ], [ 9.074569074879655, 45.496848610253217 ], [ 9.074519727469232, 45.496955637215613 ], [ 9.074564769826869, 45.497306738707081 ], [ 9.074629250104961, 45.497809393147186 ], [ 9.070107516352625, 45.497916813229381 ], [ 9.066737820989966, 45.497996748193863 ], [ 9.066663534182167, 45.495944523419325 ], [ 9.066598112488563, 45.493266308893752 ], [ 9.06660051192074, 45.492850252888658 ], [ 9.066562861469682, 45.491978048311999 ], [ 9.0665046986986, 45.490630576798935 ], [ 9.066646644669891, 45.489735618508625 ], [ 9.06696116389613, 45.488554549912109 ], [ 9.067230861220677, 45.487853801043464 ], [ 9.067443775421758, 45.487403221713883 ], [ 9.067869728761432, 45.486776547462519 ], [ 9.068543940675651, 45.485847469371805 ], [ 9.068722726014638, 45.48590351297571 ], [ 9.068906609117837, 45.485971556268396 ], [ 9.06974524615139, 45.485737159405481 ], [ 9.072126733491279, 45.485924213373224 ], [ 9.072147330131644, 45.487027405595228 ], [ 9.073502009535394, 45.487106789957011 ], [ 9.073873732515382, 45.486357399185856 ], [ 9.076238202692782, 45.486752931626597 ], [ 9.076143258736806, 45.487189788670968 ], [ 9.07609363803833, 45.487418033442552 ], [ 9.076027782137972, 45.487720947272599 ], [ 9.076564751294949, 45.487543359471431 ], [ 9.077796568775241, 45.487135956671189 ], [ 9.079426850749705, 45.486512347136504 ], [ 9.08083420697503, 45.48597270992213 ], [ 9.082794885015101, 45.485219122006761 ], [ 9.082580593007489, 45.485203106544553 ], [ 9.082367877803906, 45.485187209258733 ], [ 9.080258031231386, 45.485087391378698 ], [ 9.080293067048101, 45.484888850683149 ], [ 9.078934480524829, 45.484728450877711 ], [ 9.078793995452004, 45.485200108719496 ], [ 9.076976626074721, 45.484915921993441 ], [ 9.077749519728345, 45.482495663977325 ], [ 9.075067666796643, 45.482075573334178 ], [ 9.072891125128054, 45.481483357941606 ], [ 9.072671021629063, 45.481423464909469 ], [ 9.07538417344675, 45.478614618748296 ], [ 9.075607364212384, 45.478633561818611 ], [ 9.075838696139229, 45.478653186737382 ], [ 9.076098679230979, 45.478675246722879 ], [ 9.077704347988123, 45.47881028683593 ], [ 9.07820776417911, 45.478854180424186 ], [ 9.078346853874001, 45.478124811229229 ], [ 9.079592200124473, 45.477932920244932 ], [ 9.080435002625791, 45.478255568222558 ], [ 9.080515950719485, 45.478286556229826 ], [ 9.08058808793643, 45.478450953136459 ], [ 9.081101547042538, 45.47859379745065 ], [ 9.081322944452427, 45.478399221077936 ], [ 9.081361537485, 45.478365462611336 ], [ 9.082770357804762, 45.477128582481939 ], [ 9.082902188482086, 45.477012342957202 ], [ 9.083073195298939, 45.476862146674499 ], [ 9.083669427981837, 45.476338462526996 ], [ 9.083563564426091, 45.476125130298762 ], [ 9.082962582936592, 45.474914026468475 ], [ 9.08367273351872, 45.475239302427767 ], [ 9.083852158259239, 45.474240513805377 ], [ 9.083871925717466, 45.474150575737774 ], [ 9.085690283671358, 45.474493974801987 ], [ 9.086162617962374, 45.474583170398098 ], [ 9.086942743216936, 45.474730484808987 ], [ 9.087172265821431, 45.474757752666918 ], [ 9.087353030937688, 45.474382691287936 ], [ 9.087553880671608, 45.473965954057896 ], [ 9.087643609211606, 45.473787949076865 ], [ 9.088601982259869, 45.473955754072946 ], [ 9.088691509771335, 45.473971429454309 ], [ 9.088976627504396, 45.47331123508237 ], [ 9.089081602919761, 45.47306815925657 ], [ 9.089669779043055, 45.472586696755478 ], [ 9.089824229074148, 45.472460583199734 ], [ 9.090673192232023, 45.472219646670354 ], [ 9.090888395729362, 45.472158570958321 ], [ 9.090932729694673, 45.472190213526794 ], [ 9.091056946777149, 45.472278870708344 ], [ 9.090622401491672, 45.472790656986589 ], [ 9.090589595494148, 45.472829292664983 ], [ 9.0904292407222, 45.473277039328238 ], [ 9.090771755165587, 45.473349662803145 ], [ 9.091170232575388, 45.473434150056079 ], [ 9.092392764432111, 45.473175825882095 ], [ 9.092943047447577, 45.473059544200154 ], [ 9.094176787080656, 45.473681613238583 ], [ 9.094211742243733, 45.473701630936539 ], [ 9.094182252893784, 45.473724820684865 ], [ 9.093003711955115, 45.474651595149972 ], [ 9.09275720164791, 45.474844212825445 ], [ 9.093295560372125, 45.475096744328546 ], [ 9.093615351695284, 45.475246526882515 ], [ 9.093959401472242, 45.475407304223666 ], [ 9.093561542701337, 45.475866855408498 ], [ 9.093539664137719, 45.475892126120286 ], [ 9.093937250623508, 45.475938426833977 ], [ 9.094744819264152, 45.476036311918939 ], [ 9.095655562061431, 45.476146694882722 ], [ 9.097796348187165, 45.476406131277827 ], [ 9.098979530723652, 45.476909397481748 ], [ 9.10015624166822, 45.477358830054108 ], [ 9.102733769324729, 45.474204217258112 ], [ 9.101233848916497, 45.474140775824893 ], [ 9.101120563596217, 45.474135983126885 ], [ 9.100211856782256, 45.473877907391191 ], [ 9.099970803072813, 45.473809445929589 ], [ 9.099933802460646, 45.473792946743551 ], [ 9.098457115662971, 45.473134466154924 ], [ 9.100089979762972, 45.471818319495462 ], [ 9.101623509158268, 45.47049493584543 ], [ 9.102192502309025, 45.469918870975107 ], [ 9.102923939079092, 45.469177560833032 ], [ 9.103623174427304, 45.466601431700674 ], [ 9.105989971247441, 45.46665637805804 ], [ 9.107484706055617, 45.46682501559436 ], [ 9.109056972188041, 45.466883630759554 ], [ 9.109251123278851, 45.466890866712319 ], [ 9.109522741969988, 45.466900990375869 ], [ 9.109622779180642, 45.466904719020462 ], [ 9.109524877956213, 45.466750220221904 ], [ 9.109370743407856, 45.46575912993363 ], [ 9.10950788491099, 45.465245245690916 ], [ 9.109549302333896, 45.465090048846754 ], [ 9.109897812541139, 45.464035427862122 ], [ 9.10994080411022, 45.463905330955576 ], [ 9.110072797441944, 45.463512281046697 ], [ 9.110005502629155, 45.46350226363684 ], [ 9.108943993367081, 45.463281214323608 ], [ 9.108892821706455, 45.463271408609593 ], [ 9.10882235731899, 45.46325588299279 ], [ 9.108696673174032, 45.463230690402405 ], [ 9.10842444471206, 45.463176123751403 ], [ 9.108335664103892, 45.463158328014892 ], [ 9.108005113580221, 45.463092068203984 ], [ 9.107243591564622, 45.462985907321276 ], [ 9.107139785610986, 45.462971462403303 ], [ 9.107407902885537, 45.461976979080355 ], [ 9.107591690111011, 45.461501318814626 ], [ 9.107538134252293, 45.461493928857372 ], [ 9.106556011943411, 45.461280331814613 ], [ 9.106353906369996, 45.461745804633232 ], [ 9.106322456079225, 45.461788855129583 ], [ 9.106082860194736, 45.462116807843259 ], [ 9.106005564478689, 45.462105100636499 ], [ 9.105941027118419, 45.462095002660675 ], [ 9.105559241917547, 45.462036308266036 ], [ 9.105014738984739, 45.461952595860389 ], [ 9.10401360663262, 45.461798672382798 ], [ 9.103994623680633, 45.461822468127131 ], [ 9.103963772359673, 45.461861140146389 ], [ 9.103431964053307, 45.461777741683072 ], [ 9.102984963300933, 45.46274686953786 ], [ 9.102704793491654, 45.462720097501325 ], [ 9.102269856207766, 45.462678534066193 ], [ 9.102231889035274, 45.462674905466265 ], [ 9.101389003321485, 45.4610516897026 ], [ 9.099239620424319, 45.460741504857801 ], [ 9.097715202806249, 45.460861403564543 ], [ 9.097694403691936, 45.461085120919094 ], [ 9.097665278638315, 45.461398394688899 ], [ 9.097529084952887, 45.462863255845107 ], [ 9.096808418326095, 45.464802101199382 ], [ 9.096690927165572, 45.464926120116139 ], [ 9.096173306169694, 45.465472491928615 ], [ 9.095932715430205, 45.465409371763251 ], [ 9.095511190757929, 45.466062845949615 ], [ 9.094470849947408, 45.467675584480702 ], [ 9.09425620710017, 45.468008308841121 ], [ 9.094215444286291, 45.468071496593915 ], [ 9.093928820130412, 45.468023890436143 ], [ 9.093151800467664, 45.469375937701791 ], [ 9.093139101486033, 45.469426670630526 ], [ 9.092848260419414, 45.470588593824587 ], [ 9.092779672881775, 45.470828642674739 ], [ 9.092146095500386, 45.471215477246261 ], [ 9.092079919589855, 45.471205689618429 ], [ 9.091880278719604, 45.471176160878329 ], [ 9.09164199981026, 45.471140916439573 ], [ 9.091002863305036, 45.471046379434483 ], [ 9.090417497095094, 45.470959792052298 ], [ 9.089818834948227, 45.470871234564925 ], [ 9.089663634998189, 45.47084682017276 ], [ 9.089096933979377, 45.47075767033386 ], [ 9.088423139401321, 45.470651667608415 ], [ 9.08808152958485, 45.470597924440739 ], [ 9.086286278671205, 45.470315468462751 ], [ 9.085869311969516, 45.47024986070889 ], [ 9.08578999218607, 45.470242578943939 ], [ 9.085342990002879, 45.470201540748349 ], [ 9.0845341669897, 45.470127282038817 ], [ 9.081382055656885, 45.469837824900395 ], [ 9.081797936211855, 45.469565069217019 ], [ 9.082023624655536, 45.469451404249426 ], [ 9.083416702107849, 45.468907819324897 ], [ 9.084027209737398, 45.468554404781727 ], [ 9.084154957750739, 45.468480451508931 ], [ 9.084367968891078, 45.468318910318132 ], [ 9.084496576171906, 45.468221376518422 ], [ 9.084902136306226, 45.467567243102671 ], [ 9.084515817979517, 45.467444510361382 ], [ 9.083398105163164, 45.46708940241183 ], [ 9.082640871074934, 45.466868512731573 ], [ 9.082368579435281, 45.466787289153658 ], [ 9.082194383063804, 45.466736201470233 ], [ 9.08214995127171, 45.466739220927579 ], [ 9.082010074845551, 45.466756601019014 ], [ 9.081771469154235, 45.466865728761434 ], [ 9.081606970222818, 45.466913504992704 ], [ 9.08134320099974, 45.466895615144168 ], [ 9.081177308966858, 45.466856343057621 ], [ 9.080496458076517, 45.466694558658553 ], [ 9.079960987456065, 45.466567315897137 ], [ 9.079484068848899, 45.466486584044027 ], [ 9.079212306320594, 45.466449786938036 ], [ 9.078835736200608, 45.466351720264555 ], [ 9.078503637517459, 45.466266407082628 ], [ 9.078203821275631, 45.46618715294062 ], [ 9.077356706973381, 45.465971748917248 ], [ 9.077158804953473, 45.46591490613698 ], [ 9.077042819389796, 45.465518174161225 ], [ 9.07674010218374, 45.465590220032837 ], [ 9.076466485428986, 45.465655330010151 ], [ 9.076276484212391, 45.465014990822944 ], [ 9.076248873056475, 45.464921936939696 ], [ 9.076170131234347, 45.464470133252391 ], [ 9.07615341901759, 45.464374242994239 ], [ 9.076125362242884, 45.463645569235744 ], [ 9.076002119003473, 45.463588504526292 ], [ 9.075860665528177, 45.463584420201585 ], [ 9.07575841173127, 45.463581459162747 ], [ 9.075710178377772, 45.463580062652589 ], [ 9.075692100446455, 45.463670094667954 ], [ 9.075596511705472, 45.463688818342817 ], [ 9.075225068366938, 45.464197356422197 ], [ 9.075026723840191, 45.464468904320661 ], [ 9.07484709105611, 45.464714831212362 ], [ 9.074687958993307, 45.46515615396617 ], [ 9.074281227278032, 45.466284612142005 ], [ 9.074174606972795, 45.466580413687964 ], [ 9.074157932823722, 45.466628526866337 ], [ 9.074069520958135, 45.466776844605832 ], [ 9.073877017924257, 45.466894474381697 ], [ 9.074335585593461, 45.46696955013158 ], [ 9.074393027387657, 45.466978952281991 ], [ 9.074172636626278, 45.46740923085941 ], [ 9.073945090604505, 45.467853461850034 ], [ 9.073802206294506, 45.468132404711589 ], [ 9.073518450845613, 45.468686353243434 ], [ 9.073481664326071, 45.468758168567362 ], [ 9.073509795032235, 45.468788452957774 ], [ 9.073492696969389, 45.468837133367799 ], [ 9.07337441500216, 45.469170512480893 ], [ 9.073348825759531, 45.469242549192884 ], [ 9.073125300038894, 45.469870228048713 ], [ 9.072978470888213, 45.470282529331783 ], [ 9.072963679506913, 45.470324063037225 ], [ 9.073260958344877, 45.470270165405253 ], [ 9.073836455969584, 45.470323503114578 ], [ 9.073883978901518, 45.470325114201913 ], [ 9.074260021592877, 45.47033622894746 ], [ 9.074724528376247, 45.470487063083638 ], [ 9.074786663908082, 45.470507239075538 ], [ 9.074956826320868, 45.470661502319366 ], [ 9.075132657061602, 45.470818696862843 ], [ 9.075633959013954, 45.471275356027071 ], [ 9.075746596048059, 45.471374152165609 ], [ 9.075791609184323, 45.471413418764065 ], [ 9.075882978624261, 45.47149839315987 ], [ 9.076045139661369, 45.471649776992635 ], [ 9.076162195443141, 45.471728443133465 ], [ 9.076408142333211, 45.471893726879635 ], [ 9.076512577233151, 45.471963910286298 ], [ 9.076691861995826, 45.472049697319918 ], [ 9.076732430444835, 45.4720520625891 ], [ 9.077139551659048, 45.47207653622619 ], [ 9.07744739656053, 45.472025371340521 ], [ 9.077737370107007, 45.471977177376402 ], [ 9.07783250065434, 45.472102942792745 ], [ 9.077707573655305, 45.472192636392656 ], [ 9.077169536682424, 45.472578921313065 ], [ 9.076633311169887, 45.472963937792002 ], [ 9.076536925869839, 45.473033142266615 ], [ 9.074722350575495, 45.474337002180391 ], [ 9.075412920758946, 45.474881293228229 ], [ 9.075546558617278, 45.475010938865125 ], [ 9.07567773950035, 45.475137831610944 ], [ 9.075693308435111, 45.475166370322469 ], [ 9.07571534484071, 45.475207361471114 ], [ 9.075834493647827, 45.475424842629195 ], [ 9.075861409081739, 45.475474725469368 ], [ 9.075727374004911, 45.475696560138474 ], [ 9.075714716686811, 45.475776802295343 ], [ 9.07560635447456, 45.475871308087548 ], [ 9.075600124815185, 45.476029078485347 ], [ 9.075545807280644, 45.476053442793784 ], [ 9.075377617322765, 45.476128179933553 ], [ 9.075361842717566, 45.476357199995711 ], [ 9.075408000664709, 45.476427050141787 ], [ 9.075531792065471, 45.47661438267631 ], [ 9.075512577399238, 45.476686211236881 ], [ 9.075368768345609, 45.476731540706432 ], [ 9.075224891579355, 45.476727114257422 ], [ 9.07525242532555, 45.476875236519028 ], [ 9.075055477585316, 45.47686180132893 ], [ 9.07493898430832, 45.476902593716055 ], [ 9.074924684244571, 45.477019654340673 ], [ 9.075150759195676, 45.47719479735499 ], [ 9.075160663753353, 45.477383657024362 ], [ 9.075267947153952, 45.477457307778437 ], [ 9.075304665410354, 45.477482516562006 ], [ 9.075244201388747, 45.477513826476013 ], [ 9.074965693953317, 45.477658040935282 ], [ 9.074857738181006, 45.47746020117912 ], [ 9.074658539685851, 45.477550798719633 ], [ 9.074478950840863, 45.47755588460199 ], [ 9.074367579640896, 45.477559466720059 ], [ 9.074182111886014, 45.477731502484936 ], [ 9.07390774684511, 45.477861567229141 ], [ 9.073744169718365, 45.477821696948681 ], [ 9.073358511057275, 45.477938998297375 ], [ 9.073273856419153, 45.478123814259156 ], [ 9.073239083945756, 45.478199725426443 ], [ 9.073135322321706, 45.478231459824421 ], [ 9.07297119110016, 45.478281147737924 ], [ 9.072691043526214, 45.478303570948668 ], [ 9.07265288288877, 45.478340275894574 ], [ 9.072503970059135, 45.478483511615551 ], [ 9.072110578078401, 45.478696562686785 ], [ 9.072011621642782, 45.47875015506802 ], [ 9.07198034709165, 45.478788346038691 ], [ 9.071816559021105, 45.478988356997732 ], [ 9.071762475820126, 45.479040581565492 ], [ 9.071413982396757, 45.479377098033311 ], [ 9.070677338779902, 45.480087195667267 ], [ 9.070070282232473, 45.480591970750119 ], [ 9.069942394022998, 45.480515147661002 ], [ 9.069222058698985, 45.481059528723371 ], [ 9.068788367448974, 45.481260700330417 ], [ 9.068009835370324, 45.481695751758018 ], [ 9.06623908551459, 45.482684628641834 ], [ 9.066163524725971, 45.482726914891529 ], [ 9.065967582552519, 45.482815560055627 ], [ 9.065896386474023, 45.482848339279002 ], [ 9.065674630857165, 45.483065119576267 ], [ 9.065759981970219, 45.483190593483862 ], [ 9.065681314473904, 45.483285645112325 ], [ 9.065991187310004, 45.48357647228385 ], [ 9.066020912979186, 45.48360436951004 ], [ 9.06601721976266, 45.483875821472374 ], [ 9.066016429907831, 45.483945649337272 ], [ 9.066014292323095, 45.484134642550124 ], [ 9.06601394325158, 45.484171022743681 ], [ 9.066012387708142, 45.484333576503772 ], [ 9.066010674979948, 45.484512750992529 ], [ 9.066088831099673, 45.484967585718749 ], [ 9.066075681206712, 45.485024149411508 ], [ 9.065799589330464, 45.485816734802604 ], [ 9.065684298330114, 45.486147302072865 ], [ 9.065767500333035, 45.486169296234692 ], [ 9.066372539909271, 45.486329231694398 ], [ 9.066437771697334, 45.486346475095267 ], [ 9.066706703374404, 45.486417477913129 ], [ 9.066806645522449, 45.486443864006048 ], [ 9.066861527837975, 45.486474243204931 ], [ 9.067326229502076, 45.486731471756407 ], [ 9.066968990191004, 45.48770645564111 ], [ 9.066914532933044, 45.48784158859219 ], [ 9.066897812989895, 45.487882055876646 ], [ 9.06687727443477, 45.48793444202304 ], [ 9.066829717595352, 45.488060438316595 ], [ 9.066761756530616, 45.488239150974195 ], [ 9.066700059812444, 45.488402111508869 ], [ 9.066660558156475, 45.488505487618539 ], [ 9.066437033921517, 45.488495841687502 ], [ 9.066264321695952, 45.488488190214028 ], [ 9.066182618322383, 45.488489023381398 ], [ 9.066058677531261, 45.488481685373181 ], [ 9.065888977093053, 45.488472298868288 ], [ 9.065761713728911, 45.488465611437476 ], [ 9.065575650018053, 45.488457559756171 ], [ 9.06546186474988, 45.488450985768715 ], [ 9.065038564004505, 45.488434384606599 ], [ 9.064901821483605, 45.488427224553291 ], [ 9.064909203258836, 45.488513380305349 ], [ 9.064909552526542, 45.488556752167042 ], [ 9.064948193935209, 45.488949166096923 ], [ 9.064985595055118, 45.489453308398446 ], [ 9.065019017157262, 45.489914341891918 ], [ 9.065038577114054, 45.490181537140714 ], [ 9.064660898017486, 45.490189509646065 ], [ 9.063939593912689, 45.490198930322457 ], [ 9.063945294075102, 45.490279371320234 ], [ 9.06395110084369, 45.490361270443351 ], [ 9.062861713380808, 45.490396049807096 ], [ 9.062668353259506, 45.490402102211455 ], [ 9.062707767417027, 45.490150979968256 ], [ 9.062838874839745, 45.490064539171932 ], [ 9.062773362569406, 45.489790760157092 ], [ 9.062936152401196, 45.489430483175866 ], [ 9.062962584058251, 45.48937198542162 ], [ 9.062987464479423, 45.489348945856534 ], [ 9.063107378670155, 45.489236389565946 ], [ 9.063646282116567, 45.488982123940509 ], [ 9.06402639266096, 45.488658078821189 ], [ 9.064132360603784, 45.488574611085035 ], [ 9.064134188100192, 45.488531820373652 ], [ 9.064136720417698, 45.4885034275121 ], [ 9.064145042203505, 45.48846043512809 ], [ 9.064106508418419, 45.488466795372652 ], [ 9.064044313713989, 45.488468318150559 ], [ 9.063158630817695, 45.488652742664165 ], [ 9.063065095817919, 45.488672720196121 ], [ 9.063009457281302, 45.488683826819646 ], [ 9.062750211669188, 45.488733536178707 ], [ 9.062188193131758, 45.488854876641838 ], [ 9.061468567193685, 45.489003561049152 ], [ 9.061424497655802, 45.489014368136516 ], [ 9.06142536607206, 45.48905039298468 ], [ 9.061426162053015, 45.489111609398506 ], [ 9.061426667633006, 45.489150543613775 ], [ 9.061431591181831, 45.489530027760829 ], [ 9.061432945829292, 45.489634256774906 ], [ 9.061439308573743, 45.490123830498753 ], [ 9.061317444744837, 45.490520168954909 ], [ 9.061302601133415, 45.490569970387547 ], [ 9.061305358290641, 45.490609415550473 ], [ 9.061322976930878, 45.490885569488981 ], [ 9.061104355713894, 45.491240249139601 ], [ 9.060914525594251, 45.491546315796093 ], [ 9.061025608401179, 45.49158948452444 ], [ 9.061277254591197, 45.491687890788008 ], [ 9.061825182042268, 45.491902139725937 ], [ 9.061924455223762, 45.491982809152809 ], [ 9.062077695726536, 45.492107329774704 ], [ 9.062135807361788, 45.49215400423747 ], [ 9.062481093926813, 45.491847066658877 ], [ 9.063934886491857, 45.49191891048887 ], [ 9.063718399779733, 45.492777677051407 ], [ 9.063438587128408, 45.493061955794659 ], [ 9.063409021958361, 45.493088006226756 ], [ 9.062991177833883, 45.493449421909077 ], [ 9.062932840868621, 45.493499879384075 ], [ 9.062656759591972, 45.493783470033115 ], [ 9.062547763971137, 45.493895430207452 ], [ 9.062245179042039, 45.494206240311826 ], [ 9.061461610009403, 45.494782530818831 ], [ 9.059999829978848, 45.494215553588262 ], [ 9.059895233670407, 45.494296305543727 ], [ 9.059165959498094, 45.494862071780496 ], [ 9.058772965429815, 45.495631529463758 ], [ 9.05863759949102, 45.495895120978282 ], [ 9.05863091144303, 45.496044925019099 ], [ 9.058615614137766, 45.496376615042081 ], [ 9.058549612746628, 45.496487667168431 ], [ 9.058486861534863, 45.496593299803564 ], [ 9.058461991410793, 45.496696698740728 ], [ 9.058414060108273, 45.496836107728065 ], [ 9.058396113525315, 45.496888268613233 ], [ 9.058376546403068, 45.496945237832456 ], [ 9.058134013071431, 45.497650778163539 ], [ 9.056778138385644, 45.497636064596982 ], [ 9.056556441566325, 45.497633663258007 ], [ 9.055885196838961, 45.499694810438939 ], [ 9.055211729118216, 45.501167312279733 ], [ 9.054280907266532, 45.502717405087957 ], [ 9.054217963007808, 45.50282146375632 ], [ 9.054063889085954, 45.503078220235885 ], [ 9.053653716615367, 45.503759872103586 ], [ 9.053989554757235, 45.50387119736056 ], [ 9.05442711345548, 45.50401623554334 ], [ 9.05390897067676, 45.50480002680407 ], [ 9.05386777443684, 45.504862345746268 ], [ 9.054499995463512, 45.505014296339994 ], [ 9.055271111316635, 45.505199604697872 ], [ 9.055319292990232, 45.505207884014879 ], [ 9.055437712034522, 45.505228072842193 ], [ 9.056138869027054, 45.505347615526311 ], [ 9.056364748877892, 45.505386087626448 ], [ 9.056443699266145, 45.505399576437014 ], [ 9.05666323207711, 45.505437300388586 ], [ 9.056690685984869, 45.50539622812542 ], [ 9.056787425264698, 45.505248647097183 ], [ 9.056827129913522, 45.505234765615754 ], [ 9.056943246606348, 45.50519394438551 ], [ 9.057187432791167, 45.505176637447128 ], [ 9.057267209811933, 45.505170983477342 ], [ 9.057484445707518, 45.505058940841494 ], [ 9.057791604021542, 45.504900645041943 ], [ 9.05793559333719, 45.504721545966461 ], [ 9.058346797861564, 45.504468861319033 ], [ 9.059182284383018, 45.5044642720936 ], [ 9.059226418362496, 45.504383385779185 ], [ 9.059277655731089, 45.504289481028273 ], [ 9.059297985055954, 45.504252225605448 ], [ 9.059335579451355, 45.504277920509161 ], [ 9.059488391262889, 45.504382366640648 ], [ 9.059712166577944, 45.504536055772114 ], [ 9.059795199657604, 45.504355746733019 ], [ 9.059873965560444, 45.504346731349713 ], [ 9.059981074587137, 45.504397859177601 ], [ 9.060325595877432, 45.504562658542341 ], [ 9.060360809557684, 45.504512469450056 ], [ 9.060454098478454, 45.504379509450445 ], [ 9.061898707212656, 45.502320276266353 ], [ 9.062979671209064, 45.502684078225215 ], [ 9.063053252912294, 45.502738315356204 ], [ 9.063125901317873, 45.502780835282223 ], [ 9.063202546126593, 45.502792490771654 ], [ 9.063553685492669, 45.502924901516657 ], [ 9.0643211823873, 45.503214595484451 ], [ 9.064596483662758, 45.503318506707586 ], [ 9.064639562311736, 45.503328565405312 ], [ 9.064787354138574, 45.503362291725516 ], [ 9.064826697718662, 45.503371270535048 ], [ 9.065301759950236, 45.503547058455176 ], [ 9.065339798864674, 45.503561134273433 ], [ 9.065640742868123, 45.503672490239907 ], [ 9.064833069605344, 45.504548755075902 ], [ 9.064800896172128, 45.504596676437693 ], [ 9.065021106805311, 45.504726242262926 ], [ 9.065055973206411, 45.504745940283023 ], [ 9.065255852192118, 45.504858879544493 ], [ 9.065474807597131, 45.504982706087077 ], [ 9.065847779250378, 45.505193644653716 ], [ 9.06729293571915, 45.504934380083583 ], [ 9.067355732648599, 45.504923587625179 ], [ 9.068234127468561, 45.505122732925642 ], [ 9.06850400168894, 45.505183915886924 ], [ 9.068554788152042, 45.505217871876589 ], [ 9.069054882169773, 45.505552239767702 ], [ 9.069210033842412, 45.505798901860402 ], [ 9.070119036751546, 45.506014375434781 ], [ 9.070248553002537, 45.506024799274087 ], [ 9.070451890260674, 45.506041165910737 ], [ 9.070921267865378, 45.50596520028963 ], [ 9.071066009383596, 45.505941774914035 ], [ 9.071821259388996, 45.505932304132017 ], [ 9.071962722180336, 45.505945108315174 ], [ 9.072340874544048, 45.505979333875786 ], [ 9.07250643277299, 45.505990954677621 ], [ 9.07284545051804, 45.506062040510074 ], [ 9.07300575182359, 45.50609357173105 ], [ 9.073009179253791, 45.506067282651614 ], [ 9.073015545004802, 45.506021559162377 ], [ 9.073026329712009, 45.505945175911279 ] ] ] } }
]
}
